run,geometry,n,CV,L_m,seed,e_signed,e_pure_representativeness,e_transport,sd_pred_loglinear,sd_pred_lognormal,sd_pred_mc,z_total_loglinear,z_pure_loglinear,z_total_lognormal,z_pure_lognormal,z_total_mc,z_pure_mc,pit_pure_mc
source_heterogeneity_les_rice_paddy_l100_cv0p5_s0_wind3_n1_op,open_path,1,0.5,100.0,0,0.004103101923173557,-0.004417070629494518,0.008520172552668074,0.08250242573892148,0.0845176434927939,0.08319806003281814,0.049733106468381943,-0.05353867586235968,0.04854728259814051,-0.05226211293824257,0.049317278811009,-0.053091029138806464,0.515
source_heterogeneity_les_rice_paddy_l100_cv0p5_s0_wind3_n1_point,point,1,0.5,100.0,0,0.000290522198257676,-0.1204692365950762,0.12075975879333388,0.18518434994300983,0.191282193970373,0.19055458313435963,0.0015688269464837806,-0.6505368117346331,0.0015188146488045507,-0.6297984882677331,0.0015246140684678751,-0.632203301613237,0.28125
source_heterogeneity_les_rice_paddy_l100_cv0p5_s0_wind3_n2_op,open_path,2,0.5,100.0,0,0.010259674245713514,0.005655450067356644,0.00460422417835687,0.08310680730500773,0.08512159608932464,0.08366930842285188,0.12345167114963038,0.06805038300413528,0.12052962722817424,0.06643966193281838,0.1226217168410511,0.06759288649518728,0.55925
source_heterogeneity_les_rice_paddy_l100_cv0p5_s0_wind3_n2_point,point,2,0.5,100.0,0,0.08566178651179385,-0.0664385845982304,0.15210037111002425,0.10066740254137618,0.10424286974517911,0.10205659249930563,0.8509386787504053,-0.6599811152465457,0.8217519982056655,-0.6373441633047805,0.8393557379683892,-0.6509974806250997,0.268
source_heterogeneity_les_rice_paddy_l100_cv0p5_s0_wind3_n3_op,open_path,3,0.5,100.0,0,0.022390483110294675,-0.0017838784864744666,0.024174361596769143,0.0765457474343384,0.07839385422527313,0.07684001575842433,0.2925111304125866,-0.02330473666097118,0.28561528619262966,-0.02275533591381157,0.29139092293639857,-0.023215488295613623,0.51875
source_heterogeneity_les_rice_paddy_l100_cv0p5_s0_wind3_n3_point,point,3,0.5,100.0,0,0.08882388623620502,-0.06383451143187781,0.1526583976680828,0.08490550218320969,0.08799473432694195,0.08672129583583088,1.046149942609611,-0.7518300909891005,1.0094227446176764,-0.7254355833918708,1.0242453757189522,-0.7360880717548403,0.25075
source_heterogeneity_les_rice_paddy_l100_cv0p5_s0_wind3_n4_op,open_path,4,0.5,100.0,0,0.041354819786593326,0.018483408946655403,0.022871410839937923,0.0743891977792162,0.07616385601025379,0.07460535049026114,0.5559250673643851,0.24846899144568452,0.5429717185146956,0.24267953219394536,0.5543143958822594,0.24774910680257708,0.627
source_heterogeneity_les_rice_paddy_l100_cv0p5_s0_wind3_n4_point,point,4,0.5,100.0,0,-0.0203156130972749,0.05979242996713522,-0.08010804306441012,0.09110440029527267,0.0942850767205037,0.09287253082331157,-0.2229926659023193,0.6563067181535226,-0.21547008077957014,0.634166424283478,-0.21874727561721144,0.6438117862954474,0.76425
source_heterogeneity_les_rice_paddy_l100_cv0p5_s1_wind3_n1_op,open_path,1,0.5,100.0,1,0.05305722564442299,0.04017306120542222,0.01288416443900077,0.08250242573892148,0.0845176434927939,0.08319806003281814,0.6430989776266981,0.4869318792219476,0.6277650849191828,0.4753215961214942,0.6377219087018873,0.4828605521520049,0.715
source_heterogeneity_les_rice_paddy_l100_cv0p5_s1_wind3_n1_point,point,1,0.5,100.0,1,0.13112318739798737,0.04075310739168542,0.09037008000630195,0.18518434994300983,0.191282193970373,0.19055458313435963,0.7080684055555467,0.22006777248848033,0.6854960447510162,0.21305227917867525,0.688113532832389,0.21386579488854637,0.63
source_heterogeneity_les_rice_paddy_l100_cv0p5_s1_wind3_n2_op,open_path,2,0.5,100.0,1,0.06071974791572054,0.0325776520567375,0.028142095858983036,0.08310680730500773,0.08512159608932464,0.08366930842285188,0.7306230366048699,0.3919973960397163,0.7133295274680075,0.38271899909573204,0.7257111246677482,0.3893620333527204,0.67875
source_heterogeneity_les_rice_paddy_l100_cv0p5_s1_wind3_n2_point,point,2,0.5,100.0,1,0.1340166085623276,0.16039295554076682,-0.026376346978439213,0.10066740254137618,0.10424286974517911,0.10205659249930563,1.331281081850148,1.5932958583573498,1.2856189482305136,1.5386467768284406,1.313159740888267,1.5716079835005083,0.9335
source_heterogeneity_les_rice_paddy_l100_cv0p5_s1_wind3_n3_op,open_path,3,0.5,100.0,1,0.06736046403347005,0.03504043715516742,0.032320026878302634,0.0765457474343384,0.07839385422527313,0.07684001575842433,0.8800026950060478,0.4577711803679938,0.8592569494019588,0.44697939017610966,0.8766326160739368,0.45601808913379577,0.704
source_heterogeneity_les_rice_paddy_l100_cv0p5_s1_wind3_n3_point,point,3,0.5,100.0,1,0.1397019162136931,0.03948638214360867,0.10021553407008443,0.08490550218320969,0.08799473432694195,0.08672129583583088,1.6453811899285786,0.4650627006292793,1.5876167736882365,0.4487357390829561,1.6109297591465657,0.45532509360052675,0.70725
source_heterogeneity_les_rice_paddy_l100_cv0p5_s1_wind3_n4_op,open_path,4,0.5,100.0,1,0.0875006037037835,0.03358063816680072,0.05391996553698278,0.0743891977792162,0.07616385601025379,0.07460535049026114,1.1762541647979774,0.4514182054559393,1.1488468190476526,0.44089992190363664,1.17284622522088,0.45011031978442734,0.69975
source_heterogeneity_les_rice_paddy_l100_cv0p5_s1_wind3_n4_point,point,4,0.5,100.0,1,0.010138677497510786,-0.005624037523640175,0.01576271502115096,0.09110440029527267,0.0942850767205037,0.09287253082331157,0.11128636448569953,-0.061731787986227506,0.107532155142278,-0.05964928617825629,0.10916766677543709,-0.06055652272833839,0.52725
source_heterogeneity_les_rice_paddy_l100_cv0p5_s2_wind3_n1_op,open_path,1,0.5,100.0,2,-0.0445457463264106,-0.061266375960482,0.0167206296340714,0.08250242573892148,0.0845176434927939,0.08319806003281814,-0.5399325647390707,-0.7426009042977614,-0.5270585464230155,-0.72489451230033,-0.5354180891818772,-0.7363918814490985,0.23775
source_heterogeneity_les_rice_paddy_l100_cv0p5_s2_wind3_n1_point,point,1,0.5,100.0,2,0.046941178281678785,-0.13879276973479268,0.18573394801647147,0.18518434994300983,0.191282193970373,0.19055458313435963,0.2534835060096863,-0.7494843369728917,0.2454027596993651,-0.7255916865753317,0.2463398020113778,-0.7283622752696018,0.24
source_heterogeneity_les_rice_paddy_l100_cv0p5_s2_wind3_n2_op,open_path,2,0.5,100.0,2,-0.03577969150637994,-0.08400683238974158,0.048227140883361636,0.08310680730500773,0.08512159608932464,0.08366930842285188,-0.4305266038564807,-1.010829739631685,-0.4203362383951724,-0.9869038675166141,-0.4276322128247416,-1.004034023625293,0.14975
source_heterogeneity_les_rice_paddy_l100_cv0p5_s2_wind3_n2_point,point,2,0.5,100.0,2,0.011311130120257952,0.009604117871777045,0.0017070122484809068,0.10066740254137618,0.10424286974517911,0.10205659249930563,0.1123613983743036,0.09540444701381436,0.10850747056281089,0.09213213234875668,0.1108319398409751,0.0941058057747949,0.57225
source_heterogeneity_les_rice_paddy_l100_cv0p5_s2_wind3_n3_op,open_path,3,0.5,100.0,2,-0.030570160755478037,-0.07604309912473314,0.0454729383692551,0.0765457474343384,0.07839385422527313,0.07684001575842433,-0.39937111831981764,-0.9934333607489243,-0.38995608849172547,-0.970013528180604,-0.39784167733107845,-0.9896288850825252,0.15675
source_heterogeneity_les_rice_paddy_l100_cv0p5_s2_wind3_n3_point,point,3,0.5,100.0,2,0.040600772288603655,-0.15096474282050998,0.19156551510911363,0.08490550218320969,0.08799473432694195,0.08672129583583088,0.47818776456907375,-1.778032506005997,0.4614000212530063,-1.7156110984960162,0.4681753414462762,-1.740803586541144,0.02175
source_heterogeneity_les_rice_paddy_l100_cv0p5_s2_wind3_n4_op,open_path,4,0.5,100.0,2,-0.00966646384279976,-0.09469261747794028,0.08502615363514052,0.0743891977792162,0.07616385601025379,0.07460535049026114,-0.12994445606860006,-1.2729350538096098,-0.1269166813389593,-1.2432749920801278,-0.12956797038386147,-1.2692470024693645,0.0895
source_heterogeneity_les_rice_paddy_l100_cv0p5_s2_wind3_n4_point,point,4,0.5,100.0,2,-0.08324893708398902,-0.14828705575050102,0.065038118666512,0.09110440029527267,0.0942850767205037,0.09287253082331157,-0.9137751504227698,-1.627660741631549,-0.8829492426544878,-1.572752135420958,-0.8963784699952748,-1.596672928323819,0.0265
source_heterogeneity_les_rice_paddy_l100_cv0p5_s3_wind3_n1_op,open_path,1,0.5,100.0,3,-0.05178272891029466,-0.05735343887244829,0.005570709962153628,0.08250242573892148,0.0845176434927939,0.08319806003281814,-0.6276509865802109,-0.69517275836159,-0.6126854319442748,-0.6785972313264783,-0.6224030811519949,-0.6893602909710246,0.26025
source_heterogeneity_les_rice_paddy_l100_cv0p5_s3_wind3_n1_point,point,1,0.5,100.0,3,-0.025344628667513365,-0.14480026896452913,0.11945564029701577,0.18518434994300983,0.191282193970373,0.19055458313435963,-0.13686161209256145,-0.7819249791307482,-0.1324986301204748,-0.7569981604610658,-0.13300456095376578,-0.7598886711763357,0.22925
source_heterogeneity_les_rice_paddy_l100_cv0p5_s3_wind3_n2_op,open_path,2,0.5,100.0,3,-0.046723930365992726,-0.04764805629925547,0.0009241259332627427,0.08310680730500773,0.08512159608932464,0.08366930842285188,-0.5622154415644036,-0.573335179684906,-0.5489080622614467,-0.5597646013269617,-0.5584357185057289,-0.5694806996425676,0.30325
source_heterogeneity_les_rice_paddy_l100_cv0p5_s3_wind3_n2_point,point,2,0.5,100.0,3,-0.03608537044976964,-0.03956945059091296,0.0034840801411433267,0.10066740254137618,0.10424286974517911,0.10205659249930563,-0.3584613245080787,-0.3930711391371122,-0.34616631850197566,-0.37958903748179784,-0.35358196434017874,-0.3877206716575628,0.3685
source_heterogeneity_les_rice_paddy_l100_cv0p5_s3_wind3_n3_op,open_path,3,0.5,100.0,3,-0.034663711975243705,-0.04339950606944555,0.008735794094201846,0.0765457474343384,0.07839385422527313,0.07684001575842433,-0.4528496113383508,-0.5669747507093588,-0.44217384535825754,-0.553608525800153,-0.4511153678601811,-0.5648034509244287,0.3075
source_heterogeneity_les_rice_paddy_l100_cv0p5_s3_wind3_n3_point,point,3,0.5,100.0,3,0.023941956341388706,-0.038773360605703716,0.06271531694709243,0.08490550218320969,0.08799473432694195,0.08672129583583088,0.28198356673901515,-0.4566648757584436,0.27208396643863986,-0.44063273674584197,0.2760793195100821,-0.44710310462961994,0.35325
source_heterogeneity_les_rice_paddy_l100_cv0p5_s3_wind3_n4_op,open_path,4,0.5,100.0,3,-0.019655313884464596,-0.046273301550552925,0.02661798766608833,0.0743891977792162,0.07616385601025379,0.07460535049026114,-0.26422268919743813,-0.6220432930045839,-0.2580661604346613,-0.6075493544381897,-0.2634571616553208,-0.620241058402284,0.2845
source_heterogeneity_les_rice_paddy_l100_cv0p5_s3_wind3_n4_point,point,4,0.5,100.0,3,-0.08282453237801386,-0.023366389838411897,-0.059458142539601966,0.09110440029527267,0.0942850767205037,0.09287253082331157,-0.9091167068722975,-0.25647926733155124,-0.8784479501834296,-0.2478270225910579,-0.8918087150611428,-0.2515963507322317,0.4385
source_heterogeneity_les_rice_paddy_l100_cv0p5_s4_wind3_n1_op,open_path,1,0.5,100.0,4,0.027984181840653134,0.003595989300643209,0.024388192540009925,0.08250242573892148,0.0845176434927939,0.08319806003281814,0.33919223089523376,0.043586467530332976,0.3311046153699151,0.04254720259622251,0.3363561822188468,0.043222033052510385,0.548
source_heterogeneity_les_rice_paddy_l100_cv0p5_s4_wind3_n1_point,point,1,0.5,100.0,4,0.14792414850040458,-0.04595904285565941,0.193883191356064,0.18518434994300983,0.191282193970373,0.19055458313435963,0.7987940047089723,-0.24817995078851549,0.7733294219916571,-0.24026827537736126,0.7762822917573364,-0.2411857122494597,0.4425
source_heterogeneity_les_rice_paddy_l100_cv0p5_s4_wind3_n2_op,open_path,2,0.5,100.0,4,0.0321073936195854,-0.003472644948818656,0.035580038568404054,0.08310680730500773,0.08512159608932464,0.08366930842285188,0.38633891327035397,-0.04178532495026321,0.3771944499947187,-0.040796285647352555,0.3837415920461485,-0.041504406027458,0.513
source_heterogeneity_les_rice_paddy_l100_cv0p5_s4_wind3_n2_point,point,2,0.5,100.0,4,0.06617528740882446,-0.1648527749435134,0.23102806235233786,0.10066740254137618,0.10424286974517911,0.10205659249930563,0.6573655993719038,-1.6375983762544766,0.634818358038199,-1.5814297452333645,0.6484175670403135,-1.615307457425007,0.035
source_heterogeneity_les_rice_paddy_l100_cv0p5_s4_wind3_n3_op,open_path,3,0.5,100.0,4,0.03550526457237205,-0.008444991167044596,0.04395025573941665,0.0765457474343384,0.07839385422527313,0.07684001575842433,0.46384372434051635,-0.11032606578554585,0.4529087761183915,-0.107725168643667,0.4620673775496908,-0.10990355849996987,0.486
source_heterogeneity_les_rice_paddy_l100_cv0p5_s4_wind3_n3_point,point,3,0.5,100.0,4,0.08783791483730974,-0.07787895737712242,0.16571687221443215,0.08490550218320969,0.08799473432694195,0.08672129583583088,1.0345373689419146,-0.9172427625370456,0.9982178537064553,-0.8850411103892347,1.0128759492200472,-0.8980372886096214,0.196
source_heterogeneity_les_rice_paddy_l100_cv0p5_s4_wind3_n4_op,open_path,4,0.5,100.0,4,0.05157148421854997,-0.0217246245326453,0.07329610875119527,0.0743891977792162,0.07616385601025379,0.07460535049026114,0.693265766511044,-0.29204004319448384,0.6771123065461261,-0.28523535533338223,0.6912571803450214,-0.2911939209437961,0.4165
source_heterogeneity_les_rice_paddy_l100_cv0p5_s4_wind3_n4_point,point,4,0.5,100.0,4,-0.02872345708593941,0.03575633905770306,-0.06447979614364246,0.09110440029527267,0.0942850767205037,0.09287253082331157,-0.31528067791287406,0.39247653177909597,-0.3046447866939378,0.379236463514775,-0.30927828531544277,0.3850044651601979,0.68775
source_heterogeneity_les_rice_paddy_l100_cv0p5_s5_wind3_n1_op,open_path,1,0.5,100.0,5,-0.0540584937991532,-0.0681925194485428,0.014134025649389592,0.08250242573892148,0.0845176434927939,0.08319806003281814,-0.6552352044801815,-0.8265516903022668,-0.6396119385860812,-0.806843596560486,-0.6497566623287778,-0.8196407394793065,0.2065
source_heterogeneity_les_rice_paddy_l100_cv0p5_s5_wind3_n1_point,point,1,0.5,100.0,5,-0.05341463058709262,-0.10760704640381656,0.05419241581672394,0.18518434994300983,0.191282193970373,0.19055458313435963,-0.2884403061248474,-0.5810806714332634,-0.27924517948265387,-0.562556525363168,-0.2803114451958895,-0.5647045829800014,0.3115
source_heterogeneity_les_rice_paddy_l100_cv0p5_s5_wind3_n2_op,open_path,2,0.5,100.0,5,-0.041707519377771195,-0.05893767791316761,0.017230158535396417,0.08310680730500773,0.08512159608932464,0.08366930842285188,-0.5018544296221332,-0.7091799074516514,-0.48997576753617594,-0.6923939472577532,-0.498480508133135,-0.7044121557131273,0.253
source_heterogeneity_les_rice_paddy_l100_cv0p5_s5_wind3_n2_point,point,2,0.5,100.0,5,-0.0003786276534196729,0.0029563521228382966,-0.0033349797762579694,0.10066740254137618,0.10424286974517911,0.10205659249930563,-0.0037611743609263174,0.029367521642601046,-0.003632168361684835,0.028360233463114327,-0.003709977416914532,0.028967772198140077,0.543
source_heterogeneity_les_rice_paddy_l100_cv0p5_s5_wind3_n3_op,open_path,3,0.5,100.0,5,-0.0332281293530317,-0.05510422696415135,0.021876097611119645,0.0765457474343384,0.07839385422527313,0.07684001575842433,-0.434095040766766,-0.7198861963092101,-0.4238614070121762,-0.7029151393144092,-0.43243262023132456,-0.7171293032707377,0.24825
source_heterogeneity_les_rice_paddy_l100_cv0p5_s5_wind3_n3_point,point,3,0.5,100.0,5,0.022299847935487737,-0.061331488197868246,0.08363133613335598,0.08490550218320969,0.08799473432694195,0.08672129583583088,0.262643142812688,-0.7223499846397083,0.25342252699614143,-0.6969904354730231,0.25714385054511657,-0.7072252277453601,0.26
source_heterogeneity_les_rice_paddy_l100_cv0p5_s5_wind3_n4_op,open_path,4,0.5,100.0,5,-0.008187384024553029,-0.054099718306735226,0.04591233428218219,0.0743891977792162,0.07616385601025379,0.07460535049026114,-0.11006146415038401,-0.7272523420309057,-0.10749697367542392,-0.7103069768349424,-0.10974258509276485,-0.7251452871841587,0.24375
source_heterogeneity_les_rice_paddy_l100_cv0p5_s5_wind3_n4_point,point,4,0.5,100.0,5,-0.06167344518582715,-0.08798200541524448,0.026308560229417327,0.09110440029527267,0.0942850767205037,0.09287253082331157,-0.6769535278860437,-0.9657272879256282,-0.6541167205988532,-0.9331487916805341,-0.6640655168874405,-0.9473415296782293,0.16875
source_heterogeneity_les_rice_paddy_l100_cv0p5_s6_wind3_n1_op,open_path,1,0.5,100.0,6,-0.04408876158995085,-0.08980708905392992,0.045718327463979073,0.08250242573892148,0.0845176434927939,0.08319806003281814,-0.5343935186762813,-1.0885387702189995,-0.5216515720023586,-1.0625839214457866,-0.5299253561027707,-1.079437297197853,0.12925
source_heterogeneity_les_rice_paddy_l100_cv0p5_s6_wind3_n1_point,point,1,0.5,100.0,6,-0.09443023925276298,-0.2973564427784816,0.20292620352571863,0.18518434994300983,0.191282193970373,0.19055458313435963,-0.5099255918862675,-1.60573203334943,-0.4936697833327285,-1.5545432463229591,-0.4955548048203092,-1.5604790915410112,0.0315
source_heterogeneity_les_rice_paddy_l100_cv0p5_s6_wind3_n2_op,open_path,2,0.5,100.0,6,-0.0416064946818927,-0.08408615485133605,0.04247966016944335,0.08310680730500773,0.08512159608932464,0.08366930842285188,-0.5006388288891184,-1.0117842037022797,-0.48878893950991953,-0.9878357398643933,-0.49727307977281043,-1.0049820709211257,0.14975
source_heterogeneity_les_rice_paddy_l100_cv0p5_s6_wind3_n2_point,point,2,0.5,100.0,6,0.07099596746158796,0.05138848767742439,0.019607479784163565,0.10066740254137618,0.10424286974517911,0.10205659249930563,0.7052527995088309,0.5104779340691021,0.6810630562563852,0.4929688505606489,0.6956529286637804,0.5035293303347751,0.71975
source_heterogeneity_les_rice_paddy_l100_cv0p5_s6_wind3_n3_op,open_path,3,0.5,100.0,6,-0.01865092209961235,-0.05814931156777031,0.039498389468157966,0.0765457474343384,0.07839385422527313,0.07684001575842433,-0.24365719487697565,-0.7596674344012552,-0.23791306453713743,-0.7417585490907493,-0.2427240795765657,-0.7567581942016341,0.232
source_heterogeneity_les_rice_paddy_l100_cv0p5_s6_wind3_n3_point,point,3,0.5,100.0,6,0.03740590697750562,-0.07784689936740913,0.11525280634491475,0.08490550218320969,0.08799473432694195,0.08672129583583088,0.44055928079656004,-0.9168651897191602,0.4250925610903606,-0.8846767930245822,0.43133473291632385,-0.8976676215122342,0.1965
source_heterogeneity_les_rice_paddy_l100_cv0p5_s6_wind3_n4_op,open_path,4,0.5,100.0,6,-0.009224631557251433,-0.06730695674831073,0.0580823251910593,0.0743891977792162,0.07616385601025379,0.07460535049026114,-0.12400498772186959,-0.904794765337768,-0.12111560575411964,-0.8837125675366191,-0.1236457103496297,-0.9021733200904521,0.1865
source_heterogeneity_les_rice_paddy_l100_cv0p5_s6_wind3_n4_point,point,4,0.5,100.0,6,-0.07229888984228891,-0.04674417676537776,-0.02555471307691115,0.09110440029527267,0.0942850767205037,0.09287253082331157,-0.7935828522877664,-0.5130836338736459,-0.7668115926405821,-0.4957749242114425,-0.7784744229683622,-0.50331541900487,0.32875
source_heterogeneity_les_rice_paddy_l100_cv0p5_s7_wind3_n1_op,open_path,1,0.5,100.0,7,0.009088687042764871,-0.02666295240762022,0.03575163945038509,0.08250242573892148,0.0845176434927939,0.08319806003281814,0.1101626644472973,-0.3231777995473127,0.10753597316683097,-0.3154720281557961,0.10924157413261518,-0.32047565047914345,0.40675
source_heterogeneity_les_rice_paddy_l100_cv0p5_s7_wind3_n1_point,point,1,0.5,100.0,7,-0.019521790632154697,-0.1559183958233339,0.1363966051911792,0.18518434994300983,0.191282193970373,0.19055458313435963,-0.10541814488191088,-0.8419631349588532,-0.10205754245572046,-0.8151223727990256,-0.1024472374846525,-0.8182348241574234,0.21075
source_heterogeneity_les_rice_paddy_l100_cv0p5_s7_wind3_n2_op,open_path,2,0.5,100.0,7,0.01953192326812117,-0.04506768073115759,0.06459960399927876,0.08310680730500773,0.08512159608932464,0.08366930842285188,0.23502194226325723,-0.542286272239482,0.2294590816603676,-0.5294506071510291,0.23344191121324703,-0.5386405311657703,0.315
source_heterogeneity_les_rice_paddy_l100_cv0p5_s7_wind3_n2_point,point,2,0.5,100.0,7,0.12249817522540464,0.180636471745713,-0.05813829652030837,0.10066740254137618,0.10424286974517911,0.10205659249930563,1.216860395052466,1.7943889202015324,1.1751228215881862,1.7328424686242567,1.2002965435695698,1.769963775215619,0.9545
source_heterogeneity_les_rice_paddy_l100_cv0p5_s7_wind3_n3_op,open_path,3,0.5,100.0,7,0.03457208518346764,-0.030532986874390464,0.06510507205785811,0.0765457474343384,0.07839385422527313,0.07684001575842433,0.45165259132290625,-0.398885475650779,0.4410050446572132,-0.3894818946731546,0.44992293198062416,-0.3973578944905798,0.374
source_heterogeneity_les_rice_paddy_l100_cv0p5_s7_wind3_n3_point,point,3,0.5,100.0,7,0.10712554577135827,-0.0009257933172550003,0.10805133908861327,0.08490550218320969,0.08799473432694195,0.08672129583583088,1.2617032231927916,-0.01090380827448988,1.217408593715805,-0.010521008152774703,1.235285344146079,-0.010675501424789454,0.532
source_heterogeneity_les_rice_paddy_l100_cv0p5_s7_wind3_n4_op,open_path,4,0.5,100.0,7,0.053961953322288495,-0.030569892357063592,0.08453184567935208,0.0743891977792162,0.07616385601025379,0.07460535049026114,0.7254003932458736,-0.41094531557920094,0.7084981794386002,-0.4013700718218367,0.7232987040163105,-0.4097546912678084,0.3705
source_heterogeneity_les_rice_paddy_l100_cv0p5_s7_wind3_n4_point,point,4,0.5,100.0,7,-0.007785785431947823,-0.09550322711643464,0.08771744168448681,0.09110440029527267,0.0942850767205037,0.09287253082331157,-0.08546003713008164,-1.0482833628991048,-0.08257707054773694,-1.0129198642913766,-0.08383302751553254,-1.028325881396814,0.144
source_heterogeneity_les_rice_paddy_l100_cv0p5_s8_wind3_n1_op,open_path,1,0.5,100.0,8,-0.09963198466305273,-0.1314473120157624,0.03181532735270967,0.08250242573892148,0.0845176434927939,0.08319806003281814,-1.2076249124884844,-1.5932539054272994,-1.1788306032402276,-1.5552647540033435,-1.1975277383120724,-1.5799324162596093,0.0405
source_heterogeneity_les_rice_paddy_l100_cv0p5_s8_wind3_n1_point,point,1,0.5,100.0,8,-0.10583013186623576,-0.11138194302678257,0.005551811160546816,0.18518434994300983,0.191282193970373,0.19055458313435963,-0.5714852896522022,-0.6014652051378001,-0.5532670326994859,-0.5822912248906666,-0.5553796194532626,-0.5845146371958285,0.30425
source_heterogeneity_les_rice_paddy_l100_cv0p5_s8_wind3_n2_op,open_path,2,0.5,100.0,8,-0.08799202871697888,-0.1333428760698382,0.04535084735285931,0.08310680730500773,0.08512159608932464,0.08366930842285188,-1.0587824459919637,-1.6044759796927417,-1.0337215555103323,-1.566498775820783,-1.0516643483208996,-1.5936892342403943,0.03875
source_heterogeneity_les_rice_paddy_l100_cv0p5_s8_wind3_n2_point,point,2,0.5,100.0,8,-0.01828321470562432,-0.0968546417575092,0.07857142705188488,0.10066740254137618,0.10424286974517911,0.10205659249930563,-0.18162001049058135,-0.9621251697410205,-0.17539055429227432,-0.929124859995409,-0.17914780670096067,-0.9490287632145682,0.16925
source_heterogeneity_les_rice_paddy_l100_cv0p5_s8_wind3_n3_op,open_path,3,0.5,100.0,8,-0.0762032059835958,-0.1237095303179723,0.0475063243343765,0.0765457474343384,0.07839385422527313,0.07684001575842433,-0.9955250100466204,-1.6161515755541012,-0.9720558676017859,-1.5780513860497243,-0.9917125241510805,-1.6099623236270542,0.03825
source_heterogeneity_les_rice_paddy_l100_cv0p5_s8_wind3_n3_point,point,3,0.5,100.0,8,-0.01749581224562152,-0.04000033670782951,0.02250452446220799,0.08490550218320969,0.08799473432694195,0.08672129583583088,-0.20606217260065116,-0.47111595455282157,-0.1988279455520182,-0.45457648135182027,-0.20174758779829863,-0.46125160287679257,0.34725
source_heterogeneity_les_rice_paddy_l100_cv0p5_s8_wind3_n4_op,open_path,4,0.5,100.0,8,-0.0556279367185436,-0.11964867974329407,0.06402074302475047,0.0743891977792162,0.07616385601025379,0.07460535049026114,-0.7477958948239343,-1.6084147069095434,-0.7303718539546439,-1.5709377913742446,-0.7456293195191835,-1.6037546765350672,0.039
source_heterogeneity_les_rice_paddy_l100_cv0p5_s8_wind3_n4_point,point,4,0.5,100.0,8,-0.11027362238115083,-0.14821876592304,0.03794514354188917,0.09110440029527267,0.0942850767205037,0.09287253082331157,-1.2104093987090636,-1.6269111639246578,-1.1695766309661408,-1.5720278444744336,-1.1873653210866468,-1.5959376212652558,0.02675
source_heterogeneity_les_rice_paddy_l100_cv0p5_s9_wind3_n1_op,open_path,1,0.5,100.0,9,-0.006213203939313044,-0.014092212168229996,0.007879008228916951,0.08250242573892148,0.0845176434927939,0.08319806003281814,-0.07530934858781846,-0.1708096706492574,-0.07351369113648785,-0.1667369271770044,-0.07467967326235966,-0.16938149955264833,0.47
source_heterogeneity_les_rice_paddy_l100_cv0p5_s9_wind3_n1_point,point,1,0.5,100.0,9,0.04881755223009611,0.13877403574857494,-0.08995648351847883,0.18518434994300983,0.191282193970373,0.19055458313435963,0.26361597103167533,0.7493831729910352,0.25521221404255373,0.725493747578351,0.2561867126317028,0.728263962303786,0.78725
source_heterogeneity_les_rice_paddy_l100_cv0p5_s9_wind3_n2_op,open_path,2,0.5,100.0,9,0.008114248484100382,-0.017272535540996885,0.025386784025097267,0.08310680730500773,0.08512159608932464,0.08366930842285188,0.09763638800754948,-0.20783538799181017,0.09532537989049779,-0.20291602054631921,0.09697998748946522,-0.20643812966284045,0.45825
source_heterogeneity_les_rice_paddy_l100_cv0p5_s9_wind3_n2_point,point,2,0.5,100.0,9,0.04471490178878582,-0.011832557059384949,0.05654745884817077,0.10066740254137618,0.10424286974517911,0.10205659249930563,0.44418451911885937,-0.11754109831652353,0.42894925953296426,-0.11350950993875689,0.43813829850423486,-0.11594113392983854,0.4845
source_heterogeneity_les_rice_paddy_l100_cv0p5_s9_wind3_n3_op,open_path,3,0.5,100.0,9,0.011056413698109249,-0.024455513458202294,0.035511927156311546,0.0765457474343384,0.07839385422527313,0.07684001575842433,0.14444190655520786,-0.31948885833508184,0.14103674079268333,-0.3119570239259669,0.14388874844676333,-0.31826533632017273,0.40975
source_heterogeneity_les_rice_paddy_l100_cv0p5_s9_wind3_n3_point,point,3,0.5,100.0,9,0.08462466372640765,0.0847973851369401,-0.00017272141053245593,0.08490550218320969,0.08799473432694195,0.08672129583583088,0.996692340901582,0.9987266190825149,0.961701451498076,0.9636643122516605,0.9758233304839875,0.9778150144050791,0.846
source_heterogeneity_les_rice_paddy_l100_cv0p5_s9_wind3_n4_op,open_path,4,0.5,100.0,9,0.03734636809821401,-0.01483717571920578,0.05218354381741979,0.0743891977792162,0.07616385601025379,0.07460535049026114,0.5020402049375012,-0.19945336368919922,0.49034240195488715,-0.1948059945547962,0.5005856530771093,-0.19887549112369093,0.45475
source_heterogeneity_les_rice_paddy_l100_cv0p5_s9_wind3_n4_point,point,4,0.5,100.0,9,-0.024889172333714047,-0.06112611180696147,0.03623693947324742,0.09110440029527267,0.0942850767205037,0.09287253082331157,-0.2731939648693953,-0.6709457678097822,-0.26397785523890366,-0.6483116303565428,-0.26799282966742105,-0.6581721340538557,0.2655
source_heterogeneity_les_rice_paddy_l100_cv0p5_s10_wind3_n1_op,open_path,1,0.5,100.0,10,-0.046257063378455525,-0.0883690161486863,0.04211195277023077,0.08250242573892148,0.0845176434927939,0.08319806003281814,-0.5606751918402468,-1.0711080960010753,-0.5473065914621658,-1.0455688599058108,-0.555987283359841,-1.062152364055465,0.13425
source_heterogeneity_les_rice_paddy_l100_cv0p5_s10_wind3_n1_point,point,1,0.5,100.0,10,0.028477071685107658,0.12931767089028973,-0.10084059920518207,0.18518434994300983,0.191282193970373,0.19055458313435963,0.15377688068063758,0.6983185724392316,0.1488746604899271,0.6760570244730635,0.1494431213183077,0.6786384707373221,0.7765
source_heterogeneity_les_rice_paddy_l100_cv0p5_s10_wind3_n2_op,open_path,2,0.5,100.0,10,-0.03148494716616274,-0.10044034255782809,0.06895539539166534,0.08310680730500773,0.08512159608932464,0.08366930842285188,-0.3788491964395986,-1.2085693797525525,-0.3698820112950322,-1.1799631018716839,-0.3763022278975062,-1.2004442782079419,0.096
source_heterogeneity_les_rice_paddy_l100_cv0p5_s10_wind3_n2_point,point,2,0.5,100.0,10,0.042796877056418894,-0.16967397568801573,0.2124708527444346,0.10066740254137618,0.10424286974517911,0.10205659249930563,0.42513143257896796,-1.6854907487880852,0.41054968230475164,-1.6276794384381632,0.4193445617607709,-1.6625479210387135,0.0305
source_heterogeneity_les_rice_paddy_l100_cv0p5_s10_wind3_n3_op,open_path,3,0.5,100.0,10,-0.03214504066905281,-0.10910333553525223,0.07695829486619941,0.0765457474343384,0.07839385422527313,0.07684001575842433,-0.4199454802714822,-1.4253350341747204,-0.4100454172935623,-1.3917332756944456,-0.4183372472243227,-1.4198765377438214,0.06125
source_heterogeneity_les_rice_paddy_l100_cv0p5_s10_wind3_n3_point,point,3,0.5,100.0,10,0.034921999771867836,-0.0383957552689792,0.07331775504084703,0.08490550218320969,0.08799473432694195,0.08672129583583088,0.4113043192008087,-0.45221751572858687,0.39686465376571434,-0.43634151023538353,0.40269231951950396,-0.4427488646118122,0.35525
source_heterogeneity_les_rice_paddy_l100_cv0p5_s10_wind3_n4_op,open_path,4,0.5,100.0,10,-0.004424953332820459,-0.10199769315075063,0.09757273981793017,0.0743891977792162,0.07616385601025379,0.07460535049026114,-0.05948381572756736,-1.3711358126683288,-0.058097811279732695,-1.3391876211863392,-0.05931147436132058,-1.3671632460739562,0.069
source_heterogeneity_les_rice_paddy_l100_cv0p5_s10_wind3_n4_point,point,4,0.5,100.0,10,-0.06702644165777677,-0.16299150062693996,0.09596505896916319,0.09110440029527267,0.0942850767205037,0.09287253082331157,-0.7357102559321135,-1.789062878397515,-0.7108913095172873,-1.7287094235507476,-0.7217036196127082,-1.7550022507411642,0.01425
source_heterogeneity_les_rice_paddy_l100_cv0p5_s11_wind3_n1_op,open_path,1,0.5,100.0,11,0.11120245496039968,0.10381681964749243,0.007385635312907257,0.08250242573892148,0.0845176434927939,0.08319806003281814,1.3478689137250255,1.2583486936010855,1.315730661253954,1.2283449390817907,1.336599133640075,1.2478274085542505,0.89375
source_heterogeneity_les_rice_paddy_l100_cv0p5_s11_wind3_n1_point,point,1,0.5,100.0,11,0.21486612913072486,0.4125886784330344,-0.1977225493023095,0.18518434994300983,0.191282193970373,0.19055458313435963,1.1602823305362984,2.2279889124540375,1.1232939390270937,2.1569633318663146,1.1275831081912273,2.165199449136938,0.96675
source_heterogeneity_les_rice_paddy_l100_cv0p5_s11_wind3_n2_op,open_path,2,0.5,100.0,11,0.12027473604149093,0.11804391771464576,0.0022308183268451715,0.08310680730500773,0.08512159608932464,0.08366930842285188,1.4472308579978812,1.4203880709965961,1.4129755733818408,1.3867681427257683,1.4375012571353025,1.4108389317391017,0.917
source_heterogeneity_les_rice_paddy_l100_cv0p5_s11_wind3_n2_point,point,2,0.5,100.0,11,0.1692563634588484,0.04929418098323131,0.11996218247561709,0.10066740254137618,0.10424286974517911,0.10205659249930563,1.68134231326055,0.4896737150138594,1.623673291732991,0.47287820360021315,1.658455953837573,0.4830082974166191,0.71375
source_heterogeneity_les_rice_paddy_l100_cv0p5_s11_wind3_n3_op,open_path,3,0.5,100.0,11,0.12022491706568748,0.1083265735960263,0.01189834346966119,0.0765457474343384,0.07839385422527313,0.07684001575842433,1.570628298702256,1.415187351706896,1.5336013040028407,1.3818248211746076,1.5646133837824814,1.409767717078454,0.91525
source_heterogeneity_les_rice_paddy_l100_cv0p5_s11_wind3_n3_point,point,3,0.5,100.0,11,0.18706257131058626,0.2614734662267347,-0.07441089491614841,0.08490550218320969,0.08799473432694195,0.08672129583583088,2.203185500357107,3.0795821178058094,2.1258382418152495,2.9714671931986,2.1570546139521256,3.015101004967928,0.99475
source_heterogeneity_les_rice_paddy_l100_cv0p5_s11_wind3_n4_op,open_path,4,0.5,100.0,11,0.14479844759368385,0.1170176706221702,0.027780776971513654,0.0743891977792162,0.07616385601025379,0.07460535049026114,1.9464983077709637,1.573046545944391,1.9011438650662582,1.5363937273136006,1.940858753992257,1.568488987092762,0.932
source_heterogeneity_les_rice_paddy_l100_cv0p5_s11_wind3_n4_point,point,4,0.5,100.0,11,0.07131163611734848,0.09213132914633783,-0.020819693028989353,0.09110440029527267,0.0942850767205037,0.09287253082331157,0.7827463425062332,1.011272000559104,0.7563406489952051,0.9771570682330738,0.7678442213771225,0.9920191506530186,0.84475
source_heterogeneity_les_rice_paddy_l100_cv0p5_s12_wind3_n1_op,open_path,1,0.5,100.0,12,0.0633344807252559,0.04372062211123126,0.019613858614024635,0.08250242573892148,0.0845176434927939,0.08319806003281814,0.7676681037922151,0.5299313531651173,0.7493640156999394,0.5172958012602297,0.7612494894745515,0.52550049957878,0.73225
source_heterogeneity_les_rice_paddy_l100_cv0p5_s12_wind3_n1_point,point,1,0.5,100.0,12,0.17647278759314977,0.23437748663980215,-0.05790469904665238,0.18518434994300983,0.191282193970373,0.19055458313435963,0.9529573511339321,1.2656441362994844,0.9225782281673484,1.2252969383867691,0.9261009873938282,1.229975594313274,0.88775
source_heterogeneity_les_rice_paddy_l100_cv0p5_s12_wind3_n2_op,open_path,2,0.5,100.0,12,0.07187502297660502,0.0486332387833968,0.023241784193208215,0.08310680730500773,0.08512159608932464,0.08366930842285188,0.8648512114394998,0.5851895934939415,0.84438058352643,0.5713384266474774,0.8590368957438927,0.5812554173103937,0.74375
source_heterogeneity_les_rice_paddy_l100_cv0p5_s12_wind3_n2_point,point,2,0.5,100.0,12,0.09519891981531556,-0.10726795049534012,0.2024668703106557,0.10066740254137618,0.10424286974517911,0.10205659249930563,0.9456777210099071,-1.0655678778564985,0.9132415487795815,-1.0290195459656453,0.9328051964498352,-1.0510634136258268,0.1385
source_heterogeneity_les_rice_paddy_l100_cv0p5_s12_wind3_n3_op,open_path,3,0.5,100.0,12,0.07170889561681877,0.03315065700993788,0.038558238606880894,0.0765457474343384,0.07839385422527313,0.07684001575842433,0.9368109662568948,0.4330829356441362,0.9147259861819727,0.4228731619021552,0.9332233330386451,0.4314243910901777,0.69375
source_heterogeneity_les_rice_paddy_l100_cv0p5_s12_wind3_n3_point,point,3,0.5,100.0,12,0.13896960592809832,0.08703046755477817,0.05193913837332015,0.08490550218320969,0.08799473432694195,0.08672129583583088,1.6367561860505662,1.0250274165622766,1.579294567919947,0.9890417673337012,1.6024853479032062,1.0035651187631303,0.85225
source_heterogeneity_les_rice_paddy_l100_cv0p5_s12_wind3_n4_op,open_path,4,0.5,100.0,12,0.09460427581885959,0.039069431642579575,0.05553484417628002,0.0743891977792162,0.07616385601025379,0.07460535049026114,1.271747493495505,0.5252030242151003,1.2421151025510475,0.5129655152611986,1.2680628828519354,0.52368136314405,0.7255
source_heterogeneity_les_rice_paddy_l100_cv0p5_s12_wind3_n4_point,point,4,0.5,100.0,12,0.02131358482441636,0.036309783552804176,-0.014996198728387814,0.09110440029527267,0.0942850767205037,0.09287253082331157,0.23394682095857344,0.39855137002299396,0.22605470097455418,0.38510636906453377,0.2294928827229345,0.39096364911044507,0.68975
source_heterogeneity_les_rice_paddy_l100_cv0p5_s13_wind3_n1_op,open_path,1,0.5,100.0,13,0.08350194666739051,0.08987115879973676,-0.006369212132346244,0.08250242573892148,0.0845176434927939,0.08319806003281814,1.0121150489760387,1.089315350364771,0.987982428479682,1.0633419850069448,1.003652568755239,1.0802073842140834,0.868
source_heterogeneity_les_rice_paddy_l100_cv0p5_s13_wind3_n1_point,point,1,0.5,100.0,13,0.16953823365919143,-0.07830790622232728,0.2478461398815187,0.18518434994300983,0.191282193970373,0.19055458313435963,0.9155105909941447,-0.4228646008500524,0.8863252252609074,-0.4093841909532683,0.8897095565507883,-0.4109473775664191,0.376
source_heterogeneity_les_rice_paddy_l100_cv0p5_s13_wind3_n2_op,open_path,2,0.5,100.0,13,0.08977657875611401,0.09481173301633056,-0.005035154260216543,0.08310680730500773,0.08512159608932464,0.08366930842285188,1.080255416702843,1.1408419609763727,1.0546862709423885,1.1138387597530164,1.0729929582111153,1.1331721846817064,0.87275
source_heterogeneity_les_rice_paddy_l100_cv0p5_s13_wind3_n2_point,point,2,0.5,100.0,13,0.13414975596919954,0.1687625010090632,-0.03461274503986367,0.10066740254137618,0.10424286974517911,0.10205659249930563,1.3326037285412373,1.6764364307472686,1.2868962289423496,1.6189356780142548,1.314464383769351,1.6536168499865547,0.9435
source_heterogeneity_les_rice_paddy_l100_cv0p5_s13_wind3_n3_op,open_path,3,0.5,100.0,13,0.09508585377416649,0.09199698173639875,0.0030888720377677398,0.0765457474343384,0.07839385422527313,0.07684001575842433,1.242209488590231,1.201856207822839,1.2129248486868258,1.1735228819345402,1.2374522940378467,1.1972535511396312,0.887
source_heterogeneity_les_rice_paddy_l100_cv0p5_s13_wind3_n3_point,point,3,0.5,100.0,13,0.16180001666147045,-0.006362556397709274,0.16816257305917973,0.08490550218320969,0.08799473432694195,0.08672129583583088,1.90564819123662,-0.0749369149714244,1.8387465784066925,-0.07230610384104776,1.8657472204724492,-0.07336786583256334,0.50825
source_heterogeneity_les_rice_paddy_l100_cv0p5_s13_wind3_n4_op,open_path,4,0.5,100.0,13,0.11349365421432543,0.08362500007896856,0.029868654135356873,0.0743891977792162,0.07616385601025379,0.07460535049026114,1.525673855916144,1.1241551539131234,1.4901248460824517,1.0979617427419943,1.5212535490888246,1.1208981598429033,0.87275
source_heterogeneity_les_rice_paddy_l100_cv0p5_s13_wind3_n4_point,point,4,0.5,100.0,13,0.03325435292561997,0.12479348335719345,-0.09153913043157348,0.09110440029527267,0.0942850767205037,0.09287253082331157,0.36501368559412506,1.3697854653862298,0.3527000675218024,1.323576197823205,0.3580644635267431,1.3437071462455457,0.9055
source_heterogeneity_les_rice_paddy_l100_cv0p5_s14_wind3_n1_op,open_path,1,0.5,100.0,14,0.007773439809312117,-0.039600748012668066,0.04737418782198018,0.08250242573892148,0.0845176434927939,0.08319806003281814,0.09422074247745307,-0.47999495357850974,0.09197416643514075,-0.46855007281461275,0.09343294550673203,-0.4759816274207263,0.3435
source_heterogeneity_les_rice_paddy_l100_cv0p5_s14_wind3_n1_point,point,1,0.5,100.0,14,-0.014860280695782402,-0.07481019763625048,0.05994991694046808,0.18518434994300983,0.191282193970373,0.19055458313435963,-0.08024587769082878,-0.4039768892958459,-0.07768773657042044,-0.3910985967038707,-0.07798437828863161,-0.39259196187111367,0.3825
source_heterogeneity_les_rice_paddy_l100_cv0p5_s14_wind3_n2_op,open_path,2,0.5,100.0,14,0.024668436687596315,-0.018352227126053465,0.04302066381364978,0.08310680730500773,0.08512159608932464,0.08366930842285188,0.2968281117702121,-0.22082700227791838,0.2898023277396,-0.21560012933492295,0.2948325634882245,-0.21934240251280815,0.45275
source_heterogeneity_les_rice_paddy_l100_cv0p5_s14_wind3_n2_point,point,2,0.5,100.0,14,0.1415020611954759,-0.04904296351466779,0.19054502471014367,0.10066740254137618,0.10424286974517911,0.10205659249930563,1.4056393392818087,-0.48717819548895397,1.3574267625342298,-0.47046827888135595,1.3865058369104244,-0.4805467467964058,0.33825
source_heterogeneity_les_rice_paddy_l100_cv0p5_s14_wind3_n3_op,open_path,3,0.5,100.0,14,0.03007234353300322,-0.034388657618524957,0.06446100115152817,0.0765457474343384,0.07839385422527313,0.07684001575842433,0.39286759279213435,-0.4492562783846855,0.3836058812287392,-0.43866522393076207,0.39136305785708075,-0.44753579601855775,0.3535
source_heterogeneity_les_rice_paddy_l100_cv0p5_s14_wind3_n3_point,point,3,0.5,100.0,14,0.08728033371941928,-0.11020884050090399,0.19748917422032325,0.08490550218320969,0.08799473432694195,0.08672129583583088,1.0279702902066954,-1.2980176510009278,0.9918813254794504,-1.2524481304918331,1.0064463737332372,-1.2708394107663772,0.089
source_heterogeneity_les_rice_paddy_l100_cv0p5_s14_wind3_n4_op,open_path,4,0.5,100.0,14,0.05369874507630024,-0.015443272495104765,0.069142017571405,0.0743891977792162,0.07616385601025379,0.07460535049026114,0.7218621342802447,-0.2076010086967157,0.7050423637830375,-0.20276379511333656,0.7197706963833644,-0.20699953010904634,0.45275
source_heterogeneity_les_rice_paddy_l100_cv0p5_s14_wind3_n4_point,point,4,0.5,100.0,14,-0.0017664104996610375,0.03676473363614931,-0.038531144135810345,0.09110440029527267,0.0942850767205037,0.09287253082331157,-0.019388860405601012,0.4035450924103937,-0.018734783500228145,0.38993162984990465,-0.019019730419768618,0.3958622997589416,0.6915
source_heterogeneity_les_rice_paddy_l100_cv0p5_s15_wind3_n1_op,open_path,1,0.5,100.0,15,0.0719659347301351,0.05073422890041108,0.021231705829724022,0.08250242573892148,0.0845176434927939,0.08319806003281814,0.8722887125509612,0.614942269224414,0.8514900765811226,0.6002797380967768,0.8649953460663333,0.6098006237212569,0.759
source_heterogeneity_les_rice_paddy_l100_cv0p5_s15_wind3_n1_point,point,1,0.5,100.0,15,0.14231942858816413,0.21953702036477657,-0.07721759177661244,0.18518434994300983,0.191282193970373,0.19055458313435963,0.7685283806755954,1.185505256963338,0.7440286292942011,1.1477127891934356,0.7468696173411636,1.1520951989382564,0.87875
source_heterogeneity_les_rice_paddy_l100_cv0p5_s15_wind3_n2_op,open_path,2,0.5,100.0,15,0.09189464798405324,0.07685183183126004,0.015042816152793195,0.08310680730500773,0.08512159608932464,0.08366930842285188,1.1057415266452666,0.9247357024462328,1.079569136457699,0.9028476363461688,1.0983077273643969,0.9185187887876717,0.8315
source_heterogeneity_les_rice_paddy_l100_cv0p5_s15_wind3_n2_point,point,2,0.5,100.0,15,0.15110604915714262,-0.11088306141918342,0.261989110576326,0.10066740254137618,0.10424286974517911,0.10205659249930563,1.5010424958072721,-1.1014793132623881,1.449557648657603,-1.0636992409191746,1.4806103697629402,-1.0864860241139036,0.1305
source_heterogeneity_les_rice_paddy_l100_cv0p5_s15_wind3_n3_op,open_path,3,0.5,100.0,15,0.0854175199786203,0.04215749114327619,0.043260028835344105,0.0765457474343384,0.07839385422527313,0.07684001575842433,1.1159015731330102,0.5507489645906096,1.0895945967035108,0.5377652567270405,1.1116280903320295,0.5486398034562384,0.73725
source_heterogeneity_les_rice_paddy_l100_cv0p5_s15_wind3_n3_point,point,3,0.5,100.0,15,0.1646986043240416,0.03766796028910098,0.12703064403494063,0.08490550218320969,0.08799473432694195,0.08672129583583088,1.9397871762027128,0.4436456922169872,1.8716870456373966,0.42807061782977535,1.89917139425392,0.4343565202301509,0.70125
source_heterogeneity_les_rice_paddy_l100_cv0p5_s15_wind3_n4_op,open_path,4,0.5,100.0,15,0.11926198184423446,0.07164267803085178,0.04761930381338268,0.0743891977792162,0.07616385601025379,0.07460535049026114,1.6032163997546887,0.9630790513897466,1.565860607532508,0.9406387988182566,1.5985714303400094,0.9602887401514708,0.8425
source_heterogeneity_les_rice_paddy_l100_cv0p5_s15_wind3_n4_point,point,4,0.5,100.0,15,0.05898319594146138,0.1409804566513702,-0.08199726070990883,0.09110440029527267,0.0942850767205037,0.09287253082331157,0.6474242270438607,1.5474604540993346,0.6255835811250351,1.4952573785275598,0.6350984022786665,1.517999513974516,0.92675
source_heterogeneity_les_rice_paddy_l100_cv0p5_s16_wind3_n1_op,open_path,1,0.5,100.0,16,0.15129793240760078,0.12336640833094777,0.027931524076653017,0.08250242573892148,0.0845176434927939,0.08319806003281814,1.8338604114063548,1.4953064376717862,1.7901342980593236,1.4596527214044503,1.8185271669546152,1.4828039053108317,0.92175
source_heterogeneity_les_rice_paddy_l100_cv0p5_s16_wind3_n1_point,point,1,0.5,100.0,16,0.24664373924079022,0.3218211436121349,-0.07517740437134465,0.18518434994300983,0.191282193970373,0.19055458313435963,1.3318821990988678,1.7378420137078257,1.2894234121916857,1.6824417209579925,1.2943469277088038,1.6888659318428436,0.9395
source_heterogeneity_les_rice_paddy_l100_cv0p5_s16_wind3_n2_op,open_path,2,0.5,100.0,16,0.16363376947016847,0.13895527477658964,0.02467849469357883,0.08310680730500773,0.08512159608932464,0.08366930842285188,1.9689574750431842,1.6720083382172795,1.9223531628619248,1.632432674673689,1.9557203537907646,1.660767578887242,0.94025
source_heterogeneity_les_rice_paddy_l100_cv0p5_s16_wind3_n2_point,point,2,0.5,100.0,16,0.20862177461664097,-0.021996545068044573,0.23061831968468555,0.10066740254137618,0.10424286974517911,0.10205659249930563,2.072386585428123,-0.21850712855140553,2.0013049825529103,-0.21101246657747388,2.044177348151815,-0.21553281889353923,0.4475
source_heterogeneity_les_rice_paddy_l100_cv0p5_s16_wind3_n3_op,open_path,3,0.5,100.0,16,0.16011823228031918,0.10825425585746523,0.05186397642285395,0.0765457474343384,0.07839385422527313,0.07684001575842433,2.091797880968763,1.4142425867658641,2.042484501657519,1.380902328725732,2.08378708280997,1.408826570231368,0.91525
source_heterogeneity_les_rice_paddy_l100_cv0p5_s16_wind3_n3_point,point,3,0.5,100.0,16,0.235687316954224,0.08023316814639446,0.15545414880782954,0.08490550218320969,0.08799473432694195,0.08672129583583088,2.775878016075522,0.9449701854806389,2.678425234838876,0.9117951063786429,2.7177559408290626,0.9251841473665375,0.8365
source_heterogeneity_les_rice_paddy_l100_cv0p5_s16_wind3_n4_op,open_path,4,0.5,100.0,16,0.18677198934375913,0.12417294035593392,0.06259904898782521,0.0743891977792162,0.07616385601025379,0.07460535049026114,2.51074073816591,1.669233491729184,2.452239147642609,1.6303394662583361,2.503466415162007,1.6643972522070418,0.941
source_heterogeneity_les_rice_paddy_l100_cv0p5_s16_wind3_n4_point,point,4,0.5,100.0,16,0.1127493210249976,0.1324616097355793,-0.0197122887105817,0.09110440029527267,0.0942850767205037,0.09287253082331157,1.237583702429004,1.4539540275361718,1.195834218380379,1.4049053608795925,1.2140222735988675,1.426273286205426,0.91625
source_heterogeneity_les_rice_paddy_l100_cv0p5_s17_wind3_n1_op,open_path,1,0.5,100.0,17,0.018102849709727316,0.005190777869937213,0.012912071839790103,0.08250242573892148,0.0845176434927939,0.08319806003281814,0.21942202968690513,0.0629166697033055,0.21419018516850616,0.06141650021725684,0.21758740170848337,0.06239061184707515,0.556
source_heterogeneity_les_rice_paddy_l100_cv0p5_s17_wind3_n1_point,point,1,0.5,100.0,17,0.15584886691032232,0.07816498549116038,0.07768388141916194,0.18518434994300983,0.191282193970373,0.19055458313435963,0.8415876771351604,0.42209282542080645,0.8147588841147503,0.4086370187873685,0.8178699475332672,0.4101973524092381,0.70325
source_heterogeneity_les_rice_paddy_l100_cv0p5_s17_wind3_n2_op,open_path,2,0.5,100.0,17,0.023165259574095688,-0.007086135073338034,0.030251394647433722,0.08310680730500773,0.08512159608932464,0.08366930842285188,0.27874081949842666,-0.08526539886596086,0.27214315330490985,-0.08324720633647432,0.2768668704302181,-0.08469216737786085,0.50075
source_heterogeneity_les_rice_paddy_l100_cv0p5_s17_wind3_n2_point,point,2,0.5,100.0,17,0.053863076198965465,0.014724742402362405,0.03913833379660306,0.10066740254137618,0.10424286974517911,0.10205659249930563,0.5350597595564933,0.14627120627563883,0.5167075343439157,0.1412541926211061,0.5277765490684194,0.14428016889220155,0.59025
source_heterogeneity_les_rice_paddy_l100_cv0p5_s17_wind3_n3_op,open_path,3,0.5,100.0,17,0.026181103603490193,-0.007861318584449013,0.03404242218793921,0.0765457474343384,0.07839385422527313,0.07684001575842433,0.3420321112671683,-0.10270091870475913,0.3339688278146905,-0.10027978165046805,0.34072225708282516,-0.102307612861039,0.48825
source_heterogeneity_les_rice_paddy_l100_cv0p5_s17_wind3_n3_point,point,3,0.5,100.0,17,0.10096929188276102,0.00864796364094549,0.09232132824181553,0.08490550218320969,0.08799473432694195,0.08672129583583088,1.1891960978558112,0.1018539837652082,1.1474469768567341,0.0982781947930455,1.1642963923636764,0.09972133785127765,0.57525
source_heterogeneity_les_rice_paddy_l100_cv0p5_s17_wind3_n4_op,open_path,4,0.5,100.0,17,0.04576289482133201,-0.012309182157739913,0.05807207697907192,0.0743891977792162,0.07616385601025379,0.07460535049026114,0.61518199130409,-0.16547002152480544,0.6008479247055328,-0.16161448228255082,0.6133996358251252,-0.1649906082720801,0.4665
source_heterogeneity_les_rice_paddy_l100_cv0p5_s17_wind3_n4_point,point,4,0.5,100.0,17,-0.03576108479073,-0.051171398595910286,0.015410313805180285,0.09110440029527267,0.0942850767205037,0.09287253082331157,-0.39252862292959534,-0.5616786722711737,-0.37928679738723936,-0.5427306247795872,-0.38505556458631307,-0.5509852928769974,0.30775
source_heterogeneity_les_rice_paddy_l100_cv0p5_s18_wind3_n1_op,open_path,1,0.5,100.0,18,-0.001996793028684725,-0.03339889554952651,0.03140210252084179,0.08250242573892148,0.0845176434927939,0.08319806003281814,-0.02420284022925055,-0.40482319459572197,-0.0236257537025979,-0.3951706906306983,-0.024000475827165607,-0.40143839335138404,0.3765
source_heterogeneity_les_rice_paddy_l100_cv0p5_s18_wind3_n1_point,point,1,0.5,100.0,18,-0.025392356707040816,-0.12202218719802399,0.09662983049098317,0.18518434994300983,0.191282193970373,0.19055458313435963,-0.1371193446684629,-0.6589227828138615,-0.13274814649487837,-0.6379171247739012,-0.13325503007784767,-0.6403529382024173,0.27775
source_heterogeneity_les_rice_paddy_l100_cv0p5_s18_wind3_n2_op,open_path,2,0.5,100.0,18,0.01007777765121603,-0.027354155147895305,0.037431932799111334,0.08310680730500773,0.08512159608932464,0.08366930842285188,0.12126296242171702,-0.32914457954693965,0.11839272422289454,-0.3213538796804337,0.12044772260199027,-0.326931770604002,0.4105
source_heterogeneity_les_rice_paddy_l100_cv0p5_s18_wind3_n2_point,point,2,0.5,100.0,18,0.12037112696573349,0.11367138203435939,0.0066997449313740964,0.10066740254137618,0.10424286974517911,0.10205659249930563,1.1957309310355824,1.1291776599444725,1.1547180853710164,1.0904475511104808,1.1794546929102347,1.1138073420894665,0.87125
source_heterogeneity_les_rice_paddy_l100_cv0p5_s18_wind3_n3_op,open_path,3,0.5,100.0,18,0.022395130450652133,-0.0169900330156936,0.039385163466345734,0.0765457474343384,0.07839385422527313,0.07684001575842433,0.2925718436528805,-0.221959201982681,0.28567456814021835,-0.21672659398619337,0.2914514036678454,-0.22110918182406675,0.4415
source_heterogeneity_les_rice_paddy_l100_cv0p5_s18_wind3_n3_point,point,3,0.5,100.0,18,0.09197356211669355,0.0213081419831314,0.07066542013356215,0.08490550218320969,0.08799473432694195,0.08672129583583088,1.08324619431886,0.2509630287228328,1.0452166577941855,0.24215246680513403,1.0605648962027223,0.24570829780344972,0.639
source_heterogeneity_les_rice_paddy_l100_cv0p5_s18_wind3_n4_op,open_path,4,0.5,100.0,18,0.043040674952270715,-0.012369778013314877,0.05541045296558559,0.0743891977792162,0.07616385601025379,0.07460535049026114,0.5785877014027427,-0.16628460021880898,0.5651063011630639,-0.1624100808610525,0.5769113698874611,-0.16580282690220197,0.46625
source_heterogeneity_les_rice_paddy_l100_cv0p5_s18_wind3_n4_point,point,4,0.5,100.0,18,-0.016367229637533995,-0.0034895618395676883,-0.012877667797966307,0.09110440029527267,0.0942850767205037,0.09287253082331157,-0.17965355772594088,-0.03830289018157072,-0.17359300333447888,-0.037010754627819394,-0.17623326824884716,-0.03757367015448864,0.53775
source_heterogeneity_les_rice_paddy_l100_cv0p5_s19_wind3_n1_op,open_path,1,0.5,100.0,19,0.014287758358177473,0.0015293781353151424,0.01275838022286233,0.08250242573892148,0.0845176434927939,0.08319806003281814,0.17317985780673908,0.018537371739284998,0.16905060017906992,0.018095371239799644,0.17173186913903465,0.018382377362066698,0.5355
source_heterogeneity_les_rice_paddy_l100_cv0p5_s19_wind3_n1_point,point,1,0.5,100.0,19,0.06462542533050135,-0.09977573294032709,0.16440115827082843,0.18518434994300983,0.191282193970373,0.19055458313435963,0.34897887078681167,-0.5387913879927375,0.3378538482286069,-0.5216153729174655,0.33914390442624043,-0.5236071014359986,0.328
source_heterogeneity_les_rice_paddy_l100_cv0p5_s19_wind3_n2_op,open_path,2,0.5,100.0,19,0.018472911475001737,0.006760606846544771,0.011712304628456967,0.08310680730500773,0.08512159608932464,0.08366930842285188,0.2222791618886871,0.08134841255220979,0.21701791699977865,0.07942293327594968,0.22078479938715964,0.08080151460530424,0.56475
source_heterogeneity_les_rice_paddy_l100_cv0p5_s19_wind3_n2_point,point,2,0.5,100.0,19,0.06252548109814719,-0.10659204947450132,0.1691175305726485,0.10066740254137618,0.10424286974517911,0.10205659249930563,0.6211095103248349,-1.0588536783860099,0.5998058308543333,-1.0225356394645002,0.612654994321632,-1.044440607550429,0.141
source_heterogeneity_les_rice_paddy_l100_cv0p5_s19_wind3_n3_op,open_path,3,0.5,100.0,19,0.028569165460992498,0.00024034387462524426,0.028328821586367254,0.0765457474343384,0.07839385422527313,0.07684001575842433,0.3732299496519957,0.003139872333618707,0.36443118843086786,0.0030658509777385153,0.37180061949506205,0.003127847804988174,0.53125
source_heterogeneity_les_rice_paddy_l100_cv0p5_s19_wind3_n3_point,point,3,0.5,100.0,19,0.09759372201847295,-0.01672806396484327,0.11432178598331622,0.08490550218320969,0.08799473432694195,0.08672129583583088,1.1494393120469923,-0.19701978711282261,1.1090859329816967,-0.19010301119485878,1.1253720447538549,-0.19289453419273847,0.457
source_heterogeneity_les_rice_paddy_l100_cv0p5_s19_wind3_n4_op,open_path,4,0.5,100.0,19,0.04324897670979314,0.0027619571489147267,0.04048701956087841,0.0743891977792162,0.07616385601025379,0.07460535049026114,0.5813878627667711,0.0371284706835002,0.5678412172825207,0.03626335762914748,0.5797034183954245,0.037020899047652996,0.5415
source_heterogeneity_les_rice_paddy_l100_cv0p5_s19_wind3_n4_point,point,4,0.5,100.0,19,-0.030804547142759802,0.06748875735400363,-0.09829330449676343,0.09110440029527267,0.0942850767205037,0.09287253082331157,-0.3381235927454782,0.7407848263670044,-0.32671710321746916,0.7157946909675388,-0.33168631100798723,0.7266815791032966,0.7865
source_heterogeneity_les_rice_paddy_l100_cv1p0_s0_wind3_n1_op,open_path,1,1.0,100.0,0,-0.030212665842926437,-0.03210941921677199,0.0018967533738455528,0.14540765751726872,0.15726382740342973,0.1560002051675082,-0.20777905619818102,-0.2208234405602652,-0.19211452717236574,-0.20417549125522377,-0.1936706801794588,-0.2058293396620465,0.46975
source_heterogeneity_les_rice_paddy_l100_cv1p0_s0_wind3_n1_point,point,1,1.0,100.0,0,-0.07672381133190274,-0.254413007631198,0.17768919629929525,0.32638097962455404,0.36234466932597637,0.3491107586238729,-0.23507439502191727,-0.7794970403111634,-0.2117426247076362,-0.7021298480931156,-0.21976925499040237,-0.7287458244886089,0.2305
source_heterogeneity_les_rice_paddy_l100_cv1p0_s0_wind3_n2_op,open_path,2,1.0,100.0,0,-0.025039901325358955,-0.017757531729038822,-0.0072823695963201325,0.14647285901872903,0.15830607994141063,0.1557894425345811,-0.17095249927604117,-0.12123428086269704,-0.15817397117423582,-0.11217213979154128,-0.1607291284825078,-0.11398417915961875,0.50075
source_heterogeneity_les_rice_paddy_l100_cv1p0_s0_wind3_n2_point,point,2,1.0,100.0,0,0.06943748971038635,-0.14251706922065596,0.21195455893104231,0.1774227977030728,0.19845564660455553,0.2003278822048284,0.3913673474284515,-0.8032624390196261,0.3498892115110643,-0.7181305831253909,0.346619197218832,-0.7114190378897789,0.23575
source_heterogeneity_les_rice_paddy_l100_cv1p0_s0_wind3_n3_op,open_path,3,1.0,100.0,0,-0.009857312907311507,-0.03039023096223601,0.020532918054924503,0.13490921906414638,0.1457633086403721,0.14392601990783602,-0.07306626615801971,-0.2252643012319723,-0.06762547447129863,-0.2084902657994333,-0.06848874799444675,-0.2111517499177466,0.46225
source_heterogeneity_les_rice_paddy_l100_cv1p0_s0_wind3_n3_point,point,3,1.0,100.0,0,0.05171449799359377,-0.16504975984830209,0.21676425784189585,0.14964299621754684,0.16789318840168027,0.1623749508233136,0.34558582293028045,-1.1029567973121663,0.30802022694254944,-0.983064062452758,0.31848815184471585,-1.01647303978493,0.1255
source_heterogeneity_les_rice_paddy_l100_cv1p0_s0_wind3_n4_op,open_path,4,1.0,100.0,0,0.009140418910884494,0.004098191144358747,0.005042227766525746,0.1311083752603131,0.1415302430418815,0.13882202271424574,0.06971651424050043,0.03125804233499095,0.06458279668310658,0.028956292706612638,0.06584271524194206,0.029521188815945672,0.5585
source_heterogeneity_les_rice_paddy_l100_cv1p0_s0_wind3_n4_point,point,4,1.0,100.0,0,-0.044947283290616216,0.06745249767995792,-0.11239978097057414,0.16056833866160625,0.17951362310748942,0.17640057817204613,-0.27992619008994973,0.42008591632820197,-0.25038368961949264,0.375751413805339,-0.2548023581123326,0.3823825203915743,0.71775
source_heterogeneity_les_rice_paddy_l100_cv1p0_s1_wind3_n1_op,open_path,1,1.0,100.0,1,0.07108875754857426,0.05729573491359615,0.013793022634978107,0.14540765751726872,0.15726382740342973,0.1560002051675082,0.4888928049757744,0.3940351965768492,0.4520350211635756,0.36432875798332887,0.4556965644515746,0.36727986897243986,0.69025
source_heterogeneity_les_rice_paddy_l100_cv1p0_s1_wind3_n1_point,point,1,1.0,100.0,1,0.16133945241563716,0.04256671780079021,0.11877273461484694,0.32638097962455404,0.36234466932597637,0.3491107586238729,0.4943285990538751,0.13042033837191125,0.4452651468993773,0.11747576659530179,0.46214402859312065,0.12192897740699822,0.62925
source_heterogeneity_les_rice_paddy_l100_cv1p0_s1_wind3_n2_op,open_path,2,1.0,100.0,1,0.07767858363642656,0.049203645375817,0.02847493826060956,0.14647285901872903,0.15830607994141063,0.1557894425345811,0.53032748972623,0.3359232946325263,0.4906860410236647,0.31081336480587074,0.4986126297947564,0.3158342733327074,0.67475
source_heterogeneity_les_rice_paddy_l100_cv1p0_s1_wind3_n2_point,point,2,1.0,100.0,1,0.16270433693974495,0.30394947760997487,-0.14124514067022992,0.1774227977030728,0.19845564660455553,0.2003278822048284,0.9170430127702077,1.7131365390745992,0.8198523938396727,1.531573844384621,0.8121901711783952,1.5172599753198457,0.92475
source_heterogeneity_les_rice_paddy_l100_cv1p0_s1_wind3_n3_op,open_path,3,1.0,100.0,1,0.08502651536410637,0.05601130953668961,0.029015205827416755,0.13490921906414638,0.1457633086403721,0.14392601990783602,0.6302498521148368,0.41517777602772615,0.5833190544122745,0.38426206196293866,0.5907654183625286,0.38916736231959187,0.69325
source_heterogeneity_les_rice_paddy_l100_cv1p0_s1_wind3_n3_point,point,3,1.0,100.0,1,0.16025699333758878,0.05989953892149087,0.1003574544160979,0.14964299621754684,0.16789318840168027,0.1623749508233136,1.0709287931164624,0.4002829429745618,0.9545175409628764,0.35677170403234415,0.9869563779697187,0.3688964253277579,0.691
source_heterogeneity_les_rice_paddy_l100_cv1p0_s1_wind3_n4_op,open_path,4,1.0,100.0,1,0.1045948285513717,0.05244514710449778,0.052149681446873916,0.1311083752603131,0.1415302430418815,0.13882202271424574,0.7977738137910773,0.40001370622104787,0.739028113732696,0.37055788202793,0.7534455017030832,0.37778693955822856,0.68475
source_heterogeneity_les_rice_paddy_l100_cv1p0_s1_wind3_n4_point,point,4,1.0,100.0,1,0.02194268785843676,-0.020098366493869032,0.04204105435230579,0.16056833866160625,0.17951362310748942,0.17640057817204613,0.1366563797155579,-0.1251701715381501,0.12223410947088895,-0.11196011837962015,0.12439124681913304,-0.11393594455380296,0.51825
source_heterogeneity_les_rice_paddy_l100_cv1p0_s2_wind3_n1_op,open_path,1,1.0,100.0,2,-0.09639046870237812,-0.1130216448599292,0.01663117615755108,0.14540765751726872,0.15726382740342973,0.1560002051675082,-0.6628981605795466,-0.7772743663552015,-0.6129220577539878,-0.7186754050567151,-0.6178868072569328,-0.7244967706200773,0.23475
source_heterogeneity_les_rice_paddy_l100_cv1p0_s2_wind3_n1_point,point,1,1.0,100.0,2,0.021388080421198788,-0.2798660788503249,0.30125415927152366,0.32638097962455404,0.36234466932597637,0.3491107586238729,0.06553102587596295,-0.8574828078899185,0.05902689409225837,-0.7723753170452986,0.06126445517034899,-0.8016541224724865,0.198
source_heterogeneity_les_rice_paddy_l100_cv1p0_s2_wind3_n2_op,open_path,2,1.0,100.0,2,-0.08763621864235721,-0.15281787830992227,0.06518165966756506,0.14647285901872903,0.15830607994141063,0.1557894425345811,-0.5983102892198714,-1.0433187372302326,-0.5535871943439666,-0.9653317065679375,-0.5625298943020758,-0.98092576636572,0.14025
source_heterogeneity_les_rice_paddy_l100_cv1p0_s2_wind3_n2_point,point,2,1.0,100.0,2,-0.04345096838915409,0.03611673292261876,-0.07956770131177285,0.1774227977030728,0.19845564660455553,0.2003278822048284,-0.24490070583754278,0.20356308991960648,-0.21894548798470256,0.18198894080643258,-0.21689925491613277,0.180288098317191,0.62725
source_heterogeneity_les_rice_paddy_l100_cv1p0_s2_wind3_n3_op,open_path,3,1.0,100.0,2,-0.08331014868483379,-0.13194930800128413,0.04863915931645034,0.13490921906414638,0.1457633086403721,0.14392601990783602,-0.6175274696773809,-0.9780599792705428,-0.5715440288912278,-0.9052299185032227,-0.5788400786611204,-0.9167856381061517,0.161
source_heterogeneity_les_rice_paddy_l100_cv1p0_s2_wind3_n3_point,point,3,1.0,100.0,2,-0.0138094133645036,-0.26669445329215197,0.2528850399276484,0.14964299621754684,0.16789318840168027,0.1623749508233136,-0.09228239017900883,-1.7822047141079624,-0.08225118300490501,-1.5884769110113754,-0.08504645140450359,-1.6424605638978909,0.01475
source_heterogeneity_les_rice_paddy_l100_cv1p0_s2_wind3_n4_op,open_path,4,1.0,100.0,2,-0.062231026322960944,-0.169269328880698,0.10703830255773707,0.1311083752603131,0.1415302430418815,0.13882202271424574,-0.47465332553624023,-1.2910641943706271,-0.4397012609138642,-1.195994052173061,-0.4482792074789073,-1.2193261960252926,0.08225
source_heterogeneity_les_rice_paddy_l100_cv1p0_s2_wind3_n4_point,point,4,1.0,100.0,2,-0.13772327334122983,-0.25311450587489626,0.11539123253366643,0.16056833866160625,0.17951362310748942,0.17640057817204613,-0.8577237236755508,-1.5763662250272685,-0.7672023490872539,-1.4100016561045954,-0.7807416209651323,-1.4348847860806322,0.0275
source_heterogeneity_les_rice_paddy_l100_cv1p0_s3_wind3_n1_op,open_path,1,1.0,100.0,3,-0.09567438490340009,-0.09390818805670108,-0.0017661968466990141,0.14540765751726872,0.15726382740342973,0.1560002051675082,-0.6579734969737596,-0.6458269781668717,-0.6083686661012394,-0.5971378772042595,-0.6132965325312738,-0.6019747727630573,0.2905
source_heterogeneity_les_rice_paddy_l100_cv1p0_s3_wind3_n1_point,point,1,1.0,100.0,3,-0.07956472116024833,-0.22783376618485665,0.1482690450246083,0.32638097962455404,0.36234466932597637,0.3491107586238729,-0.24377867010441004,-0.6980607952305945,-0.2195829769160188,-0.6287763708754617,-0.22790681522929018,-0.6526117014638371,0.2725
source_heterogeneity_les_rice_paddy_l100_cv1p0_s3_wind3_n2_op,open_path,2,1.0,100.0,3,-0.09092376877262127,-0.07810814202617242,-0.012815626746448858,0.14647285901872903,0.15830607994141063,0.1557894425345811,-0.6207550626221827,-0.5332601722219744,-0.5743542434142285,-0.4933995084401078,-0.5836324162495069,-0.5013699308207903,0.3345
source_heterogeneity_les_rice_paddy_l100_cv1p0_s3_wind3_n2_point,point,2,1.0,100.0,3,-0.11411576270917267,-0.10236434666629164,-0.011751416042881033,0.1774227977030728,0.19845564660455553,0.2003278822048284,-0.6431854541046745,-0.5769514853305618,-0.5750189760866857,-0.5158046566962327,-0.5696449313655362,-0.5109840204950982,0.32
source_heterogeneity_les_rice_paddy_l100_cv1p0_s3_wind3_n3_op,open_path,3,1.0,100.0,3,-0.07767718990867659,-0.0735686786270219,-0.004108511281654681,0.13490921906414638,0.1457633086403721,0.14392601990783602,-0.5757737717816214,-0.5453198761164099,-0.5328994699229976,-0.5047132869941289,-0.5397022022732074,-0.5111562084057636,0.32625
source_heterogeneity_les_rice_paddy_l100_cv1p0_s3_wind3_n3_point,point,3,1.0,100.0,3,-0.022771258016005814,-0.06608742892785188,0.04331617091184607,0.14964299621754684,0.16789318840168027,0.1623749508233136,-0.15217055653511233,-0.44163395947897094,-0.1356294334081389,-0.39362781514244255,-0.14023873695139155,-0.4070050743218647,0.36775
source_heterogeneity_les_rice_paddy_l100_cv1p0_s3_wind3_n4_op,open_path,4,1.0,100.0,3,-0.06410663180554232,-0.07629933109924533,0.012192699293703008,0.1311083752603131,0.1415302430418815,0.13882202271424574,-0.4889590895948475,-0.581956194238198,-0.452953590891326,-0.5391026642741432,-0.46179007157604096,-0.5496197909196405,0.311
source_heterogeneity_les_rice_paddy_l100_cv1p0_s3_wind3_n4_point,point,4,1.0,100.0,3,-0.12308907467371251,-0.017014945947378568,-0.10607412872633394,0.16056833866160625,0.17951362310748942,0.17640057817204613,-0.7665837219199213,-0.10596700500985527,-0.6856809669537396,-0.0947835916452443,-0.6977815829699939,-0.09645629353200666,0.5255
source_heterogeneity_les_rice_paddy_l100_cv1p0_s4_wind3_n1_op,open_path,1,1.0,100.0,4,0.054162044244818235,0.022147820982466416,0.032014223262351815,0.14540765751726872,0.15726382740342973,0.1560002051675082,0.37248412614298465,0.15231536880948737,0.3444024295928908,0.14083226478807803,0.3471921346940583,0.14197302470650452,0.61125
source_heterogeneity_les_rice_paddy_l100_cv1p0_s4_wind3_n1_point,point,1,1.0,100.0,4,0.23775447770819708,-0.11297662244290282,0.3507311001510999,0.32638097962455404,0.36234466932597637,0.3491107586238729,0.7284569032842946,-0.3461495292184712,0.6561555828886939,-0.311793251031011,0.6810287905344975,-0.3236125488891686,0.43675
source_heterogeneity_les_rice_paddy_l100_cv1p0_s4_wind3_n2_op,open_path,2,1.0,100.0,4,0.05678161973146013,0.0026033964478638615,0.05417822328359627,0.14647285901872903,0.15830607994141063,0.1557894425345811,0.38765966686155584,0.01777391706084588,0.35868249502782906,0.016445334562180954,0.3644766860171293,0.01671099405395187,0.56025
source_heterogeneity_les_rice_paddy_l100_cv1p0_s4_wind3_n2_point,point,2,1.0,100.0,4,0.06896921771558193,-0.27130150343529585,0.34027072115087775,0.1774227977030728,0.19845564660455553,0.2003278822048284,0.38872804740124695,-1.5291242554371984,0.34752963140933246,-1.3670636642347276,0.3442816694136629,-1.3542872836737692,0.054
source_heterogeneity_les_rice_paddy_l100_cv1p0_s4_wind3_n3_op,open_path,3,1.0,100.0,4,0.05476681417666459,-0.004535265978693571,0.059302080155358164,0.13490921906414638,0.1457633086403721,0.14392601990783602,0.4059530887257169,-0.033617168716521525,0.3757242799131675,-0.031113906654540887,0.38052059114630477,-0.03151109147322881,0.532
source_heterogeneity_les_rice_paddy_l100_cv1p0_s4_wind3_n3_point,point,3,1.0,100.0,4,0.09364724395560009,-0.17481825161415437,0.26846549556975446,0.14964299621754684,0.16789318840168027,0.1623749508233136,0.6258043899325453,-1.1682354405682205,0.5577786975583036,-1.0412468384119673,0.5767345485296019,-1.0766331304659227,0.1065
source_heterogeneity_les_rice_paddy_l100_cv1p0_s4_wind3_n4_op,open_path,4,1.0,100.0,4,0.0704568152763419,-0.03404006030069917,0.10449687557704107,0.1311083752603131,0.1415302430418815,0.13882202271424574,0.537393703006778,-0.259632996237756,0.49782162287033155,-0.2405143916175292,0.507533415079045,-0.24520648550675544,0.444
source_heterogeneity_les_rice_paddy_l100_cv1p0_s4_wind3_n4_point,point,4,1.0,100.0,4,-0.01897004199866448,0.0702824449291985,-0.08925248692786297,0.16056833866160625,0.17951362310748942,0.17640057817204613,-0.11814310440518021,0.43771048212261193,-0.10567466507712105,0.39151594019755637,-0.10753956815358459,0.3984252526692456,0.7225
source_heterogeneity_les_rice_paddy_l100_cv1p0_s5_wind3_n1_op,open_path,1,1.0,100.0,5,-0.14863664127321613,-0.16490921418160664,0.016272572908390515,0.14540765751726872,0.15726382740342973,0.1560002051675082,-1.022206421663618,-1.13411643511293,-0.9451419549386761,-1.0486150369376688,-0.9527977294235908,-1.0571089570333079,0.11225
source_heterogeneity_les_rice_paddy_l100_cv1p0_s5_wind3_n1_point,point,1,1.0,100.0,5,-0.19228208048364823,-0.23535786694249974,0.04307578645885152,0.32638097962455404,0.36234466932597637,0.3491107586238729,-0.5891338420052423,-0.7211139178920263,-0.530660712744377,-0.6495414086822527,-0.5507767255342889,-0.6741638896212622,0.26325
source_heterogeneity_les_rice_paddy_l100_cv1p0_s5_wind3_n2_op,open_path,2,1.0,100.0,5,-0.1359903833856871,-0.15216568115847637,0.016175297772789254,0.14647285901872903,0.15830607994141063,0.1557894425345811,-0.9284340067964294,-1.0388660546253106,-0.859034494670182,-0.9612118575281073,-0.8729114192413961,-0.9767393648943807,0.14175
source_heterogeneity_les_rice_paddy_l100_cv1p0_s5_wind3_n2_point,point,2,1.0,100.0,5,-0.11169355334676984,-0.08850027875201937,-0.02319327459475047,0.1774227977030728,0.19845564660455553,0.2003278822048284,-0.6295332662586879,-0.49881007343898187,-0.5628136828443657,-0.44594487617863454,-0.5575537070399766,-0.44177713944747277,0.3505
source_heterogeneity_les_rice_paddy_l100_cv1p0_s5_wind3_n3_op,open_path,3,1.0,100.0,5,-0.12474631196890026,-0.1454169164150897,0.020670604446189428,0.13490921906414638,0.1457633086403721,0.14392601990783602,-0.924668549964596,-1.0778871705272204,-0.8558142178061761,-0.9976235979512716,-0.86673912089546,-1.0103587697916498,0.13075
source_heterogeneity_les_rice_paddy_l100_cv1p0_s5_wind3_n3_point,point,3,1.0,100.0,5,-0.07830584995127995,-0.1499128147300263,0.07160696477874634,0.14964299621754684,0.16789318840168027,0.1623749508233136,-0.5232844298134814,-1.0018030814625443,-0.46640278082000064,-0.8929058775830954,-0.4822532635374747,-0.9232508707155955,0.15575
source_heterogeneity_les_rice_paddy_l100_cv1p0_s5_wind3_n4_op,open_path,4,1.0,100.0,5,-0.09646414662888003,-0.14243315115265204,0.045969004523772006,0.1311083752603131,0.1415302430418815,0.13882202271424574,-0.7357588440658529,-1.0863772117521386,-0.681579742644365,-1.0063796125221331,-0.6948763945576844,-1.0260126481937202,0.1295
source_heterogeneity_les_rice_paddy_l100_cv1p0_s5_wind3_n4_point,point,4,1.0,100.0,5,-0.137564250603248,-0.19536496561389316,0.057800715010645154,0.16056833866160625,0.17951362310748942,0.17640057817204613,-0.8567333494877918,-1.2167091423024556,-0.7663164957730093,-1.0883016131701173,-0.7798401344755205,-1.1075075129478928,0.08825
source_heterogeneity_les_rice_paddy_l100_cv1p0_s6_wind3_n1_op,open_path,1,1.0,100.0,6,-0.08424402132612074,-0.14752760971746665,0.0632835883913459,0.14540765751726872,0.15726382740342973,0.1560002051675082,-0.5793644073807864,-1.0145793711032458,-0.535685940734541,-0.9380899101419762,-0.5400250675033543,-0.9456885621339796,0.147
source_heterogeneity_les_rice_paddy_l100_cv1p0_s6_wind3_n1_point,point,1,1.0,100.0,6,-0.19475326418405495,-0.4441756573440011,0.24942239315994616,0.32638097962455404,0.36234466932597637,0.3491107586238729,-0.5967053117129728,-1.360911588214944,-0.5374806935792091,-1.2258374275803325,-0.5578552346875091,-1.2723058409739523,0.04
source_heterogeneity_les_rice_paddy_l100_cv1p0_s6_wind3_n2_op,open_path,2,1.0,100.0,6,-0.08419426228316125,-0.13996270694690188,0.05576844466374063,0.14647285901872903,0.15830607994141063,0.1557894425345811,-0.574811353087575,-0.9555538676896126,-0.5318447801519797,-0.8841271731237508,-0.540436251092383,-0.8984094471987978,0.169
source_heterogeneity_les_rice_paddy_l100_cv1p0_s6_wind3_n2_point,point,2,1.0,100.0,6,0.05980025793676536,0.08724670813571311,-0.02744645019894775,0.1774227977030728,0.19845564660455553,0.2003278822048284,0.33704945875582754,0.4917446307081995,0.3013280748616031,0.4396282475628505,0.29851190597433486,0.4355195451350419,0.71675
source_heterogeneity_les_rice_paddy_l100_cv1p0_s6_wind3_n3_op,open_path,3,1.0,100.0,6,-0.05272527162159762,-0.10114163644443631,0.048416364822838696,0.13490921906414638,0.1457633086403721,0.14392601990783602,-0.39082037526677776,-0.7497014447644655,-0.36171840577303066,-0.6938758277912958,-0.3663359249103157,-0.7027335050965978,0.2445
source_heterogeneity_les_rice_paddy_l100_cv1p0_s6_wind3_n3_point,point,3,1.0,100.0,6,0.0011121718444199163,-0.12327278698242972,0.12438495882684963,0.14964299621754684,0.16789318840168027,0.1623749508233136,0.007432167709359893,-0.8237791951400061,0.006624282110594462,-0.7342334025338935,0.006849405273293126,-0.7591859850142005,0.2195
source_heterogeneity_les_rice_paddy_l100_cv1p0_s6_wind3_n4_op,open_path,4,1.0,100.0,6,-0.04825649570355141,-0.11183456299833912,0.06357806729478771,0.1311083752603131,0.1415302430418815,0.13882202271424574,-0.36806569837921554,-0.8529932796153853,-0.3409624308302176,-0.7901813816941241,-0.3476141231775856,-0.8055966972080634,0.20575
source_heterogeneity_les_rice_paddy_l100_cv1p0_s6_wind3_n4_point,point,4,1.0,100.0,6,-0.10653530787428604,-0.09942296540086983,-0.007112342473416217,0.16056833866160625,0.17951362310748942,0.17640057817204613,-0.6634888843111626,-0.6191940841488136,-0.5934664234953059,-0.5538463526043214,-0.6039396751317933,-0.563620405506274,0.3015
source_heterogeneity_les_rice_paddy_l100_cv1p0_s7_wind3_n1_op,open_path,1,1.0,100.0,7,0.008048278985476599,-0.04091901743584565,0.04896729642132225,0.14540765751726872,0.15726382740342973,0.1560002051675082,0.05534976027325644,-0.281408958334853,0.05117692427026023,-0.2601934476062056,0.051591464106310665,-0.2623010488473914,0.443
source_heterogeneity_les_rice_paddy_l100_cv1p0_s7_wind3_n1_point,point,1,1.0,100.0,7,-0.09530846384301138,-0.29583311312894783,0.20052464928593644,0.32638097962455404,0.36234466932597637,0.3491107586238729,-0.29201598681592167,-0.9064042686226803,-0.2630326093117406,-0.8164411903154212,-0.27300351389541505,-0.847390422154461,0.17975
source_heterogeneity_les_rice_paddy_l100_cv1p0_s7_wind3_n2_op,open_path,2,1.0,100.0,7,0.021307988299333388,-0.06846557061550099,0.08977355891483438,0.14647285901872903,0.15830607994141063,0.1557894425345811,0.14547397000429138,-0.4674283759747361,0.1345999364472894,-0.4324885730278977,0.13677427656629287,-0.4394750343901093,0.36025
source_heterogeneity_les_rice_paddy_l100_cv1p0_s7_wind3_n2_point,point,2,1.0,100.0,7,0.15076555593487084,0.36809509734355234,-0.2173295414086815,0.1774227977030728,0.19845564660455553,0.2003278822048284,0.8497530074302269,2.074677561784256,0.7596939594028665,1.8547978031434997,0.7525939688251595,1.8374631294069577,0.9505
source_heterogeneity_les_rice_paddy_l100_cv1p0_s7_wind3_n3_op,open_path,3,1.0,100.0,7,0.04214666426662434,-0.042498423041009425,0.08464508730763376,0.13490921906414638,0.1457633086403721,0.14392601990783602,0.3124075920014371,-0.315014965884595,0.2891445361645075,-0.2915577550854154,0.29283561300182714,-0.29527963788773964,0.427
source_heterogeneity_les_rice_paddy_l100_cv1p0_s7_wind3_n3_point,point,3,1.0,100.0,7,0.1182483471837304,-0.018109244464375417,0.13635759164810582,0.14964299621754684,0.16789318840168027,0.1623749508233136,0.7902030176662878,-0.1210163183183575,0.7043069960695736,-0.10786169848087881,0.7282425434721206,-0.11152732839981444,0.50925
source_heterogeneity_les_rice_paddy_l100_cv1p0_s7_wind3_n4_op,open_path,4,1.0,100.0,7,0.06241080050047706,-0.04178695744445511,0.10419775794493216,0.1311083752603131,0.1415302430418815,0.13882202271424574,0.4760245131293988,-0.3187207328402013,0.44097147831512246,-0.29525108235763825,0.44957420501604994,-0.3010110112749927,0.422
source_heterogeneity_les_rice_paddy_l100_cv1p0_s7_wind3_n4_point,point,4,1.0,100.0,7,0.009299247011686534,-0.1561845902471064,0.16548383725879293,0.16056833866160625,0.17951362310748942,0.17640057817204613,0.05791457449954978,-0.9726985503428638,0.05180245850265257,-0.8700431061635137,0.0527166470090412,-0.8853972694736705,0.1575
source_heterogeneity_les_rice_paddy_l100_cv1p0_s8_wind3_n1_op,open_path,1,1.0,100.0,8,-0.1690509188181931,-0.20440695632753936,0.035356037509346266,0.14540765751726872,0.15726382740342973,0.1560002051675082,-1.1625998362439507,-1.4057509750011883,-1.074951065412683,-1.2997709626077782,-1.083658310812293,-1.3102992788250085,0.054
source_heterogeneity_les_rice_paddy_l100_cv1p0_s8_wind3_n1_point,point,1,1.0,100.0,8,-0.19939072771606253,-0.21079119650866965,0.011400468792607116,0.32638097962455404,0.36234466932597637,0.3491107586238729,-0.6109140549349038,-0.6458439972548313,-0.5502791805574613,-0.581742231507856,-0.5711388801136413,-0.6037946161830353,0.298
source_heterogeneity_les_rice_paddy_l100_cv1p0_s8_wind3_n2_op,open_path,2,1.0,100.0,8,-0.15668402211118904,-0.2085030691080226,0.05181904699683357,0.14647285901872903,0.15830607994141063,0.1557894425345811,-1.0697136873060855,-1.4234928607583333,-0.98975366056173,-1.317088195129271,-1.0057422349169094,-1.3383645625520515,0.05075
source_heterogeneity_les_rice_paddy_l100_cv1p0_s8_wind3_n2_point,point,2,1.0,100.0,8,-0.08392845809965192,-0.13382317742718813,0.04989471932753621,0.1774227977030728,0.19845564660455553,0.2003278822048284,-0.47304212979501653,-0.7542614543320915,-0.4229078866518145,-0.6743228510592363,-0.41895545031438985,-0.6680207265924097,0.25375
source_heterogeneity_les_rice_paddy_l100_cv1p0_s8_wind3_n3_op,open_path,3,1.0,100.0,8,-0.14179713142212524,-0.19031899061697508,0.04852185919484983,0.13490921906414638,0.1457633086403721,0.14392601990783602,-1.051055905636099,-1.410718940760324,-0.9727902909501579,-1.3056714504644715,-0.9852084530158339,-1.3223390095748295,0.0585
source_heterogeneity_les_rice_paddy_l100_cv1p0_s8_wind3_n3_point,point,3,1.0,100.0,8,-0.08771190445076708,-0.07471488043919643,-0.012997024011570657,0.14964299621754684,0.16789318840168027,0.1623749508233136,-0.5861410601753385,-0.49928751981534775,-0.522426819609373,-0.44501436389690174,-0.5401812533646878,-0.4601379711609369,0.34375
source_heterogeneity_les_rice_paddy_l100_cv1p0_s8_wind3_n4_op,open_path,4,1.0,100.0,8,-0.12211295194951184,-0.1876873610128008,0.06557440906328897,0.1311083752603131,0.1415302430418815,0.13882202271424574,-0.9313894074810932,-1.4315436419691057,-0.8628046509704381,-1.326129009453199,-0.8796367432339737,-1.3519999013351114,0.05925
source_heterogeneity_les_rice_paddy_l100_cv1p0_s8_wind3_n4_point,point,4,1.0,100.0,8,-0.1704554393996935,-0.2249033143920737,0.05444787499238021,0.16056833866160625,0.17951362310748942,0.17640057817204613,-1.0615756557021123,-1.400670370427459,-0.9495404106329465,-1.2528481710683639,-0.9662975097136345,-1.274957920901609,0.0525
source_heterogeneity_les_rice_paddy_l100_cv1p0_s9_wind3_n1_op,open_path,1,1.0,100.0,9,-0.02856130485463308,-0.03639244782662872,0.00783114297199564,0.14540765751726872,0.15726382740342973,0.1560002051675082,-0.1964222884977094,-0.25027875730895893,-0.1816139497951084,-0.23141016232086847,-0.18308504674057852,-0.2332846151551636,0.45675
source_heterogeneity_les_rice_paddy_l100_cv1p0_s9_wind3_n1_point,point,1,1.0,100.0,9,0.02708819380824849,0.25412685429202414,-0.22703866048377566,0.32638097962455404,0.36234466932597637,0.3491107586238729,0.08299562627518571,0.7786202939410072,0.07475808560572232,0.7013401211745269,0.07759197658366333,0.7279261610090249,0.80775
source_heterogeneity_les_rice_paddy_l100_cv1p0_s9_wind3_n2_op,open_path,2,1.0,100.0,9,-0.010032355739216113,-0.03913000399483932,0.029097648255623207,0.14647285901872903,0.15830607994141063,0.1557894425345811,-0.068492933137417,-0.2671484960216137,-0.06337315498513453,-0.2471794135090794,-0.06439689093174075,-0.25117237316099583,0.4475
source_heterogeneity_les_rice_paddy_l100_cv1p0_s9_wind3_n2_point,point,2,1.0,100.0,9,0.015597774276543106,-0.0217411840549253,0.03733895833146841,0.1774227977030728,0.19845564660455553,0.2003278822048284,0.08791302176762467,-0.12253884132359595,0.07859576960096967,-0.1095518541644067,0.07786122483237215,-0.10852799827782178,0.50275
source_heterogeneity_les_rice_paddy_l100_cv1p0_s9_wind3_n3_op,open_path,3,1.0,100.0,9,-0.010097648987966624,-0.05057698351957919,0.040479334531612565,0.13490921906414638,0.1457633086403721,0.14392601990783602,-0.0748477313708666,-0.37489642198233275,-0.06927428501832097,-0.3469802105299555,-0.07015860644539966,-0.35140958912062253,0.40075
source_heterogeneity_les_rice_paddy_l100_cv1p0_s9_wind3_n3_point,point,3,1.0,100.0,9,0.06519102646211176,0.1364318390332749,-0.07124081257116315,0.14964299621754684,0.16789318840168027,0.1623749508233136,0.43564368603886316,0.91171549943396,0.38828869165402863,0.8126109244340821,0.40148450319192774,0.8402271307335551,0.82425
source_heterogeneity_les_rice_paddy_l100_cv1p0_s9_wind3_n4_op,open_path,4,1.0,100.0,9,0.02029339837372329,-0.03518410924509456,0.05547750761881785,0.1311083752603131,0.1415302430418815,0.13882202271424574,0.15478338689981586,-0.26835897535330755,0.14338559687004906,-0.2485978154837402,0.14618284604234344,-0.2534476054820084,0.44025
source_heterogeneity_les_rice_paddy_l100_cv1p0_s9_wind3_n4_point,point,4,1.0,100.0,9,-0.03759979524974437,-0.12508039923708436,0.08748060398733999,0.16056833866160625,0.17951362310748942,0.17640057817204613,-0.23416693205616954,-0.7789854480632584,-0.20945371498201176,-0.6967738552198267,-0.21315006809712791,-0.7090702339710677,0.2365
source_heterogeneity_les_rice_paddy_l100_cv1p0_s10_wind3_n1_op,open_path,1,1.0,100.0,10,-0.08424925283173355,-0.1373437790804562,0.05309452624872264,0.14540765751726872,0.15726382740342973,0.1560002051675082,-0.5794003855796113,-0.9445429589163497,-0.5357192065255317,-0.8733335653095068,-0.5400586027516394,-0.8804076823679859,0.171
source_heterogeneity_les_rice_paddy_l100_cv1p0_s10_wind3_n1_point,point,1,1.0,100.0,10,0.004459468443595781,0.13553605224548826,-0.13107658380189247,0.32638097962455404,0.36234466932597637,0.3491107586238729,0.013663383352564366,0.41526945718895597,0.012307255552817052,0.3740528389657525,0.012773792653008298,0.38823224119401295,0.72075
source_heterogeneity_les_rice_paddy_l100_cv1p0_s10_wind3_n2_op,open_path,2,1.0,100.0,10,-0.0657110324659941,-0.15752253015251225,0.09181149768651815,0.14647285901872903,0.15830607994141063,0.1557894425345811,-0.4486225837756866,-1.0754383522504352,-0.4150884949606096,-0.9950504125350815,-0.4217938738140615,-1.0111245511232023,0.13025
source_heterogeneity_les_rice_paddy_l100_cv1p0_s10_wind3_n2_point,point,2,1.0,100.0,10,0.01397228924759508,-0.2626563255987799,0.27662861484637497,0.1774227977030728,0.19845564660455553,0.2003278822048284,0.07875137484292467,-1.4803978349972267,0.0704050979987301,-1.3235013973784842,0.06974710206993999,-1.3111321435037326,0.06025
source_heterogeneity_les_rice_paddy_l100_cv1p0_s10_wind3_n3_op,open_path,3,1.0,100.0,10,-0.07149206429376456,-0.16762277019810806,0.0961307059043435,0.13490921906414638,0.1457633086403721,0.14392601990783602,-0.5299271968935766,-1.242485660808748,-0.4904668051282378,-1.1499654594948014,-0.4967278629642158,-1.1646453525599223,0.0875
source_heterogeneity_les_rice_paddy_l100_cv1p0_s10_wind3_n3_point,point,3,1.0,100.0,10,-0.010599861434804486,-0.10836595348437159,0.0977660920495671,0.14964299621754684,0.16789318840168027,0.1623749508233136,-0.07083433039121123,-0.7241632166121037,-0.06313455319845723,-0.6454458010834171,-0.0652801517786977,-0.6673809780074312,0.25375
source_heterogeneity_les_rice_paddy_l100_cv1p0_s10_wind3_n4_op,open_path,4,1.0,100.0,10,-0.0401991900812694,-0.16558320408954336,0.12538401400827395,0.1311083752603131,0.1415302430418815,0.13882202271424574,-0.30661039007961693,-1.2629490965835033,-0.2840325093582556,-1.1699492668895095,-0.2895735798635947,-1.192773314003524,0.0885
source_heterogeneity_les_rice_paddy_l100_cv1p0_s10_wind3_n4_point,point,4,1.0,100.0,10,-0.09930011521277421,-0.24152275665574088,0.14222264144296667,0.16056833866160625,0.17951362310748942,0.17640057817204613,-0.6184289881833225,-1.5041742268053482,-0.5531620023808174,-1.3454285667841575,-0.5629239781511675,-1.3691721374075096,0.03675
source_heterogeneity_les_rice_paddy_l100_cv1p0_s11_wind3_n1_op,open_path,1,1.0,100.0,11,0.18029632524740327,0.1684213276358567,0.011874997611546562,0.14540765751726872,0.15726382740342973,0.1560002051675082,1.2399369354120235,1.158270001123255,1.1464576961165276,1.0709476579366506,1.1557441546554803,1.079622475207716,0.8705
source_heterogeneity_les_rice_paddy_l100_cv1p0_s11_wind3_n1_point,point,1,1.0,100.0,11,0.342733994482604,0.9466822900979303,-0.6039482956153263,0.32638097962455404,0.36234466932597637,0.3491107586238729,1.0501040681870044,2.900543687278982,0.9458783956174888,2.6126568713123963,0.9817342663216542,2.711696121395882,0.98125
source_heterogeneity_les_rice_paddy_l100_cv1p0_s11_wind3_n2_op,open_path,2,1.0,100.0,11,0.1905119894950489,0.20278332602323312,-0.012271336528184212,0.14647285901872903,0.15830607994141063,0.1557894425345811,1.3006641009901276,1.3844430113657018,1.2034407621334426,1.280957282867996,1.2228812581620243,1.3016499881127737,0.90375
source_heterogeneity_les_rice_paddy_l100_cv1p0_s11_wind3_n2_point,point,2,1.0,100.0,11,0.2235658815347955,0.04865779058125523,0.17490809095354026,0.1774227977030728,0.19845564660455553,0.2003278822048284,1.2600741529786144,0.2742476796171754,1.1265281958959568,0.24518219266499972,1.1159998252575098,0.24289075512466263,0.6495
source_heterogeneity_les_rice_paddy_l100_cv1p0_s11_wind3_n3_op,open_path,3,1.0,100.0,11,0.18207052281700528,0.1819390290594275,0.00013149375757778858,0.13490921906414638,0.1457633086403721,0.14392601990783602,1.3495780650129976,1.3486033817519874,1.2490833565407775,1.248181251897268,1.2650285398956724,1.2641149194282824,0.897
source_heterogeneity_les_rice_paddy_l100_cv1p0_s11_wind3_n3_point,point,3,1.0,100.0,11,0.24907471705857923,0.5668595627547415,-0.3177848456961623,0.14964299621754684,0.16789318840168027,0.1623749508233136,1.6644595694708044,3.7880794763736003,1.4835308056850656,3.3763106660321687,1.5339479137370575,3.4910530219132325,0.995
source_heterogeneity_les_rice_paddy_l100_cv1p0_s11_wind3_n4_op,open_path,4,1.0,100.0,11,0.2119692865187976,0.20378750608761192,0.00818178043118567,0.1311083752603131,0.1415302430418815,0.13882202271424574,1.61674863331909,1.5543439210728973,1.497696053952736,1.4398866398279788,1.5269139749902634,1.4679767813720201,0.92175
source_heterogeneity_les_rice_paddy_l100_cv1p0_s11_wind3_n4_point,point,4,1.0,100.0,11,0.13600249704592407,0.11845087125826877,0.017551625787655303,0.16056833866160625,0.17951362310748942,0.17640057817204613,0.8470069390986595,0.7376975575982075,0.7576165791299767,0.6598433545477637,0.7709866852776344,0.6714879989947757,0.79775
source_heterogeneity_les_rice_paddy_l100_cv1p0_s12_wind3_n1_op,open_path,1,1.0,100.0,12,0.0907123953385523,0.06453423023603384,0.026178165102518455,0.14540765751726872,0.15726382740342973,0.1560002051675082,0.6238488184694071,0.4438158989554571,0.5768166579454238,0.41035647740204007,0.581488948948164,0.4136804189888018,0.70575
source_heterogeneity_les_rice_paddy_l100_cv1p0_s12_wind3_n1_point,point,1,1.0,100.0,12,0.24245439684782424,0.4132138003485163,-0.17075940350069205,0.32638097962455404,0.36234466932597637,0.3491107586238729,0.7428570044943394,1.2660474296751258,0.6691264350565203,1.140388793678586,0.6944913350809714,1.1836180642994938,0.88325
source_heterogeneity_les_rice_paddy_l100_cv1p0_s12_wind3_n2_op,open_path,2,1.0,100.0,12,0.10032678793604365,0.07508999097322305,0.025236796962820593,0.14647285901872903,0.15830607994141063,0.1557894425345811,0.6849513869543242,0.512654641114239,0.633751956798973,0.4743342201450127,0.6439896459207997,0.4819966600532323,0.727
source_heterogeneity_les_rice_paddy_l100_cv1p0_s12_wind3_n2_point,point,2,1.0,100.0,12,0.09745224390949193,-0.1853978148840561,0.282850058793548,0.1774227977030728,0.19845564660455553,0.2003278822048284,0.5492656252246898,-1.0449492245879808,0.4910530165144463,-0.9342027705237403,0.4864637055856776,-0.9254718456739497,0.1575
source_heterogeneity_les_rice_paddy_l100_cv1p0_s12_wind3_n3_op,open_path,3,1.0,100.0,12,0.09446962873052721,0.04893776087750928,0.04553186785301793,0.13490921906414638,0.1457633086403721,0.14392601990783602,0.7002459089590384,0.3627458613798694,0.6481029390160394,0.33573442681826565,0.6563763021517685,0.3400202472690268,0.673
source_heterogeneity_les_rice_paddy_l100_cv1p0_s12_wind3_n3_point,point,3,1.0,100.0,12,0.16185474887729775,0.153231117072777,0.008623631804520748,0.14964299621754684,0.16789318840168027,0.1623749508233136,1.0816059085184169,1.0239778736454452,0.9640340410360443,0.9126702430963154,0.9967962918949124,0.943686919046483,0.84325
source_heterogeneity_les_rice_paddy_l100_cv1p0_s12_wind3_n4_op,open_path,4,1.0,100.0,12,0.12013474244372616,0.05996939718753988,0.060165345256186276,0.1311083752603131,0.1415302430418815,0.13882202271424574,0.9163010540341224,0.45740325184010416,0.84882735916857,0.4237214315373838,0.8653867743377729,0.43198763434662085,0.704
source_heterogeneity_les_rice_paddy_l100_cv1p0_s12_wind3_n4_point,point,4,1.0,100.0,12,0.045674335930416955,0.05223152603227431,-0.006557190101857353,0.16056833866160625,0.17951362310748942,0.17640057817204613,0.2844541851222268,0.3252915641255462,0.2544338147699688,0.29096134949601593,0.2589239582076091,0.2960961158604147,0.68575
source_heterogeneity_les_rice_paddy_l100_cv1p0_s13_wind3_n1_op,open_path,1,1.0,100.0,13,0.13333271065244956,0.16053520306565353,-0.027202492413203966,0.14540765751726872,0.15726382740342973,0.1560002051675082,0.916957971327025,1.1040354119354976,0.847828218693994,1.0208018316496374,0.8546957390811186,1.029070461114303,0.862
source_heterogeneity_les_rice_paddy_l100_cv1p0_s13_wind3_n1_point,point,1,1.0,100.0,13,0.2463547726345482,-0.17236945528300318,0.4187242279175514,0.32638097962455404,0.36234466932597637,0.3491107586238729,0.7548073816002929,-0.528123469331102,0.6798907048717195,-0.47570578478121434,0.7056636512882933,-0.49373859448631785,0.35325
source_heterogeneity_les_rice_paddy_l100_cv1p0_s13_wind3_n2_op,open_path,2,1.0,100.0,13,0.13688944910372566,0.1638448603859322,-0.02695541128220655,0.14647285901872903,0.15830607994141063,0.1557894425345811,0.9345721113166914,1.118602186668466,0.8647137820252305,1.0349877935615075,0.8786824503421652,1.0517070843845084,0.8645
source_heterogeneity_les_rice_paddy_l100_cv1p0_s13_wind3_n2_point,point,2,1.0,100.0,13,0.17266897295024558,0.30641219588932955,-0.13374322293908397,0.1774227977030728,0.19845564660455553,0.2003278822048284,0.9732062349688397,1.7270170454764664,0.87006329073774,1.5439832583846262,0.8619318042492831,1.529553412719821,0.92625
source_heterogeneity_les_rice_paddy_l100_cv1p0_s13_wind3_n3_op,open_path,3,1.0,100.0,13,0.1416527192719832,0.16086982580299702,-0.019217106531013828,0.13490921906414638,0.1457633086403721,0.14392601990783602,1.049985466186936,1.1924301906047425,0.9717995604879512,1.1036373097148597,0.9842050753761652,1.1177258004217103,0.87825
source_heterogeneity_les_rice_paddy_l100_cv1p0_s13_wind3_n3_point,point,3,1.0,100.0,13,0.20737313657772047,-0.0372660224922953,0.24463915907001577,0.14964299621754684,0.16789318840168027,0.1623749508233136,1.3857857822911215,-0.24903285442186004,1.2351491954610179,-0.22196268262615435,1.2771251694072636,-0.229505981700625,0.4545
source_heterogeneity_les_rice_paddy_l100_cv1p0_s13_wind3_n4_op,open_path,4,1.0,100.0,13,0.1575506454580292,0.1425666637461952,0.014983981711833988,0.1311083752603131,0.1415302430418815,0.13882202271424574,1.2016825404572018,1.0873955493928735,1.1131941984400249,1.0073229627960647,1.1349110348459255,1.0269744018905236,0.8575
source_heterogeneity_les_rice_paddy_l100_cv1p0_s13_wind3_n4_point,point,4,1.0,100.0,13,0.06691474117798683,0.2087938015169521,-0.14187906033896525,0.16056833866160625,0.17951362310748942,0.17640057817204613,0.4167368345200854,1.3003422919943128,0.37275578320827235,1.163108392012846,0.37933402413638284,1.1836344510918346,0.89475
source_heterogeneity_les_rice_paddy_l100_cv1p0_s14_wind3_n1_op,open_path,1,1.0,100.0,14,0.0017420940816640792,-0.06893069278041176,0.07067278686207584,0.14540765751726872,0.15726382740342973,0.1560002051675082,0.011980758863797712,-0.4740513254759331,0.011077525648635499,-0.4383124455160531,0.01116725506734733,-0.4418628341315072,0.3595
source_heterogeneity_les_rice_paddy_l100_cv1p0_s14_wind3_n1_point,point,1,1.0,100.0,14,-0.08711181853646432,-0.18430711092028482,0.09719529238382049,0.32638097962455404,0.36234466932597637,0.3491107586238729,-0.2669022521982491,-0.5646993005912871,-0.24041148086573855,-0.5086513657372905,-0.24952487537147885,-0.5279330595447354,0.33625
source_heterogeneity_les_rice_paddy_l100_cv1p0_s14_wind3_n2_op,open_path,2,1.0,100.0,14,0.025932938479890456,-0.030348364452068698,0.056281302931959154,0.14647285901872903,0.15830607994141063,0.1557894425345811,0.17704944556707597,-0.20719445674360837,0.16381517683646948,-0.1917068786195747,0.16646146271519033,-0.1948037296900409,0.473
source_heterogeneity_les_rice_paddy_l100_cv1p0_s14_wind3_n2_point,point,2,1.0,100.0,14,0.19307164121812304,-0.04258114206959343,0.23565278328771647,0.1774227977030728,0.19845564660455553,0.2003278822048284,1.0882008609808953,-0.2399981435353951,0.972870485276941,-0.21456251206820529,0.9637781775215589,-0.21255724166272408,0.45925
source_heterogeneity_les_rice_paddy_l100_cv1p0_s14_wind3_n3_op,open_path,3,1.0,100.0,14,0.03100363781763122,-0.05506120840251076,0.08606484622014199,0.13490921906414638,0.1457633086403721,0.14392601990783602,0.22981111322636646,-0.4081352540950546,0.21269850490375145,-0.3777439529611531,0.21541370933125648,-0.3825660463463769,0.386
source_heterogeneity_les_rice_paddy_l100_cv1p0_s14_wind3_n3_point,point,3,1.0,100.0,14,0.08438017015564524,-0.1922154024673106,0.2765955726229558,0.14964299621754684,0.16789318840168027,0.1623749508233136,0.5638765080122806,-1.2844931425181647,0.5025824511341567,-1.1448671878661332,0.5196624832081552,-1.183774969554679,0.08025
source_heterogeneity_les_rice_paddy_l100_cv1p0_s14_wind3_n4_op,open_path,4,1.0,100.0,14,0.05827795006478399,-0.021371655552897027,0.07964960561768102,0.1311083752603131,0.1415302430418815,0.13882202271424574,0.4445021147510544,-0.16300755394507807,0.4117702959609731,-0.15100416062009267,0.41980334910365474,-0.15395003714136127,0.483
source_heterogeneity_les_rice_paddy_l100_cv1p0_s14_wind3_n4_point,point,4,1.0,100.0,14,0.013854741552722045,0.08339580362066806,-0.06954106206794602,0.16056833866160625,0.17951362310748942,0.17640057817204613,0.08628563805421545,0.5193788782757641,0.07717933220269352,0.4645653192055079,0.07854136135092091,0.47276377710809364,0.743
source_heterogeneity_les_rice_paddy_l100_cv1p0_s15_wind3_n1_op,open_path,1,1.0,100.0,15,0.12191333140747586,0.08666870334140384,0.03524462806607202,0.14540765751726872,0.15726382740342973,0.1560002051675082,0.8384244233698445,0.5960394715189673,0.7752153398551782,0.5511038664922745,0.7814946863471691,0.5555678804931163,0.7525
source_heterogeneity_les_rice_paddy_l100_cv1p0_s15_wind3_n1_point,point,1,1.0,100.0,15,0.18960026094744997,0.3177091114800116,-0.1281088505325616,0.32638097962455404,0.36234466932597637,0.3491107586238729,0.5809170043105849,0.9734302282120791,0.5232594184430509,0.8768146419016054,0.5430948667833027,0.910052479426184,0.842
source_heterogeneity_les_rice_paddy_l100_cv1p0_s15_wind3_n2_op,open_path,2,1.0,100.0,15,0.1523742844049537,0.1299041606472639,0.02247012375768981,0.14647285901872903,0.15830607994141063,0.1557894425345811,1.0402902314173446,0.8868821262692324,0.9625295785313344,0.8205885755957173,0.9780783724874725,0.833844441149654,0.82275
source_heterogeneity_les_rice_paddy_l100_cv1p0_s15_wind3_n2_point,point,2,1.0,100.0,15,0.23590579055279184,-0.20689775715393185,0.4428035477067237,0.1774227977030728,0.19845564660455553,0.2003278822048284,1.3296250177927738,-1.1661283658720516,1.1887078780018783,-1.0425390292179397,1.1775983849895955,-1.0327956092621495,0.123
source_heterogeneity_les_rice_paddy_l100_cv1p0_s15_wind3_n3_op,open_path,3,1.0,100.0,15,0.13558425754125508,0.0679392956655287,0.06764496187572638,0.13490921906414638,0.1457633086403721,0.14392601990783602,1.0050036497267674,0.5035926835602321,0.9301672609241409,0.46609325967722676,0.942041318366737,0.47204317682816543,0.72075
source_heterogeneity_les_rice_paddy_l100_cv1p0_s15_wind3_n3_point,point,3,1.0,100.0,15,0.22611754797241565,0.016015267479868322,0.21010228049254734,0.14964299621754684,0.16789318840168027,0.1623749508233136,1.511046648943678,0.10702316770365765,1.3467940547500656,0.0953896202242118,1.3925642275849728,0.09863139233400076,0.599
source_heterogeneity_les_rice_paddy_l100_cv1p0_s15_wind3_n4_op,open_path,4,1.0,100.0,15,0.18034670062479988,0.12260596834620839,0.057740732278591486,0.1311083752603131,0.1415302430418815,0.13882202271424574,1.3755543859553216,0.9351497804985887,1.2742626363711667,0.8662881212598988,1.299121689042303,0.8831881710770284,0.82975
source_heterogeneity_les_rice_paddy_l100_cv1p0_s15_wind3_n4_point,point,4,1.0,100.0,15,0.12922144798112234,0.27643387085815674,-0.1472124228770344,0.16056833866160625,0.17951362310748942,0.17640057817204613,0.804775393818163,1.7215963817171591,0.7198420139052452,1.539904693988786,0.7325454900442034,1.567080299411188,0.933
source_heterogeneity_les_rice_paddy_l100_cv1p0_s16_wind3_n1_op,open_path,1,1.0,100.0,16,0.2463157902908264,0.20116477604653438,0.04515101424429202,0.14540765751726872,0.15726382740342973,0.1560002051675082,1.693967116288726,1.3834537979723929,1.5662583974822843,1.2791547768355231,1.5789452970676552,1.2895160992290353,0.90175
source_heterogeneity_les_rice_paddy_l100_cv1p0_s16_wind3_n1_point,point,1,1.0,100.0,16,0.37003994641947635,0.5405921567859368,-0.1705522103664604,0.32638097962455404,0.36234466932597637,0.3491107586238729,1.1337668844708553,1.656322489771911,1.0212374508166893,1.4919279971512525,1.0599499937443986,1.5484832347099426,0.92775
source_heterogeneity_les_rice_paddy_l100_cv1p0_s16_wind3_n2_op,open_path,2,1.0,100.0,16,0.26224236234982207,0.23209509257155722,0.030147269778264846,0.14647285901872903,0.15830607994141063,0.1557894425345811,1.7903819458886232,1.5845604033842198,1.6565526886072754,1.4661161002625802,1.6833127976025157,1.489799878576742,0.92475
source_heterogeneity_les_rice_paddy_l100_cv1p0_s16_wind3_n2_point,point,2,1.0,100.0,16,0.30040403294306506,0.02377099329833237,0.2766330396447327,0.1774227977030728,0.19845564660455553,0.2003278822048284,1.6931535114546463,0.13397936232588603,1.5137086703390847,0.11977987880434897,1.4995617666237406,0.11866043326923081,0.6045
source_heterogeneity_les_rice_paddy_l100_cv1p0_s16_wind3_n3_op,open_path,3,1.0,100.0,16,0.25103512256346366,0.18234518906071842,0.06868993350274524,0.13490921906414638,0.1457633086403721,0.14392601990783602,1.8607707042177892,1.3516139988477531,1.722210650300335,1.2509676870096391,1.744195543823248,1.2669369247998685,0.89775
source_heterogeneity_les_rice_paddy_l100_cv1p0_s16_wind3_n3_point,point,3,1.0,100.0,16,0.3363004116106574,0.12835539526627485,0.20794501634438253,0.14964299621754684,0.16789318840168027,0.1623749508233136,2.247351497304646,0.8577440876663237,2.003061677559348,0.7645062702555137,2.0711348019227347,0.7904876621391145,0.81325
source_heterogeneity_les_rice_paddy_l100_cv1p0_s16_wind3_n4_op,open_path,4,1.0,100.0,16,0.2836643525433176,0.20820259575810043,0.07546175678521719,0.1311083752603131,0.1415302430418815,0.13882202271424574,2.163586818768119,1.5880190365010494,2.0042666955597324,1.4710820195263095,2.0433670897247946,1.4997807385840298,0.9245
source_heterogeneity_les_rice_paddy_l100_cv1p0_s16_wind3_n4_point,point,4,1.0,100.0,16,0.2071869889742468,0.20284375889924355,0.004343230075003257,0.16056833866160625,0.17951362310748942,0.17640057817204613,1.290335259748114,1.2632861533601072,1.1541574694316492,1.1299630378346521,1.174525566306105,1.1499041613197378,0.8915
source_heterogeneity_les_rice_paddy_l100_cv1p0_s17_wind3_n1_op,open_path,1,1.0,100.0,17,0.010569009121560372,0.005159472530935721,0.005409536590624651,0.14540765751726872,0.15726382740342973,0.1560002051675082,0.07268536817124083,0.03548281169664657,0.06720559518399381,0.03280775125547529,0.06774996936838446,0.03307349836749021,0.5675
source_heterogeneity_les_rice_paddy_l100_cv1p0_s17_wind3_n1_point,point,1,1.0,100.0,17,0.20743851742163066,0.10627495251637781,0.10116356490525286,0.32638097962455404,0.36234466932597637,0.3491107586238729,0.6355717102762958,0.32561625569795494,0.5724894968304683,0.2932979605138598,0.5941911336084662,0.30441614843178455,0.69025
source_heterogeneity_les_rice_paddy_l100_cv1p0_s17_wind3_n2_op,open_path,2,1.0,100.0,17,0.013367381638571488,-0.023164700342020297,0.03653208198059178,0.14647285901872903,0.15830607994141063,0.1557894425345811,0.09126183327152945,-0.15815012076099572,0.08444010263862753,-0.14632855763084776,0.08580415605251483,-0.14869236300706545,0.489
source_heterogeneity_les_rice_paddy_l100_cv1p0_s17_wind3_n2_point,point,2,1.0,100.0,17,0.02271148847266788,0.041828467821762944,-0.019116979349095065,0.1774227977030728,0.19845564660455553,0.2003278822048284,0.1280077237350121,0.23575588009701706,0.11444113010260167,0.2107698548135076,0.11337157974567993,0.2088000300377297,0.6365
source_heterogeneity_les_rice_paddy_l100_cv1p0_s17_wind3_n3_op,open_path,3,1.0,100.0,17,0.014188531610619485,-0.02053531283183555,0.034723844442455035,0.13490921906414638,0.1457633086403721,0.14392601990783602,0.10517095650722838,-0.1522157860988837,0.09733952764220997,-0.1408812205443303,0.09858211614345484,-0.1426796408667833,0.49025
source_heterogeneity_les_rice_paddy_l100_cv1p0_s17_wind3_n3_point,point,3,1.0,100.0,17,0.09825139632360597,-0.0015584773396983614,0.09980987366330432,0.14964299621754684,0.16789318840168027,0.1623749508233136,0.6565719666610444,-0.010414636027687458,0.5852018015676845,-0.00928255252363034,0.6050896140410048,-0.009598015776424778,0.55625
source_heterogeneity_les_rice_paddy_l100_cv1p0_s17_wind3_n4_op,open_path,4,1.0,100.0,17,0.03383593304130279,-0.030471991163363084,0.06430792420466588,0.1311083752603131,0.1415302430418815,0.13882202271424574,0.2580760609238137,-0.23241834171815146,0.23907210440732513,-0.21530374362704824,0.2437360613232917,-0.21950401361091887,0.454
source_heterogeneity_les_rice_paddy_l100_cv1p0_s17_wind3_n4_point,point,4,1.0,100.0,17,-0.05672045421813641,-0.10967324345418053,0.05295278923604412,0.16056833866160625,0.17951362310748942,0.17640057817204613,-0.35324806055117347,-0.6830315638085672,-0.3159674081346643,-0.610946632103293,-0.321543471149035,-0.621728367280149,0.273
source_heterogeneity_les_rice_paddy_l100_cv1p0_s18_wind3_n1_op,open_path,1,1.0,100.0,18,-0.016887218679308782,-0.060331917285396316,0.04344469860608753,0.14540765751726872,0.15726382740342973,0.1560002051675082,-0.11613706573399164,-0.414915681302625,-0.10738145546965426,-0.38363505633515155,-0.10825125942094632,-0.38674255088712073,0.3845
source_heterogeneity_les_rice_paddy_l100_cv1p0_s18_wind3_n1_point,point,1,1.0,100.0,18,-0.0896898002806061,-0.21020607279534795,0.12051627251474185,0.32638097962455404,0.36234466932597637,0.3491107586238729,-0.27480094086297246,-0.6440512343493618,-0.24752620328993552,-0.5801274051757613,-0.2569092990263203,-0.6021185758466443,0.29925
source_heterogeneity_les_rice_paddy_l100_cv1p0_s18_wind3_n2_op,open_path,2,1.0,100.0,18,-0.0012059416123036534,-0.04714747106957438,0.04594152945727072,0.14647285901872903,0.15830607994141063,0.1557894425345811,-0.008233208666661265,-0.3218853744334012,-0.00761778456487568,-0.2978247650818196,-0.007740842978085415,-0.3026358545387881,0.4245
source_heterogeneity_les_rice_paddy_l100_cv1p0_s18_wind3_n2_point,point,2,1.0,100.0,18,0.14251193145121588,0.18321901192859755,-0.04070708047738167,0.1774227977030728,0.19845564660455553,0.2003278822048284,0.8032334812447144,1.0326689371409026,0.7181046943712638,0.9232239800849877,0.7113933910882276,0.9145956614330021,0.8335
source_heterogeneity_les_rice_paddy_l100_cv1p0_s18_wind3_n3_op,open_path,3,1.0,100.0,18,0.013328062518059349,-0.03227457910345182,0.04560264162151117,0.13490921906414638,0.1457633086403721,0.14392601990783602,0.09879282239208684,-0.23923182809401605,0.0914363336176898,-0.22141771756210482,0.09260356484945573,-0.2242442271669783,0.456
source_heterogeneity_les_rice_paddy_l100_cv1p0_s18_wind3_n3_point,point,3,1.0,100.0,18,0.08599368223294801,0.027228067255435605,0.058765614977512405,0.14964299621754684,0.16789318840168027,0.1623749508233136,0.5746589176010134,0.1819535022932326,0.5121927997889364,0.16217493702182326,0.5295994351155864,0.16768637722368585,0.62625
source_heterogeneity_les_rice_paddy_l100_cv1p0_s18_wind3_n4_op,open_path,4,1.0,100.0,18,0.035279161927370205,-0.02271950133066316,0.057998663258033364,0.1311083752603131,0.1415302430418815,0.13882202271424574,0.2690839685666466,-0.17328794812348208,0.24926942234480887,-0.16052753702924136,0.2541323144382473,-0.1636592010867719,0.47725
source_heterogeneity_les_rice_paddy_l100_cv1p0_s18_wind3_n4_point,point,4,1.0,100.0,18,-0.01655735373237509,0.002315580239081962,-0.018872933971457055,0.16056833866160625,0.17951362310748942,0.17640057817204613,-0.1031171765890242,0.014421150884309697,-0.09223452485531339,0.012899189482100951,-0.09386224185856384,0.013126829078890784,0.57525
source_heterogeneity_les_rice_paddy_l100_cv1p0_s19_wind3_n1_op,open_path,1,1.0,100.0,19,0.0008683598207480445,-0.0012384357041886097,0.0021067955249366543,0.14540765751726872,0.15726382740342973,0.1560002051675082,0.005971898836517034,-0.008516990957243996,0.00552167548689017,-0.007874892304456283,0.0055664017865593605,-0.00793867997070142,0.54775
source_heterogeneity_les_rice_paddy_l100_cv1p0_s19_wind3_n1_point,point,1,1.0,100.0,19,0.049553679083231175,-0.18978183084790212,0.23933550993113328,0.32638097962455404,0.36234466932597637,0.3491107586238729,0.15182771722860283,-0.5814733170609817,0.13675840512683565,-0.5237605156464122,0.1419425722614857,-0.5436149593211775,0.328
source_heterogeneity_les_rice_paddy_l100_cv1p0_s19_wind3_n2_op,open_path,2,1.0,100.0,19,0.003223489765028245,0.0035716738980529628,-0.0003481841330247176,0.14647285901872903,0.15830607994141063,0.1557894425345811,0.022007420259449347,0.024384544153645993,0.020362387636793638,0.022561823900729812,0.020691323574848253,0.022926289740462652,0.56275
source_heterogeneity_les_rice_paddy_l100_cv1p0_s19_wind3_n2_point,point,2,1.0,100.0,19,0.029308590111666134,-0.15745441241277347,0.18676300252443961,0.1774227977030728,0.19845564660455553,0.2003278822048284,0.165190665974706,-0.8874531032718943,0.1476833267942569,-0.7933985004040652,0.1463030996439083,-0.7859835120294525,0.21
source_heterogeneity_les_rice_paddy_l100_cv1p0_s19_wind3_n3_op,open_path,3,1.0,100.0,19,0.01488113763021625,-0.007514978477113514,0.022396116107329764,0.13490921906414638,0.1457633086403721,0.14392601990783602,0.11030482374329507,-0.05570396544612942,0.1020911076252465,-0.051556036613126716,0.1033943524579189,-0.052214175601644375,0.525
source_heterogeneity_les_rice_paddy_l100_cv1p0_s19_wind3_n3_point,point,3,1.0,100.0,19,0.0869682479031331,-0.029365890962959097,0.11633413886609219,0.14964299621754684,0.16789318840168027,0.1623749508233136,0.5811715222321603,-0.1962396617631725,0.5179974764376011,-0.17490817371757772,0.5356013810145296,-0.18085234707731027,0.476
source_heterogeneity_les_rice_paddy_l100_cv1p0_s19_wind3_n4_op,open_path,4,1.0,100.0,19,0.026600365102706556,-0.004028899597410353,0.03062926470011691,0.1311083752603131,0.1415302430418815,0.13882202271424574,0.2028883742163081,-0.03072953645723282,0.18794827544269108,-0.028466704435871876,0.19161487912808564,-0.029022049373992533,0.53625
source_heterogeneity_les_rice_paddy_l100_cv1p0_s19_wind3_n4_point,point,4,1.0,100.0,19,-0.05000682388684165,0.08843025436270174,-0.13843707824954338,0.16056833866160625,0.17951362310748942,0.17640057817204613,-0.31143639090785996,0.5507328225464566,-0.27856840623677065,0.49261027008379943,-0.2834844670297466,0.5013036537581775,0.74875
source_heterogeneity_les_rice_paddy_l100_cv2p0_s0_wind3_n1_op,open_path,1,2.0,100.0,0,-0.09774127145692753,-0.09550159157858382,-0.0022396798783437116,0.2215703589881211,0.27051205251869626,0.25543945301910553,-0.4411297246766101,-0.4310215139548692,-0.36131947004532156,-0.35304006120756226,-0.38263968350111127,-0.3738717353557784,0.38425
source_heterogeneity_les_rice_paddy_l100_cv2p0_s0_wind3_n1_point,point,1,2.0,100.0,0,-0.19753392230547107,-0.4319204774557091,0.23438655515023804,0.4973352301870261,0.6462601335973432,0.5818491572505271,-0.39718465597377284,-0.8684694975123373,-0.30565698243819867,-0.6683384213280593,-0.3394933546675548,-0.7423238000321394,0.17025
source_heterogeneity_les_rice_paddy_l100_cv2p0_s0_wind3_n2_op,open_path,2,2.0,100.0,0,-0.09364708777644491,-0.07677560667823566,-0.016871481098209254,0.2231934996335526,0.2718370921347442,0.2564865419776293,-0.419578025032979,-0.34398675052942274,-0.34449709214085444,-0.28243241595661095,-0.36511501560426035,-0.29933580953706335,0.43025
source_heterogeneity_les_rice_paddy_l100_cv2p0_s0_wind3_n2_point,point,2,2.0,100.0,0,0.029134850284813503,-0.2608111121951914,0.28994596248000487,0.27035462678489236,0.35698035267190636,0.3074122466464443,0.10776531044166167,-0.9647000138181683,0.08161471651519929,-0.7306035479070125,0.09477452704843467,-0.8484083345422181,0.1835
source_heterogeneity_les_rice_paddy_l100_cv2p0_s0_wind3_n3_op,open_path,3,2.0,100.0,0,-0.07481184176050977,-0.09334618637358452,0.018534344613074752,0.2055729705658728,0.2501905569206537,0.23516896510862043,-0.3639186686585211,-0.4540781121011876,-0.2990194461425491,-0.3731003580730214,-0.318119534718178,-0.3969324197624017,0.372
source_heterogeneity_les_rice_paddy_l100_cv2p0_s0_wind3_n3_point,point,3,2.0,100.0,0,-0.02483340212508812,-0.31617225420978384,0.29133885208469573,0.22802411481006238,0.30379669181032753,0.27444203381818505,-0.1089069116473652,-1.386573759854945,-0.08174349094160845,-1.0407363303586692,-0.09048687542353658,-1.1520547702224238,0.0515
source_heterogeneity_les_rice_paddy_l100_cv2p0_s0_wind3_n4_op,open_path,4,2.0,100.0,0,-0.056094909165693874,-0.04480604597678457,-0.011288863188909301,0.199781292600267,0.24261745550948324,0.2277505093168348,-0.28078159088664795,-0.22427548342293932,-0.23120722722896284,-0.18467775075249368,-0.2462998187532372,-0.19673302207396035,0.4745
source_heterogeneity_les_rice_paddy_l100_cv2p0_s0_wind3_n4_point,point,4,2.0,100.0,0,-0.09956015164530639,0.0337503353539017,-0.13331048699920808,0.24467201416234313,0.32472914180609663,0.31217649412109116,-0.4069127071445405,0.13794113507198213,-0.30659444696452925,0.10393380515893093,-0.31892263998162423,0.10811299373747907,0.6475
source_heterogeneity_les_rice_paddy_l100_cv2p0_s1_wind3_n1_op,open_path,1,2.0,100.0,1,0.08532266264898311,0.06400964743048308,0.021313015218500028,0.2215703589881211,0.27051205251869626,0.25543945301910553,0.3850815742621848,0.28889084136888,0.3154116862984731,0.23662401299498143,0.3340230400610881,0.2505863783919687,0.6825
source_heterogeneity_les_rice_paddy_l100_cv2p0_s1_wind3_n1_point,point,1,2.0,100.0,1,0.17722157509264394,0.01234594609229342,0.16487562900035052,0.4973352301870261,0.6462601335973432,0.5818491572505271,0.35634229054313854,0.024824193708639235,0.2742263770877488,0.019103678921939576,0.3045833664692197,0.02121846519574423,0.62375
source_heterogeneity_les_rice_paddy_l100_cv2p0_s1_wind3_n2_op,open_path,2,2.0,100.0,1,0.08980714193697151,0.06072852429214133,0.029078617644830176,0.2231934996335526,0.2718370921347442,0.2564865419776293,0.4023734655553151,0.27208912621491077,0.33037118382820213,0.22340043374963492,0.3501436810076548,0.2367708021789231,0.671
source_heterogeneity_les_rice_paddy_l100_cv2p0_s1_wind3_n2_point,point,2,2.0,100.0,1,0.19289258164037765,0.49097390713629285,-0.2980813254959152,0.27035462678489236,0.35698035267190636,0.3074122466464443,0.7134798613742706,1.8160366366762282,0.5403450923744855,1.3753527426971235,0.627472014354145,1.5971188932526925,0.9415
source_heterogeneity_les_rice_paddy_l100_cv2p0_s1_wind3_n3_op,open_path,3,2.0,100.0,1,0.0997400908789896,0.07505265907135628,0.02468743180763333,0.2055729705658728,0.2501905569206537,0.23516896510862043,0.4851809583936979,0.36509011308617917,0.3986564964984731,0.29998198171467655,0.42412097545661015,0.31914355296282726,0.697
source_heterogeneity_les_rice_paddy_l100_cv2p0_s1_wind3_n3_point,point,3,2.0,100.0,1,0.1760191569047873,0.07384359273930674,0.10217556416548057,0.22802411481006238,0.30379669181032753,0.27444203381818505,0.7719322013437319,0.3238411551375448,0.5793978724912618,0.24306911408176313,0.6413709826294253,0.2690680859340495,0.696
source_heterogeneity_les_rice_paddy_l100_cv2p0_s1_wind3_n4_op,open_path,4,2.0,100.0,1,0.11721891963084555,0.06803644177629971,0.04918247785454584,0.199781292600267,0.24261745550948324,0.2277505093168348,0.5867362159147872,0.3405546179563,0.48314297660360955,0.28042682103572036,0.5146812623271749,0.29873233645177455,0.6885
source_heterogeneity_les_rice_paddy_l100_cv2p0_s1_wind3_n4_point,point,4,2.0,100.0,1,0.029342275527810574,-0.04480631288908436,0.07414858841689494,0.24467201416234313,0.32472914180609663,0.31217649412109116,0.11992493554388114,-0.18312806653626834,0.09035923097204357,-0.13798057248535847,0.09399258458078814,-0.1435287849433798,0.5195
source_heterogeneity_les_rice_paddy_l100_cv2p0_s2_wind3_n1_op,open_path,1,2.0,100.0,2,-0.15792441265137935,-0.17453469488418266,0.01661028223280331,0.2215703589881211,0.27051205251869626,0.25543945301910553,-0.7127506286156536,-0.7877168032820665,-0.5837980643781648,-0.6452011777631232,-0.6182459709525272,-0.6832722698914031,0.22225
source_heterogeneity_les_rice_paddy_l100_cv2p0_s2_wind3_n1_point,point,1,2.0,100.0,2,-0.023820678018384653,-0.4817865975838286,0.4579659195654439,0.4973352301870261,0.6462601335973432,0.5818491572505271,-0.04789662298692722,-0.9687361126672037,-0.03685927195568942,-0.7454994862548786,-0.0409396107591648,-0.8280266312672263,0.1255
source_heterogeneity_les_rice_paddy_l100_cv2p0_s2_wind3_n2_op,open_path,2,2.0,100.0,2,-0.14968714369670016,-0.23305763491343076,0.0833704912167306,0.2231934996335526,0.2718370921347442,0.2564865419776293,-0.6706608568012156,-1.0441954416059316,-0.550650179933882,-0.8573430251303187,-0.5836062295609874,-0.9086544390066204,0.12525
source_heterogeneity_les_rice_paddy_l100_cv2p0_s2_wind3_n2_point,point,2,2.0,100.0,2,-0.09767384953855554,0.11128859299078045,-0.208962442529336,0.27035462678489236,0.35698035267190636,0.3074122466464443,-0.36128048075267355,0.41163931357212247,-0.27361127526344753,0.31174991048614825,-0.3177292076164113,0.36201743490972166,0.719
source_heterogeneity_les_rice_paddy_l100_cv2p0_s2_wind3_n3_op,open_path,3,2.0,100.0,2,-0.1448563377080714,-0.18934302211415552,0.04448668440608411,0.2055729705658728,0.2501905569206537,0.23516896510862043,-0.7046468089133068,-0.921050182779177,-0.5789840331744082,-0.7567952381760134,-0.6159670670879757,-0.8051360944957227,0.17175
source_heterogeneity_les_rice_paddy_l100_cv2p0_s2_wind3_n3_point,point,3,2.0,100.0,2,-0.083792007221213,-0.3997716331162029,0.3159796258949899,0.22802411481006238,0.30379669181032753,0.27444203381818505,-0.36746993751520257,-1.7531989256890717,-0.2758160621233088,-1.3159183226583533,-0.30531768787548164,-1.456670567384905,0.0125
source_heterogeneity_les_rice_paddy_l100_cv2p0_s2_wind3_n4_op,open_path,4,2.0,100.0,2,-0.12485296586661154,-0.25183352599369757,0.12698056012708603,0.199781292600267,0.24261745550948324,0.2277505093168348,-0.6249482333484746,-1.2605460837495903,-0.514608339306944,-1.037986015741782,-0.548200600038714,-1.1057429761588797,0.071
source_heterogeneity_les_rice_paddy_l100_cv2p0_s2_wind3_n4_point,point,4,2.0,100.0,2,-0.20011100201523657,-0.36767627800821345,0.16756527599297688,0.24467201416234313,0.32472914180609663,0.31217649412109116,-0.8178745031397839,-1.5027312349840525,-0.6162397403024812,-1.1322552572992095,-0.6410188011709006,-1.177783353110482,0.022
source_heterogeneity_les_rice_paddy_l100_cv2p0_s3_wind3_n1_op,open_path,1,2.0,100.0,3,-0.14626129792507767,-0.1418590162658811,-0.004402281659196566,0.2215703589881211,0.27051205251869626,0.25543945301910553,-0.6601122036044499,-0.6402436540416784,-0.540683110283853,-0.5244092266686587,-0.5725869523927382,-0.5553528031367605,0.2895
source_heterogeneity_les_rice_paddy_l100_cv2p0_s3_wind3_n1_point,point,1,2.0,100.0,3,-0.1416550589229044,-0.3060976767917376,0.1644426178688332,0.4973352301870261,0.6462601335973432,0.5818491572505271,-0.28482812060113677,-0.6154755549423426,-0.21919201194478063,-0.47364468404986565,-0.24345667112810115,-0.5260773741396706,0.3135
source_heterogeneity_les_rice_paddy_l100_cv2p0_s3_wind3_n2_op,open_path,2,2.0,100.0,3,-0.14008041815578703,-0.12291614262843222,-0.01716427552735482,0.2231934996335526,0.2718370921347442,0.2564865419776293,-0.6276187182233187,-0.5507156025163839,-0.5153101699835428,-0.45216839859184904,-0.5461511433531854,-0.4792303786416713,0.33225
source_heterogeneity_les_rice_paddy_l100_cv2p0_s3_wind3_n2_point,point,2,2.0,100.0,3,-0.1914817497390292,-0.20419320802319496,0.012711458284165755,0.27035462678489236,0.35698035267190636,0.3074122466464443,-0.7082614121169882,-0.7552791326395951,-0.5363929647831804,-0.5720012501944748,-0.6228826334275905,-0.6642325094420788,0.2675
source_heterogeneity_les_rice_paddy_l100_cv2p0_s3_wind3_n3_op,open_path,3,2.0,100.0,3,-0.12651945513322618,-0.1188721164659486,-0.007647338667277584,0.2055729705658728,0.2501905569206537,0.23516896510862043,-0.6154479102236105,-0.5782477926875985,-0.505692367811272,-0.4751263114364789,-0.5379938423200913,-0.5054753564571909,0.3175
source_heterogeneity_les_rice_paddy_l100_cv2p0_s3_wind3_n3_point,point,3,2.0,100.0,3,-0.07414180658199424,-0.10171147147053046,0.027569664888536224,0.22802411481006238,0.30379669181032753,0.27444203381818505,-0.32514897226441275,-0.4460557671948567,-0.24405073715642678,-0.33480111605044405,-0.27015470462193264,-0.3706118558278621,0.40075
source_heterogeneity_les_rice_paddy_l100_cv2p0_s3_wind3_n4_op,open_path,4,2.0,100.0,3,-0.11327255925325821,-0.11988112241064447,0.006608563157386255,0.199781292600267,0.24261745550948324,0.2277505093168348,-0.5669828129498589,-0.6000618018350146,-0.46687720393156423,-0.49411581767231355,-0.4973537033705565,-0.526370381213383,0.3105
source_heterogeneity_les_rice_paddy_l100_cv2p0_s3_wind3_n4_point,point,4,2.0,100.0,3,-0.16741506601432427,-0.012646629302371329,-0.15476843671195295,0.24467201416234313,0.32472914180609663,0.31217649412109116,-0.6842428080198912,-0.051688090874096135,-0.515552946936594,-0.03894516282718761,-0.5362833818916074,-0.040511151673917466,0.575
source_heterogeneity_les_rice_paddy_l100_cv2p0_s4_wind3_n1_op,open_path,1,2.0,100.0,4,0.11115808354355783,0.06499565294663047,0.04616243059692736,0.2215703589881211,0.27051205251869626,0.25543945301910553,0.5016830051239718,0.2933409199834127,0.4109173048246167,0.24026897264453065,0.4351641151347274,0.2544464145159641,0.6835
source_heterogeneity_les_rice_paddy_l100_cv2p0_s4_wind3_n1_point,point,1,2.0,100.0,4,0.395000074158406,-0.2147962732435944,0.6097963474020004,0.4973352301870261,0.6462601335973432,0.5818491572505271,0.7942330448013178,-0.4318943445104802,0.6112090992827873,-0.3323681317737366,0.6788702350707894,-0.3691614408424922,0.41
source_heterogeneity_les_rice_paddy_l100_cv2p0_s4_wind3_n2_op,open_path,2,2.0,100.0,4,0.11490102877494927,0.0210195796081609,0.09388144916678837,0.2231934996335526,0.2718370921347442,0.2564865419776293,0.5148045483564623,0.09417648651359305,0.4226834089219698,0.07732417766498884,0.4479807318115385,0.08195197863439642,0.61075
source_heterogeneity_les_rice_paddy_l100_cv2p0_s4_wind3_n2_point,point,2,2.0,100.0,4,0.09654035721843446,-0.39578684313172297,0.4923272003501574,0.27035462678489236,0.35698035267190636,0.3074122466464443,0.35708786776283574,-1.4639543914542685,0.2704360520007744,-1.1087076366230242,0.31404200148690176,-1.2874791015951896,0.048
source_heterogeneity_les_rice_paddy_l100_cv2p0_s4_wind3_n3_op,open_path,3,2.0,100.0,4,0.10183412365775633,0.010163982032723815,0.09167014162503252,0.2055729705658728,0.2501905569206537,0.23516896510862043,0.4953672818826399,0.0494422102514052,0.4070262479572815,0.04062496265975081,0.43302535098847306,0.043219912236417975,0.5855
source_heterogeneity_les_rice_paddy_l100_cv2p0_s4_wind3_n3_point,point,3,2.0,100.0,4,0.12486272039429674,-0.33133992431969983,0.4562026447139966,0.22802411481006238,0.30379669181032753,0.27444203381818505,0.5475855941741243,-1.4530915933856232,0.41100750521751417,-1.0906633720902026,0.4549693742505092,-1.207322069837192,0.04075
source_heterogeneity_les_rice_paddy_l100_cv2p0_s4_wind3_n4_op,open_path,4,2.0,100.0,4,0.12190456238322106,-0.04380330420887615,0.1657078665920972,0.199781292600267,0.24261745550948324,0.2277505093168348,0.6101900773418969,-0.21925628590520796,0.5024558605118837,-0.18054473498986967,0.5352548398196278,-0.19233021405866207,0.47675
source_heterogeneity_les_rice_paddy_l100_cv2p0_s4_wind3_n4_point,point,4,2.0,100.0,4,0.02050678046183877,0.1242653902038762,-0.10375860974203743,0.24467201416234313,0.32472914180609663,0.31217649412109116,0.08381334715392603,0.5078855897324835,0.06315041621390374,0.3826739710293016,0.06568970069182828,0.3980613292289537,0.74825
source_heterogeneity_les_rice_paddy_l100_cv2p0_s5_wind3_n1_op,open_path,1,2.0,100.0,5,-0.3477123163211165,-0.39266295634299175,0.044950640021875266,0.2215703589881211,0.27051205251869626,0.25543945301910553,-1.569308809666902,-1.7721817942446143,-1.285385671668306,-1.4515543861612343,-1.361231838744618,-1.537205594914982,0.00575
source_heterogeneity_les_rice_paddy_l100_cv2p0_s5_wind3_n1_point,point,1,2.0,100.0,5,-0.4480771887090896,-0.478180816591951,0.030103627882861417,0.4973352301870261,0.6462601335973432,0.5818491572505271,-0.9009560584328348,-0.9614859104434006,-0.6933387430459499,-0.739920028689074,-0.7700916691646263,-0.821829525115322,0.129
source_heterogeneity_les_rice_paddy_l100_cv2p0_s5_wind3_n2_op,open_path,2,2.0,100.0,5,-0.3411246286313399,-0.37470230772407587,0.03357767909273596,0.2231934996335526,0.2718370921347442,0.2564865419776293,-1.5283806615847282,-1.678822673327297,-1.2548862480556966,-1.378407577794216,-1.3299903612919102,-1.4609043610434629,0.00775
source_heterogeneity_les_rice_paddy_l100_cv2p0_s5_wind3_n2_point,point,2,2.0,100.0,5,-0.34375654147459805,-0.35078777392250515,0.007031232447907099,0.27035462678489236,0.35698035267190636,0.3074122466464443,-1.2715023432837638,-1.297509785921324,-0.9629564733791889,-0.9826528863478022,-1.1182265678242593,-1.1410988916324702,0.0845
source_heterogeneity_les_rice_paddy_l100_cv2p0_s5_wind3_n3_op,open_path,3,2.0,100.0,5,-0.32390065756021813,-0.36692361774498417,0.043022960184766035,0.2055729705658728,0.2501905569206537,0.23516896510862043,-1.57559944125256,-1.7848825978190015,-1.294615838210637,-1.4665766056924028,-1.3773103836665441,-1.5602552725250485,0.00775
source_heterogeneity_les_rice_paddy_l100_cv2p0_s5_wind3_n3_point,point,3,2.0,100.0,5,-0.29424206860010926,-0.3790397842511356,0.08479771565102634,0.22802411481006238,0.30379669181032753,0.27444203381818505,-1.2903989073489204,-1.6622793802614473,-0.9685492848744265,-1.2476758123744986,-1.0721465094339067,-1.3811287541406483,0.018
source_heterogeneity_les_rice_paddy_l100_cv2p0_s5_wind3_n4_op,open_path,4,2.0,100.0,5,-0.2934943920972925,-0.3622303604069063,0.06873596830961382,0.199781292600267,0.24261745550948324,0.2277505093168348,-1.4690784521278057,-1.813134531728534,-1.2097002315063048,-1.493010301531036,-1.2886662382343927,-1.5904700344840506,0.00675
source_heterogeneity_les_rice_paddy_l100_cv2p0_s5_wind3_n4_point,point,4,2.0,100.0,5,-0.320232389062524,-0.42425342706157193,0.10402103799904794,0.24467201416234313,0.32472914180609663,0.31217649412109116,-1.3088231204490985,-1.7339679346411647,-0.986152296900234,-1.3064839967917126,-1.0258055782326392,-1.3590178474392338,0.00525
source_heterogeneity_les_rice_paddy_l100_cv2p0_s6_wind3_n1_op,open_path,1,2.0,100.0,6,-0.11686318276743032,-0.2027947318983494,0.08593154913091908,0.2215703589881211,0.27051205251869626,0.25543945301910553,-0.527431481815199,-0.9152611063342714,-0.4320073049586336,-0.7496698576280012,-0.4574985633041172,-0.7939052855832001,0.1735
source_heterogeneity_les_rice_paddy_l100_cv2p0_s6_wind3_n1_point,point,1,2.0,100.0,6,-0.28374044615562,-0.5421796493946474,0.25843920323902736,0.4973352301870261,0.6462601335973432,0.5818491572505271,-0.5705215093025233,-1.0901693998045487,-0.43904989864716987,-0.8389495517488567,-0.4876529296637783,-0.9318216631208435,0.07725
source_heterogeneity_les_rice_paddy_l100_cv2p0_s6_wind3_n2_op,open_path,2,2.0,100.0,6,-0.11877661021782958,-0.19283126661704697,0.07405465639921739,0.2231934996335526,0.2718370921347442,0.2564865419776293,-0.5321687702054112,-0.8639645282395972,-0.436940408996703,-0.7093633363377223,-0.4630910039256143,-0.7518182635635738,0.1905
source_heterogeneity_les_rice_paddy_l100_cv2p0_s6_wind3_n2_point,point,2,2.0,100.0,6,0.05724726256110537,0.1198204791269204,-0.06257321656581502,0.27035462678489236,0.35698035267190636,0.3074122466464443,0.211748780636383,0.4431974423809494,0.16036530339169733,0.3356500665375415,0.18622310329407799,0.38977132639977835,0.727
source_heterogeneity_les_rice_paddy_l100_cv2p0_s6_wind3_n3_op,open_path,3,2.0,100.0,6,-0.07977822208987646,-0.14600836816425708,0.06623014607438062,0.2055729705658728,0.2501905569206537,0.23516896510862043,-0.3880773910610623,-0.7102508066228039,-0.3188698369426373,-0.5835886452363696,-0.3392378839317862,-0.6208658021555624,0.2585
source_heterogeneity_les_rice_paddy_l100_cv2p0_s6_wind3_n3_point,point,3,2.0,100.0,6,-0.024256844382400663,-0.16991456573297287,0.1456577213505722,0.22802411481006238,0.30379669181032753,0.27444203381818505,-0.10637841704859123,-0.7451605102140485,-0.07984565018747862,-0.559303541853765,-0.08838603928460378,-0.6191273376349465,0.26325
source_heterogeneity_les_rice_paddy_l100_cv2p0_s6_wind3_n4_op,open_path,4,2.0,100.0,6,-0.07935125465534841,-0.1539145507934448,0.07456329613809638,0.199781292600267,0.24261745550948324,0.2277505093168348,-0.397190615910763,-0.770415231527234,-0.3270632547386797,-0.6343919091486337,-0.3484130722401987,-0.6758033220436261,0.23125
source_heterogeneity_les_rice_paddy_l100_cv2p0_s6_wind3_n4_point,point,4,2.0,100.0,6,-0.13290709641053378,-0.17020324092788955,0.03729614451735577,0.24467201416234313,0.32472914180609663,0.31217649412109116,-0.5432051428748534,-0.6956383692290915,-0.40928601501954426,-0.5241391024570313,-0.4257434461384527,-0.545214787574201,0.27225
source_heterogeneity_les_rice_paddy_l100_cv2p0_s7_wind3_n1_op,open_path,1,2.0,100.0,7,0.018448075418647493,-0.04212261784719248,0.06057069326583997,0.2215703589881211,0.27051205251869626,0.25543945301910553,0.0832605746675553,-0.19010944442009398,0.06819687051604648,-0.15571438483052877,0.07222093220371746,-0.16490255263755957,0.4975
source_heterogeneity_les_rice_paddy_l100_cv2p0_s7_wind3_n1_point,point,1,2.0,100.0,7,-0.1894497576015543,-0.47767320931797136,0.28822345171641706,0.4973352301870261,0.6462601335973432,0.5818491572505271,-0.3809296951078863,-0.9604652562786258,-0.2931478328192719,-0.7391345752043386,-0.32559943628135707,-0.8209571215590836,0.12925
source_heterogeneity_les_rice_paddy_l100_cv2p0_s7_wind3_n2_op,open_path,2,2.0,100.0,7,0.03726907070416695,-0.07580727547231528,0.11307634617648223,0.2231934996335526,0.2718370921347442,0.2564865419776293,0.1669809862982421,-0.3396482227160669,0.13710075549841969,-0.2788702412794319,0.1453061451755139,-0.29556044105786716,0.432
source_heterogeneity_les_rice_paddy_l100_cv2p0_s7_wind3_n2_point,point,2,2.0,100.0,7,0.19193428033002452,0.6533128569106529,-0.46137857658062836,0.27035462678489236,0.35698035267190636,0.3074122466464443,0.7099352528659959,2.416503333713838,0.5376606272402548,1.8301087217287275,0.6243546977188865,2.1252011396345893,0.96725
source_heterogeneity_les_rice_paddy_l100_cv2p0_s7_wind3_n3_op,open_path,3,2.0,100.0,7,0.0641663236582772,-0.038007773761801304,0.10217409742007849,0.2055729705658728,0.2501905569206537,0.23516896510862043,0.3121340489542425,-0.18488701922815423,0.2564698062470325,-0.15191530099937076,0.2728520050621471,-0.1616190033589091,0.49225
source_heterogeneity_les_rice_paddy_l100_cv2p0_s7_wind3_n3_point,point,3,2.0,100.0,7,0.14404929702297373,-0.07119513174519766,0.2152444287681714,0.22802411481006238,0.30379669181032753,0.27444203381818505,0.6317283465521298,-0.3122263266080484,0.4741634813881037,-0.23435124102551994,0.5248805914272041,-0.2594177384371218,0.463
source_heterogeneity_les_rice_paddy_l100_cv2p0_s7_wind3_n4_op,open_path,4,2.0,100.0,7,0.087851883486811,-0.03417905896589503,0.12203094245270603,0.199781292600267,0.24261745550948324,0.2277505093168348,0.43974028971065726,-0.17108237974154217,0.36210042390530767,-0.14087633923173787,0.3857373744205155,-0.1500723711592095,0.50025
source_heterogeneity_les_rice_paddy_l100_cv2p0_s7_wind3_n4_point,point,4,2.0,100.0,7,0.04829746672295084,-0.20819241436936384,0.2564898810923147,0.24467201416234313,0.32472914180609663,0.31217649412109116,0.19739677579514603,-0.850904076962498,0.14873154424739124,-0.6411263652268092,0.15471205434261998,-0.6669061197432994,0.19475
source_heterogeneity_les_rice_paddy_l100_cv2p0_s8_wind3_n1_op,open_path,1,2.0,100.0,8,-0.2304535350869281,-0.2658142903563412,0.0353607552694131,0.2215703589881211,0.27051205251869626,0.25543945301910553,-1.040091897397175,-1.199683439473924,-0.8519159606428274,-0.9826338156891166,-0.9021845778447207,-1.0406156418462877,0.079
source_heterogeneity_les_rice_paddy_l100_cv2p0_s8_wind3_n1_point,point,1,2.0,100.0,8,-0.27626678771582214,-0.32883461299850847,0.05256782528268633,0.4973352301870261,0.6462601335973432,0.5818491572505271,-0.555494103266986,-0.6611930807211227,-0.42748542475923795,-0.5088270123798029,-0.47480826305789386,-0.5651544028221768,0.28275
source_heterogeneity_les_rice_paddy_l100_cv2p0_s8_wind3_n2_op,open_path,2,2.0,100.0,8,-0.21858323592836504,-0.2741814213357383,0.05559818540737327,0.2231934996335526,0.2718370921347442,0.2564865419776293,-0.979344095088984,-1.2284471626006115,-0.8040964322117516,-1.0086240225076866,-0.8522210726652075,-1.0689895041730975,0.072
source_heterogeneity_les_rice_paddy_l100_cv2p0_s8_wind3_n2_point,point,2,2.0,100.0,8,-0.14267465217394595,-0.15155399065700526,0.008879338483059301,0.27035462678489236,0.35698035267190636,0.3074122466464443,-0.5277314979612501,-0.5605747993267716,-0.39967088134140377,-0.4245443468321506,-0.46411505634658884,-0.49299919671485287,0.34825
source_heterogeneity_les_rice_paddy_l100_cv2p0_s8_wind3_n3_op,open_path,3,2.0,100.0,8,-0.20017381836782241,-0.24595858948364752,0.0457847711158251,0.2055729705658728,0.2501905569206537,0.23516896510862043,-0.9737360792949173,-1.1964539346131293,-0.8000854262109751,-0.9830850233154551,-0.8511914753520543,-1.0458803072507614,0.08275
source_heterogeneity_les_rice_paddy_l100_cv2p0_s8_wind3_n3_point,point,3,2.0,100.0,8,-0.14965775838740508,-0.11138653920620982,-0.03827121918119526,0.22802411481006238,0.30379669181032753,0.27444203381818505,-0.6563242598795559,-0.4884857871238384,-0.49262471390189605,-0.36664829541907223,-0.545316460111033,-0.40586544873079544,0.38075
source_heterogeneity_les_rice_paddy_l100_cv2p0_s8_wind3_n4_op,open_path,4,2.0,100.0,8,-0.18263853960829113,-0.24728665169225647,0.06464811208396534,0.199781292600267,0.24261745550948324,0.2277505093168348,-0.9141924012561277,-1.2377868241499503,-0.7527840040394468,-1.0192450958360277,-0.8019237373217628,-1.0857786989544949,0.07575
source_heterogeneity_les_rice_paddy_l100_cv2p0_s8_wind3_n4_point,point,4,2.0,100.0,8,-0.22744267702332605,-0.28505887642465527,0.05761619940132923,0.24467201416234313,0.32472914180609663,0.31217649412109116,-0.9295819049922678,-1.1650653116196399,-0.7004073479772178,-0.8778358321621489,-0.7285707966695999,-0.9131336977411337,0.083
source_heterogeneity_les_rice_paddy_l100_cv2p0_s9_wind3_n1_op,open_path,1,2.0,100.0,9,-0.05748034510840409,-0.07254093741313497,0.015060592304730877,0.2215703589881211,0.27051205251869626,0.25543945301910553,-0.2594225390567054,-0.3273945925999247,-0.21248718707064404,-0.26816157260912193,-0.22502532177010598,-0.2839848604268241,0.43325
source_heterogeneity_les_rice_paddy_l100_cv2p0_s9_wind3_n1_point,point,1,2.0,100.0,9,-0.0061035916690757265,0.3944585808899506,-0.4005621725590263,0.4973352301870261,0.6462601335973432,0.5818491572505271,-0.012272590596046115,0.7931442555187814,-0.009444481179893747,0.6103712118125496,-0.01048998970440667,0.6779395930621042,0.8215
source_heterogeneity_les_rice_paddy_l100_cv2p0_s9_wind3_n2_op,open_path,2,2.0,100.0,9,-0.03426188264219227,-0.07188435109289726,0.037622468450704986,0.2231934996335526,0.2718370921347442,0.2564865419776293,-0.15350752911014304,-0.32207188475882886,-0.12603829143820205,-0.26443908198247507,-0.13358159994679403,-0.28026558640713006,0.439
source_heterogeneity_les_rice_paddy_l100_cv2p0_s9_wind3_n2_point,point,2,2.0,100.0,9,-0.012012013085341307,-0.04761826239053139,0.03560624930519009,0.27035462678489236,0.35698035267190636,0.3074122466464443,-0.04443058078269422,-0.17613259649674448,-0.03364894733123117,-0.13339182964586402,-0.039074608173162204,-0.1549003428132689,0.5125
source_heterogeneity_les_rice_paddy_l100_cv2p0_s9_wind3_n3_op,open_path,3,2.0,100.0,9,-0.03760668114579836,-0.08852652191538805,0.05091984076958969,0.2055729705658728,0.2501905569206537,0.23516896510862043,-0.18293592315312612,-0.43063308212020535,-0.1503121524995249,-0.3538363837747229,-0.15991345256134668,-0.376437944838934,0.38425
source_heterogeneity_les_rice_paddy_l100_cv2p0_s9_wind3_n3_point,point,3,2.0,100.0,9,0.03463031777833575,0.18466749658318937,-0.15003717880485362,0.22802411481006238,0.30379669181032753,0.27444203381818505,0.15187129574949484,0.8098595042766076,0.11399175406411881,0.6078653966992,0.12618445249271826,0.6728834282926559,0.80475
source_heterogeneity_les_rice_paddy_l100_cv2p0_s9_wind3_n4_op,open_path,4,2.0,100.0,9,-0.003376725786938505,-0.06687029511869821,0.0634935693317597,0.199781292600267,0.24261745550948324,0.2277505093168348,-0.016902112019541473,-0.3347175015655537,-0.013917901248480113,-0.2756202968919705,-0.014826424744635709,-0.29361205522342737,0.42775
source_heterogeneity_les_rice_paddy_l100_cv2p0_s9_wind3_n4_point,point,4,2.0,100.0,9,-0.056777426530992464,-0.2096994779141259,0.15292205138313344,0.24467201416234313,0.32472914180609663,0.31217649412109116,-0.23205525456344137,-0.8570636026030648,-0.17484549189273438,-0.6457673516697875,-0.18187604640395788,-0.6717337207098779,0.19225
source_heterogeneity_les_rice_paddy_l100_cv2p0_s10_wind3_n1_op,open_path,1,2.0,100.0,10,-0.12581011783003143,-0.18639952868330573,0.060589410853274295,0.2215703589881211,0.27051205251869626,0.25543945301910553,-0.5678111386585621,-0.8412656346930368,-0.46508137681346434,-0.6890618253337265,-0.49252422185785644,-0.7297209827229156,0.199
source_heterogeneity_les_rice_paddy_l100_cv2p0_s10_wind3_n1_point,point,1,2.0,100.0,10,-0.025802795759966312,0.03906561032895878,-0.06486840608892509,0.4973352301870261,0.6462601335973432,0.5818491572505271,-0.051882099223622274,0.07854985522394604,-0.03992633061912329,0.06044873928940025,-0.04434619426432612,0.06714044326120469,0.6455
source_heterogeneity_les_rice_paddy_l100_cv2p0_s10_wind3_n2_op,open_path,2,2.0,100.0,10,-0.10417553565341137,-0.21875319771876295,0.11457766206535158,0.2231934996335526,0.2718370921347442,0.2564865419776293,-0.466749864240897,-0.9801055948220719,-0.38322781793800836,-0.804721666204152,-0.4061637497631261,-0.852883726499157,0.146
source_heterogeneity_les_rice_paddy_l100_cv2p0_s10_wind3_n2_point,point,2,2.0,100.0,10,-0.01880927861251438,-0.3328548098376626,0.3140455312251482,0.27035462678489236,0.35698035267190636,0.3074122466464443,-0.06957261592375108,-1.2311785220620561,-0.05268995470403835,-0.9324177292849024,-0.061185846750428874,-1.0827636617238605,0.1025
source_heterogeneity_les_rice_paddy_l100_cv2p0_s10_wind3_n3_op,open_path,3,2.0,100.0,10,-0.11414084338240017,-0.2243474239793557,0.11020658059695553,0.2055729705658728,0.2501905569206537,0.23516896510862043,-0.5552327383712415,-1.091327441354781,-0.45621563334462384,-0.8967062016273701,-0.4853567447970038,-0.9539839743553472,0.114
source_heterogeneity_les_rice_paddy_l100_cv2p0_s10_wind3_n3_point,point,3,2.0,100.0,10,-0.061810443469616755,-0.23859942150759444,0.1767889780379777,0.22802411481006238,0.30379669181032753,0.27444203381818505,-0.2710697661126899,-1.0463780188614744,-0.20345989648961516,-0.785391770021517,-0.22522221763800773,-0.869398241180737,0.137
source_heterogeneity_les_rice_paddy_l100_cv2p0_s10_wind3_n4_op,open_path,4,2.0,100.0,10,-0.0810475615644883,-0.23796254351284765,0.15691498194835934,0.199781292600267,0.24261745550948324,0.2277505093168348,-0.40568143548181235,-1.1911152461555834,-0.33405494833128513,-0.9808137795079067,-0.35586116495458237,-1.0448386887328818,0.087
source_heterogeneity_les_rice_paddy_l100_cv2p0_s10_wind3_n4_point,point,4,2.0,100.0,10,-0.13828539239758236,-0.3088286012610574,0.17054320886347502,0.24467201416234313,0.32472914180609663,0.31217649412109116,-0.5651867986251512,-1.2622146522084274,-0.42584842132880024,-0.9510344514920874,-0.4429718284424784,-0.989275640789485,0.06175
source_heterogeneity_les_rice_paddy_l100_cv2p0_s11_wind3_n1_op,open_path,1,2.0,100.0,11,0.284460422295912,0.24864107149834014,0.03581935079757187,0.2215703589881211,0.27051205251869626,0.25543945301910553,1.2838378905689392,1.1221765972391207,1.051562840351639,0.919149698445157,1.1136119300828438,0.9733855462012091,0.86225
source_heterogeneity_les_rice_paddy_l100_cv2p0_s11_wind3_n1_point,point,1,2.0,100.0,11,0.5564068308272937,2.073345770838656,-1.5169389400113622,0.4973352301870261,0.6462601335973432,0.5818491572505271,1.118776223872283,4.168909912251664,0.8609641874860979,3.2082216789353555,0.9562733294253467,3.5633733331093134,0.9885
source_heterogeneity_les_rice_paddy_l100_cv2p0_s11_wind3_n2_op,open_path,2,2.0,100.0,11,0.2991003800432309,0.32543190972614333,-0.026331529682912413,0.2231934996335526,0.2718370921347442,0.2564865419776293,1.3400944943930047,1.4580707335135188,1.1002927440636867,1.197157853516301,1.1661445381774391,1.2688069604623833,0.9025
source_heterogeneity_les_rice_paddy_l100_cv2p0_s11_wind3_n2_point,point,2,2.0,100.0,11,0.29727395796922734,0.0068660652150369095,0.29040789275419043,0.27035462678489236,0.35698035267190636,0.3074122466464443,1.0995704475431574,0.025396514558265332,0.8327459921651374,0.019233734191941302,0.9670205439509474,0.022335041267674643,0.589
source_heterogeneity_les_rice_paddy_l100_cv2p0_s11_wind3_n3_op,open_path,3,2.0,100.0,11,0.27294709163630265,0.2800634572057855,-0.007116365569482863,0.2055729705658728,0.2501905569206537,0.23516896510862043,1.3277382278661038,1.3623554518615246,1.0909568090648045,1.1194005907049716,1.1606424832045044,1.1909031324623516,0.89275
source_heterogeneity_les_rice_paddy_l100_cv2p0_s11_wind3_n3_point,point,3,2.0,100.0,11,0.337473317550434,1.1536314828497045,-0.8161581652992704,0.22802411481006238,0.30379669181032753,0.27444203381818505,1.4799895959755824,5.059252105026904,1.1108525097473154,3.7973800042890624,1.2296706625268874,4.2035524471224885,0.99375
source_heterogeneity_les_rice_paddy_l100_cv2p0_s11_wind3_n4_op,open_path,4,2.0,100.0,11,0.3139877732810608,0.32955392163531405,-0.01556614835425324,0.199781292600267,0.24261745550948324,0.2277505093168348,1.5716575320658486,1.6495734778065683,1.2941681076561613,1.3583273344585576,1.378647952195168,1.4469953223105885,0.92
source_heterogeneity_les_rice_paddy_l100_cv2p0_s11_wind3_n4_point,point,4,2.0,100.0,11,0.23575418413280635,0.08329721391040118,0.15245697022240517,0.24467201416234313,0.32472914180609663,0.31217649412109116,0.9635519000402731,0.3404443871342489,0.7260025472970353,0.256512900096105,0.7551951814839681,0.26682730916342073,0.70425
source_heterogeneity_les_rice_paddy_l100_cv2p0_s12_wind3_n1_op,open_path,1,2.0,100.0,12,0.11555787358818974,0.07407316590822706,0.04148470767996268,0.2215703589881211,0.27051205251869626,0.25543945301910553,0.5215403094345533,0.33430990610164735,0.427181977705792,0.2738257508992415,0.45238851016309767,0.2899832623063391,0.698
source_heterogeneity_les_rice_paddy_l100_cv2p0_s12_wind3_n1_point,point,1,2.0,100.0,12,0.29532898965380033,0.6133589577713001,-0.3180299681174998,0.4973352301870261,0.6462601335973432,0.5818491572505271,0.5938227813516046,1.2332907876657815,0.4569815996692859,0.9490898879327401,0.5075696784530022,1.0541545865077293,0.8765
source_heterogeneity_les_rice_paddy_l100_cv2p0_s12_wind3_n2_op,open_path,2,2.0,100.0,12,0.1269933034118817,0.09196565984179302,0.03502764357008868,0.2231934996335526,0.2718370921347442,0.2564865419776293,0.5689829839147826,0.4120445263539739,0.46716694331373165,0.3383116671811935,0.4951265763603223,0.3585593970455348,0.71375
source_heterogeneity_les_rice_paddy_l100_cv2p0_s12_wind3_n2_point,point,2,2.0,100.0,12,0.1014420634101719,-0.26876418657807133,0.37020624998824325,0.27035462678489236,0.35698035267190636,0.3074122466464443,0.3752185217487854,-0.9941172073667285,0.2841670771259653,-0.7528822932871244,0.3299870597765765,-0.8742793740653338,0.17525
source_heterogeneity_les_rice_paddy_l100_cv2p0_s12_wind3_n3_op,open_path,3,2.0,100.0,12,0.11565823950222599,0.05574399012235576,0.059914249379870235,0.2055729705658728,0.2501905569206537,0.23516896510862043,0.562614040084443,0.2711640055057405,0.46228059494230334,0.22280613148814649,0.49180911030843494,0.2370380381467792,0.671
source_heterogeneity_les_rice_paddy_l100_cv2p0_s12_wind3_n3_point,point,3,2.0,100.0,12,0.1822500245926885,0.230269538300518,-0.0480195137078295,0.22802411481006238,0.30379669181032753,0.27444203381818505,0.7992576782701145,1.0098473071250644,0.599907864390026,0.7579725010444962,0.6640747485256839,0.8390461734191532,0.83825
source_heterogeneity_les_rice_paddy_l100_cv2p0_s12_wind3_n4_op,open_path,4,2.0,100.0,12,0.14420715704193204,0.07324510282527272,0.07096205421665933,0.199781292600267,0.24261745550948324,0.2277505093168348,0.7218251276933589,0.3666264336962991,0.5943807989375908,0.30189543729020674,0.6331803932052615,0.3216023667520229,0.6955
source_heterogeneity_les_rice_paddy_l100_cv2p0_s12_wind3_n4_point,point,4,2.0,100.0,12,0.07030913351925855,0.05319405564745401,0.017115077871804538,0.24467201416234313,0.32472914180609663,0.31217649412109116,0.28736075010445417,0.217409644619834,0.21651624220791918,0.1638105386895563,0.22522238170816958,0.17039737664175444,0.6705
source_heterogeneity_les_rice_paddy_l100_cv2p0_s13_wind3_n1_op,open_path,1,2.0,100.0,13,0.19106901244925173,0.24506151012929825,-0.05399249768004652,0.2215703589881211,0.27051205251869626,0.25543945301910553,0.8623401312424437,1.1060211810300697,0.7063234730956992,0.9059171591341979,0.7480011806749397,0.9593722004680653,0.859
source_heterogeneity_les_rice_paddy_l100_cv2p0_s13_wind3_n1_point,point,1,2.0,100.0,13,0.3260012761628731,-0.31129198833290317,0.6372932644957763,0.4973352301870261,0.6462601335973432,0.5818491572505271,0.6554960444693979,-0.6259198412624817,0.5044428074933528,-0.48168217742308667,0.5602848643854039,-0.5350046218230922,0.30675
source_heterogeneity_les_rice_paddy_l100_cv2p0_s13_wind3_n2_op,open_path,2,2.0,100.0,13,0.19028584203846552,0.237963015933855,-0.047677173895389474,0.2231934996335526,0.2718370921347442,0.2564865419776293,0.8525599641158184,1.0661735952191778,0.6999995495248479,0.8753883219730053,0.7418940602936671,0.9277797349484717,0.8475
source_heterogeneity_les_rice_paddy_l100_cv2p0_s13_wind3_n2_point,point,2,2.0,100.0,13,0.22887359571606322,0.49525360977384925,-0.266380014057786,0.27035462678489236,0.35698035267190636,0.3074122466464443,0.8465680740805908,1.8318665956025888,0.6411377937273104,1.387341365055536,0.7445168441167909,1.611040598338432,0.94225
source_heterogeneity_les_rice_paddy_l100_cv2p0_s13_wind3_n3_op,open_path,3,2.0,100.0,13,0.1963591896630617,0.23906913964357632,-0.04270994998051461,0.2055729705658728,0.2501905569206537,0.23516896510862043,0.9551799982388314,1.1629405314594614,0.7848385329960146,0.9555482132740748,0.8349706755411661,1.016584563074275,0.86375
source_heterogeneity_les_rice_paddy_l100_cv2p0_s13_wind3_n3_point,point,3,2.0,100.0,13,0.25754349522003056,-0.09598269561683472,0.35352619083686526,0.22802411481006238,0.30379669181032753,0.27444203381818505,1.12945727444028,-0.4209322145457535,0.8477495053857443,-0.3159438473305054,0.9384258367311562,-0.349737590417444,0.4145
source_heterogeneity_les_rice_paddy_l100_cv2p0_s13_wind3_n4_op,open_path,4,2.0,100.0,13,0.20726150872905078,0.20364048332434453,0.0036210254047062407,0.199781292600267,0.24261745550948324,0.2277505093168348,1.0374420248834337,1.019317077559405,0.8542728646371015,0.8393480299952482,0.9100375202266583,0.8941384321606516,0.84325
source_heterogeneity_les_rice_paddy_l100_cv2p0_s13_wind3_n4_point,point,4,2.0,100.0,13,0.10297041319850025,0.279993350770539,-0.17702293757203874,0.24467201416234313,0.32472914180609663,0.31217649412109116,0.4208508012288566,1.1443619807893504,0.3170963117932492,0.8622365988258903,0.32984678583314064,0.8969072176905525,0.8685
source_heterogeneity_les_rice_paddy_l100_cv2p0_s14_wind3_n1_op,open_path,1,2.0,100.0,14,0.0021373319937736243,-0.09821671336947257,0.1003540453632462,0.2215703589881211,0.27051205251869626,0.25543945301910553,0.009646290250801152,-0.4432755076898088,0.007901060133451555,-0.36307703281606796,0.008367274391296801,-0.38450095397803125,0.3805
source_heterogeneity_les_rice_paddy_l100_cv2p0_s14_wind3_n1_point,point,1,2.0,100.0,14,-0.17064193838273495,-0.35675726114031625,0.1861153227575813,0.4973352301870261,0.6462601335973432,0.5818491572505271,-0.3431125084755487,-0.7173376014527574,-0.26404528070279293,-0.5520335273575706,-0.29327521790886013,-0.6131438994019323,0.25125
source_heterogeneity_les_rice_paddy_l100_cv2p0_s14_wind3_n2_op,open_path,2,2.0,100.0,14,0.03498911707581799,-0.03651960766337965,0.07150872473919764,0.2231934996335526,0.2718370921347442,0.2564865419776293,0.15676584279230546,-0.1636230791816917,0.1287135497258578,-0.13434372541506445,0.13641697067626157,-0.14238410866237527,0.509
source_heterogeneity_les_rice_paddy_l100_cv2p0_s14_wind3_n2_point,point,2,2.0,100.0,14,0.2627843760731174,0.024578166885668894,0.2382062091874485,0.27035462678489236,0.35698035267190636,0.3074122466464443,0.9719988120721225,0.09091084246627121,0.7361312019169788,0.06885019498050136,0.8548272846636018,0.07995181439188503,0.6145
source_heterogeneity_les_rice_paddy_l100_cv2p0_s14_wind3_n3_op,open_path,3,2.0,100.0,14,0.04101986222517515,-0.06769922496289324,0.10871908718806839,0.2055729705658728,0.2501905569206537,0.23516896510862043,0.19953918120782782,-0.32931968038667825,0.16395447825868317,-0.270590648168882,0.17442719198185352,-0.28787482621962535,0.43125
source_heterogeneity_les_rice_paddy_l100_cv2p0_s14_wind3_n3_point,point,3,2.0,100.0,14,0.09485111931512512,-0.2825112731037399,0.37736239241886504,0.22802411481006238,0.30379669181032753,0.27444203381818505,0.4159696854612654,-1.2389534911211642,0.31221906581637326,-0.9299353176634426,0.34561440168441177,-1.0294023447257379,0.0815
source_heterogeneity_les_rice_paddy_l100_cv2p0_s14_wind3_n4_op,open_path,4,2.0,100.0,14,0.07317992574706197,-0.017709804865817906,0.09088973061287989,0.199781292600267,0.24261745550948324,0.2277505093168348,0.366300191547385,-0.0886459619682841,0.3016267959508032,-0.07299476795116945,0.32131618922203076,-0.07775967183977155,0.53125
source_heterogeneity_les_rice_paddy_l100_cv2p0_s14_wind3_n4_point,point,4,2.0,100.0,14,0.04165060851972735,0.15727363816461362,-0.11562302964488627,0.24467201416234313,0.32472914180609663,0.31217649412109116,0.1702303741697717,0.642793736353764,0.12826261384510387,0.4843225258129909,0.13342006622565042,0.5037971824477221,0.77925
source_heterogeneity_les_rice_paddy_l100_cv2p0_s15_wind3_n1_op,open_path,1,2.0,100.0,15,0.19174362145433263,0.12054791389489303,0.0711957075594396,0.2215703589881211,0.27051205251869626,0.25543945301910553,0.8653848029582893,0.5440615542864914,0.7088172954551827,0.44562862457509705,0.7506421548749215,0.47192362992523584,0.7545
source_heterogeneity_les_rice_paddy_l100_cv2p0_s15_wind3_n1_point,point,1,2.0,100.0,15,0.22301572372829712,0.3104879135992039,-0.0874721898709068,0.4973352301870261,0.6462601335973432,0.5818491572505271,0.4484213266862889,0.6243030751761602,0.34508661780961497,0.4804379807104975,0.3832878692858072,0.533622691947145,0.79025
source_heterogeneity_les_rice_paddy_l100_cv2p0_s15_wind3_n2_op,open_path,2,2.0,100.0,15,0.2365727712394152,0.18165089146273633,0.05492187977667887,0.2231934996335526,0.2718370921347442,0.2564865419776293,1.059944718944903,0.8138717828295965,0.8702740651822114,0.6682343827188072,0.9223593932661348,0.7082277692315718,0.80775
source_heterogeneity_les_rice_paddy_l100_cv2p0_s15_wind3_n2_point,point,2,2.0,100.0,15,0.38648858669309966,-0.3286967980983081,0.7151853847914078,0.27035462678489236,0.35698035267190636,0.3074122466464443,1.429561577285708,-1.215798678969292,1.0826606668975807,-0.9207699965505016,1.2572322375224085,-1.0692378123645256,0.10575
source_heterogeneity_les_rice_paddy_l100_cv2p0_s15_wind3_n3_op,open_path,3,2.0,100.0,15,0.20936367955889978,0.08703421161974936,0.12232946793915042,0.2055729705658728,0.2501905569206537,0.23516896510862043,1.0184397247487957,0.42337380921321344,0.8368168732495292,0.34787168904760746,0.890269170773441,0.37009225081868175,0.715
source_heterogeneity_les_rice_paddy_l100_cv2p0_s15_wind3_n3_point,point,3,2.0,100.0,15,0.3159534478298386,-0.08219894695589641,0.398152394785735,0.22802411481006238,0.30379669181032753,0.27444203381818505,1.3856141842410783,-0.3604835700134865,1.0400160908503275,-0.2705722253460762,1.1512574930090862,-0.2995129638572506,0.44325
source_heterogeneity_les_rice_paddy_l100_cv2p0_s15_wind3_n4_op,open_path,4,2.0,100.0,15,0.2663204152342751,0.1756890372548334,0.09063137797944168,0.199781292600267,0.24261745550948324,0.2277505093168348,1.3330598264129918,0.879406850201742,1.0976968440915222,0.7241401361080807,1.1693515682275986,0.7714100740403783,0.816
source_heterogeneity_les_rice_paddy_l100_cv2p0_s15_wind3_n4_point,point,4,2.0,100.0,15,0.22916796792477598,0.4780514451105731,-0.24888347718579715,0.24467201416234313,0.32472914180609663,0.31217649412109116,0.9366333485640086,1.953846036487768,0.7057203632854656,1.4721544313877097,0.7340974488485454,1.5313499065856642,0.94025
source_heterogeneity_les_rice_paddy_l100_cv2p0_s16_wind3_n1_op,open_path,1,2.0,100.0,16,0.3398866791016416,0.26336643890078215,0.07652024020085946,0.2215703589881211,0.27051205251869626,0.25543945301910553,1.5339898380534902,1.1886357006575137,1.2564566936556387,0.9735848604475017,1.3305958616980746,1.031032739022831,0.87175
source_heterogeneity_les_rice_paddy_l100_cv2p0_s16_wind3_n1_point,point,1,2.0,100.0,16,0.47233194467478495,0.7215947646700712,-0.24926281999528627,0.4973352301870261,0.6462601335973432,0.5818491572505271,0.9497254889768447,1.4509222771101715,0.7308696918152692,1.116570135083817,0.8117773116777287,1.2401749760709437,0.89625
source_heterogeneity_les_rice_paddy_l100_cv2p0_s16_wind3_n2_op,open_path,2,2.0,100.0,16,0.36039544225638215,0.31584701174460933,0.04454843051177282,0.2231934996335526,0.2718370921347442,0.2564865419776293,1.614721946867148,1.415126391508618,1.3257772860435886,1.1618981400376747,1.405124181087894,1.2314369764170996,0.89625
source_heterogeneity_les_rice_paddy_l100_cv2p0_s16_wind3_n2_point,point,2,2.0,100.0,16,0.40300945458046245,0.17438065002692307,0.22862880455353937,0.27035462678489236,0.35698035267190636,0.3074122466464443,1.4906697154516126,0.6450070860657733,1.1289401547285167,0.4884880882707652,1.3109739737986588,0.5672534257474744,0.78225
source_heterogeneity_les_rice_paddy_l100_cv2p0_s16_wind3_n3_op,open_path,3,2.0,100.0,16,0.34297785403974274,0.2518632087704956,0.09111464526924712,0.2055729705658728,0.2501905569206537,0.23516896510862043,1.6683995619445535,1.2251766760834437,1.3708665037606353,1.0066855115174167,1.458431616949657,1.0709882941151032,0.87525
source_heterogeneity_les_rice_paddy_l100_cv2p0_s16_wind3_n3_point,point,3,2.0,100.0,16,0.44199805375645546,0.15867711623674802,0.28332093751970744,0.22802411481006238,0.30379669181032753,0.27444203381818505,1.9383829386844778,0.6958786633989197,1.4549139792226986,0.5223135093775693,1.6105333705888307,0.5781808057211453,0.78175
source_heterogeneity_les_rice_paddy_l100_cv2p0_s16_wind3_n4_op,open_path,4,2.0,100.0,16,0.3825926326848046,0.28598564530229775,0.09660698738250684,0.199781292600267,0.24261745550948324,0.2277505093168348,1.9150573494902559,1.4314936177458466,1.5769377841399796,1.1787513173845785,1.6798760794539493,1.2556970614913059,0.8985
source_heterogeneity_les_rice_paddy_l100_cv2p0_s16_wind3_n4_point,point,4,2.0,100.0,16,0.30641423250203503,0.24034044243876296,0.06607379006327208,0.24467201416234313,0.32472914180609663,0.31217649412109116,1.2523468756779232,0.9822964153116992,0.943599428119704,0.740125881841168,0.9815416543923996,0.7698864167061102,0.845
source_heterogeneity_les_rice_paddy_l100_cv2p0_s17_wind3_n1_op,open_path,1,2.0,100.0,17,-0.004074656915273162,0.0024027616222493872,-0.0064774185375225495,0.2215703589881211,0.27051205251869626,0.25543945301910553,-0.018389900769586305,0.010844237619248543,-0.015062755530981546,0.008882271972274957,-0.015951556688341324,0.009406384150335904,0.58
source_heterogeneity_les_rice_paddy_l100_cv2p0_s17_wind3_n1_point,point,1,2.0,100.0,17,0.25092339209801573,0.10801698791601393,0.1429064041820018,0.4973352301870261,0.6462601335973432,0.5818491572505271,0.5045357273476371,0.2171915065727265,0.3882699536195671,0.16714165442133655,0.4312516207529291,0.18564431445847226,0.68775
source_heterogeneity_les_rice_paddy_l100_cv2p0_s17_wind3_n2_op,open_path,2,2.0,100.0,17,-0.003857773141025893,-0.050986035743940304,0.04712826260291441,0.2231934996335526,0.2718370921347442,0.2564865419776293,-0.017284433226593645,-0.2284387127208054,-0.014191489140538893,-0.18756099597573514,-0.015040840393732498,-0.1987863977221358,0.48175
source_heterogeneity_les_rice_paddy_l100_cv2p0_s17_wind3_n2_point,point,2,2.0,100.0,17,-0.014985852607700674,0.08517426309475999,-0.10016011570246067,0.27035462678489236,0.35698035267190636,0.3074122466464443,-0.05543035377613184,0.31504644143756005,-0.04197948849435385,0.23859650106021937,-0.0487483916830937,0.2770685424016928,0.69075
source_heterogeneity_les_rice_paddy_l100_cv2p0_s17_wind3_n3_op,open_path,3,2.0,100.0,17,-0.004152274770421766,-0.04072360432541062,0.03657132955498885,0.2055729705658728,0.2501905569206537,0.23516896510862043,-0.02019854438544114,-0.19809804865548386,-0.01659644880897177,-0.16277034923554629,-0.017656559267945512,-0.1731674258403999,0.48625
source_heterogeneity_les_rice_paddy_l100_cv2p0_s17_wind3_n3_point,point,3,2.0,100.0,17,0.09178998540151882,-0.02643319771537519,0.11822318311689402,0.22802411481006238,0.30379669181032753,0.27444203381818505,0.40254507940082246,-0.1159228169239613,0.3021428075945837,-0.0870094982202061,0.33446037447138555,-0.09631614132726805,0.54175
source_heterogeneity_les_rice_paddy_l100_cv2p0_s17_wind3_n4_op,open_path,4,2.0,100.0,17,0.015269708891932432,-0.05936928726351736,0.07463899615544979,0.199781292600267,0.24261745550948324,0.2277505093168348,0.07643212581712981,-0.2971714042430718,0.06293738783084213,-0.24470328047437948,0.06704577275254299,-0.26067685838158045,0.44625
source_heterogeneity_les_rice_paddy_l100_cv2p0_s17_wind3_n4_point,point,4,2.0,100.0,17,-0.08508201943396808,-0.19275738526862973,0.10767536583466165,0.24467201416234313,0.32472914180609663,0.31217649412109116,-0.3477390731639419,-0.7878195057516167,-0.2620091900614591,-0.5935943543487996,-0.27254460549155035,-0.6174628420096884,0.2245
source_heterogeneity_les_rice_paddy_l100_cv2p0_s18_wind3_n1_op,open_path,1,2.0,100.0,18,-0.03397851343852276,-0.09620506988762602,0.06222655644910326,0.2215703589881211,0.27051205251869626,0.25543945301910553,-0.1533531542472449,-0.43419647974115433,-0.1256081314017399,-0.35564060451974455,-0.1330198332204436,-0.3766257277431235,0.38325
source_heterogeneity_les_rice_paddy_l100_cv2p0_s18_wind3_n1_point,point,1,2.0,100.0,18,-0.1581242029490936,-0.3021088163566218,0.1439846134075282,0.4973352301870261,0.6462601335973432,0.5818491572505271,-0.3179428951567135,-0.6074550886793438,-0.2446757810495146,-0.467472462946094,-0.27176150550134764,-0.5192218852463554,0.318
source_heterogeneity_les_rice_paddy_l100_cv2p0_s18_wind3_n2_op,open_path,2,2.0,100.0,18,-0.013506369994957617,-0.07006411706481493,0.056557747069857306,0.2231934996335526,0.2718370921347442,0.2564865419776293,-0.060514172756522384,-0.31391647686804863,-0.04968552999479107,-0.2577430346778634,-0.05265917615332674,-0.2731687850933165,0.44175
source_heterogeneity_les_rice_paddy_l100_cv2p0_s18_wind3_n2_point,point,2,2.0,100.0,18,0.1677555664877106,0.23703678994726066,-0.06928122345955007,0.27035462678489236,0.35698035267190636,0.3074122466464443,0.6205019254994489,0.8767624684886897,0.4699294099299953,0.6640051425046255,0.5457022884343536,0.7710713952781372,0.8315
source_heterogeneity_les_rice_paddy_l100_cv2p0_s18_wind3_n3_op,open_path,3,2.0,100.0,18,0.002232001466358457,-0.0534470525451855,0.05567905401154396,0.2055729705658728,0.2501905569206537,0.23516896510862043,0.010857465649372643,-0.25999066121418524,0.00892120587535333,-0.21362537900315676,0.009491054507670835,-0.2272708582975617,0.46075
source_heterogeneity_les_rice_paddy_l100_cv2p0_s18_wind3_n3_point,point,3,2.0,100.0,18,0.07761094245309104,0.02290269013601048,0.054708252317080555,0.22802411481006238,0.30379669181032753,0.27444203381818505,0.34036287134691323,0.1004397721490456,0.25547000525452285,0.07538821439935083,0.28279539170194123,0.08345183067395306,0.625
source_heterogeneity_les_rice_paddy_l100_cv2p0_s18_wind3_n4_op,open_path,4,2.0,100.0,18,0.02607726085497066,-0.036252691942843904,0.062329952797814565,0.199781292600267,0.24261745550948324,0.2277505093168348,0.13052904261235024,-0.1814618950102611,0.1074830366191495,-0.14942326332915848,0.11449924275995062,-0.15917721568038745,0.494
source_heterogeneity_les_rice_paddy_l100_cv2p0_s18_wind3_n4_point,point,4,2.0,100.0,18,-0.016813197114586922,0.021755831270055887,-0.03856902838464281,0.24467201416234313,0.32472914180609663,0.31217649412109116,-0.06871728739450823,0.08891834787292266,-0.05177606488002384,0.0669968551299495,-0.05385798556654043,0.06969080529688103,0.63175
source_heterogeneity_les_rice_paddy_l100_cv2p0_s19_wind3_n1_op,open_path,1,2.0,100.0,19,-0.028768797118874354,-0.010464593145070866,-0.018304203973803487,0.2215703589881211,0.27051205251869626,0.25543945301910553,-0.1298404590318722,-0.047229210589634404,-0.10634940976201428,-0.03868438780319266,-0.11262472096165425,-0.04096701986082067,0.55825
source_heterogeneity_les_rice_paddy_l100_cv2p0_s19_wind3_n1_point,point,1,2.0,100.0,19,0.005315012545838789,-0.31487559918143515,0.3201906117272739,0.4973352301870261,0.6462601335973432,0.5818491572505271,0.01068698178458028,-0.6331254656200892,0.008224261825115679,-0.48722732969572363,0.009134691491097755,-0.5411636250696827,0.30125
source_heterogeneity_les_rice_paddy_l100_cv2p0_s19_wind3_n2_op,open_path,2,2.0,100.0,19,-0.026966063688612155,-0.01145962436100511,-0.015506439327607046,0.2231934996335526,0.2718370921347442,0.2564865419776293,-0.12081921620874284,-0.05134389836540915,-0.09919935310095804,-0.042156220370856534,-0.10513636887413814,-0.04467924232065406,0.555
source_heterogeneity_les_rice_paddy_l100_cv2p0_s19_wind3_n2_point,point,2,2.0,100.0,19,-0.020390115481122146,-0.15978075673225328,0.13939064125113113,0.27035462678489236,0.35698035267190636,0.3074122466464443,-0.07541988729249875,-0.5910043361654129,-0.057118312894553894,-0.44758977780243453,-0.06632824717804062,-0.5197605445954064,0.336
source_heterogeneity_les_rice_paddy_l100_cv2p0_s19_wind3_n3_op,open_path,3,2.0,100.0,19,-0.012806261943033763,-0.024626611186730873,0.01182034924369711,0.2055729705658728,0.2501905569206537,0.23516896510862043,-0.062295456001742154,-0.11979498627150326,-0.051186032361306054,-0.09843141759559312,-0.05445557808666962,-0.10471879729264562,0.52025
source_heterogeneity_les_rice_paddy_l100_cv2p0_s19_wind3_n3_point,point,3,2.0,100.0,19,0.0627146789624463,-0.026177316897492534,0.08889199585993883,0.22802411481006238,0.30379669181032753,0.27444203381818505,0.2750352918360668,-0.11480065132276687,0.20643634592835391,-0.08616722170837886,0.22851703177507462,-0.095383773882228,0.542
source_heterogeneity_les_rice_paddy_l100_cv2p0_s19_wind3_n4_op,open_path,4,2.0,100.0,19,-0.003663188239323652,-0.020707914150261637,0.017044725910937985,0.199781292600267,0.24261745550948324,0.2277505093168348,-0.018335992282586505,-0.10365291905331261,-0.015098617828759103,-0.08535211989086343,-0.01608421535614488,-0.09092367877629574,0.52425
source_heterogeneity_les_rice_paddy_l100_cv2p0_s19_wind3_n4_point,point,4,2.0,100.0,19,-0.08068415040491923,0.07392262719969024,-0.15460677760460947,0.24467201416234313,0.32472914180609663,0.31217649412109116,-0.329764524484538,0.3021294750557029,-0.24846599832760813,0.22764395824946063,-0.25845684067943436,0.23679754431163594,0.693
source_heterogeneity_les_rice_paddy_l250_cv0p5_s0_wind3_n1_op,open_path,1,0.5,250.0,0,0.0079628409394256,0.007389000634796094,0.0005738403046295065,0.11929653220825472,0.12344527777557376,0.1222601063509092,0.06674830183265472,0.06193810078148116,0.0645050267042391,0.059856486760307345,0.06513032891179375,0.060436726707796984,0.554
source_heterogeneity_les_rice_paddy_l250_cv0p5_s0_wind3_n1_point,point,1,0.5,250.0,0,0.006158516875193116,-0.08995583043133822,0.09611434730653133,0.2187310574545319,0.22903238959601455,0.22632399873983758,0.02815565812583931,-0.41126226644809016,0.02688928359022056,-0.392764667870817,0.027211064268409347,-0.3974648333018525,0.38275
source_heterogeneity_les_rice_paddy_l250_cv0p5_s0_wind3_n2_op,open_path,2,0.5,250.0,0,0.012821684643369297,0.02170696496861508,-0.008885280325245782,0.12038660509887775,0.12456090630174754,0.1234209842305397,0.1065042463224077,0.18031046685622862,0.10293506224423973,0.17426787916932923,0.1038857753671734,0.17587742557674269,0.599
source_heterogeneity_les_rice_paddy_l250_cv0p5_s0_wind3_n2_point,point,2,0.5,250.0,0,0.07231505321261705,-0.07905432506221782,0.15136937827483488,0.11121203396553206,0.11697294045693495,0.11395336365116751,0.6502448578094494,-0.7108432625800112,0.618220358743916,-0.6758342976880424,0.6346021819416136,-0.6937427955546609,0.24175
source_heterogeneity_les_rice_paddy_l250_cv0p5_s0_wind3_n3_op,open_path,3,0.5,250.0,0,0.025391453280003334,0.013879895336788581,0.011511557943214753,0.1118290327094622,0.11565231653976234,0.11453999338437526,0.2270560038373191,0.12411710090392439,0.21954988918249224,0.1200139846054579,0.2216819866122592,0.12117946689773407,0.57475
source_heterogeneity_les_rice_paddy_l250_cv0p5_s0_wind3_n3_point,point,3,0.5,250.0,0,0.09185293705053775,-0.03871866421304162,0.13057160126357936,0.10359317032110864,0.10813732106096652,0.10701263757380337,0.8866698139058822,-0.37375691942842415,0.8494101402674121,-0.35805089152534586,0.8583372873805635,-0.36181394170701126,0.369
source_heterogeneity_les_rice_paddy_l250_cv0p5_s0_wind3_n4_op,open_path,4,0.5,250.0,0,0.04415650820849652,0.03292899812087843,0.01122751008761809,0.10930884736855614,0.1130166723779262,0.1118330859816623,0.40396097179228524,0.30124732730784254,0.3907079130841666,0.29136407423821786,0.3948429735341206,0.29444772834291566,0.63825
source_heterogeneity_les_rice_paddy_l250_cv0p5_s0_wind3_n4_point,point,4,0.5,250.0,0,-0.01742595884172044,0.07509263507149425,-0.09251859391321468,0.11958527198361167,0.12428660707986315,0.12411579481078894,-0.14571994153350715,0.6279421690137994,-0.14020785707443925,0.6041892753838053,-0.14040081577276953,0.6050207806828363,0.74825
source_heterogeneity_les_rice_paddy_l250_cv0p5_s1_wind3_n1_op,open_path,1,0.5,250.0,1,0.06624726684196111,0.05112600524900496,0.015121261592956153,0.11929653220825472,0.12344527777557376,0.1222601063509092,0.555315947711824,0.42856237564185706,0.5366529043127928,0.41415926287559707,0.5418551383541182,0.4181740616376026,0.684
source_heterogeneity_les_rice_paddy_l250_cv0p5_s1_wind3_n1_point,point,1,0.5,250.0,1,0.1571729033764139,0.0566377113282638,0.1005351920481501,0.2187310574545319,0.22903238959601455,0.22632399873983758,0.7185669250882938,0.2589376743631261,0.6862474938747655,0.24729127364110323,0.6944597314095985,0.25025057724156596,0.6365
source_heterogeneity_les_rice_paddy_l250_cv0p5_s1_wind3_n2_op,open_path,2,0.5,250.0,1,0.07180463262298116,0.041143219676612997,0.030661412946368163,0.12038660509887775,0.12456090630174754,0.1234209842305397,0.5964503489736711,0.3417591154997736,0.5764620277331248,0.3303060398175328,0.5817862583955442,0.33335676208642956,0.65375
source_heterogeneity_les_rice_paddy_l250_cv0p5_s1_wind3_n2_point,point,2,0.5,250.0,1,0.14616540489415372,0.16541102430835025,-0.01924561941419653,0.11121203396553206,0.11697294045693495,0.11395336365116751,1.3142948625456734,1.4873482518952588,1.2495659622061595,1.414096488146747,1.2826774060096486,1.4515677204115205,0.918
source_heterogeneity_les_rice_paddy_l250_cv0p5_s1_wind3_n3_op,open_path,3,0.5,250.0,1,0.07886003589750422,0.0453329358845212,0.03352710001298302,0.1118290327094622,0.11565231653976234,0.11453999338437526,0.7051839221607755,0.4053771617814006,0.6818716499326791,0.391976029887264,0.688493456018147,0.3957825956248501,0.669
source_heterogeneity_les_rice_paddy_l250_cv0p5_s1_wind3_n3_point,point,3,0.5,250.0,1,0.15000975743085312,0.04443196489398174,0.10557779253687138,0.10359317032110864,0.10813732106096652,0.10701263757380337,1.44806609321702,0.42890824516959564,1.3872154031472579,0.41088464609671194,1.401794786409184,0.41520296949356433,0.687
source_heterogeneity_les_rice_paddy_l250_cv0p5_s1_wind3_n4_op,open_path,4,0.5,250.0,1,0.0967913762431594,0.039663624928169994,0.0571277513149894,0.10930884736855614,0.1130166723779262,0.1118330859816623,0.885485288458018,0.36285832192920603,0.8564344906518779,0.3509537495099429,0.8654985722117213,0.35466807143883866,0.65625
source_heterogeneity_les_rice_paddy_l250_cv0p5_s1_wind3_n4_point,point,4,0.5,250.0,1,0.01611334348845509,-0.00023555514439232636,0.016348898632847417,0.11958527198361167,0.12428660707986315,0.12411579481078894,0.13474354509695236,-0.0019697671835759802,0.12964665998244768,-0.0018952576623237057,0.129825084011422,-0.0018978659787130525,0.53525
source_heterogeneity_les_rice_paddy_l250_cv0p5_s2_wind3_n1_op,open_path,1,0.5,250.0,2,-0.07143188892138837,-0.10333688786890471,0.03190499894751635,0.11929653220825472,0.12344527777557376,0.1222601063509092,-0.5987759040362587,-0.8662187069152235,-0.5786522595967836,-0.8371068519670186,-0.5842616291888835,-0.845221642228158,0.197
source_heterogeneity_les_rice_paddy_l250_cv0p5_s2_wind3_n1_point,point,1,0.5,250.0,2,-0.006138255585533427,-0.16216542518780463,0.1560271696022712,0.2187310574545319,0.22903238959601455,0.22632399873983758,-0.028063027066055308,-0.7413918584539112,-0.02680081885518711,-0.708045816025606,-0.027121540887007006,-0.7165189113427425,0.251
source_heterogeneity_les_rice_paddy_l250_cv0p5_s2_wind3_n2_op,open_path,2,0.5,250.0,2,-0.061189226529912204,-0.1237757589481556,0.06258653241824338,0.12038660509887775,0.12456090630174754,0.1234209842305397,-0.5082727142247706,-1.0281522503811302,-0.49123941328495085,-0.9936966791836763,-0.49577652383338666,-1.0028745088999875,0.1435
source_heterogeneity_les_rice_paddy_l250_cv0p5_s2_wind3_n2_point,point,2,0.5,250.0,2,0.005024732906118598,-0.02585689930534125,0.03088163221145985,0.11121203396553206,0.11697294045693495,0.11395336365116751,0.04518155748932632,-0.23250091184695965,0.04295636996462884,-0.22105026345696416,0.044094643151563674,-0.22690773204812137,0.43775
source_heterogeneity_les_rice_paddy_l250_cv0p5_s2_wind3_n3_op,open_path,3,0.5,250.0,2,-0.05456291755949783,-0.11317281770643925,0.05860990014694142,0.1118290327094622,0.11565231653976234,0.11453999338437526,-0.4879137039596435,-1.0120164233242388,-0.4717840436921866,-0.9785607508132307,-0.47636564266591724,-0.9880637702383305,0.15075
source_heterogeneity_les_rice_paddy_l250_cv0p5_s2_wind3_n3_point,point,3,0.5,250.0,2,0.012243810323335364,-0.1580408609695349,0.17028467129287025,0.10359317032110864,0.10813732106096652,0.10701263757380337,0.11819128891782268,-1.525591508394369,0.11322464994700998,-1.4614830422924328,0.11441462056190493,-1.4768429650240038,0.0455
source_heterogeneity_les_rice_paddy_l250_cv0p5_s2_wind3_n4_op,open_path,4,0.5,250.0,2,-0.03403269521823563,-0.12938006140602687,0.09534736618779124,0.10930884736855614,0.1130166723779262,0.1118330859816623,-0.31134437913783636,-1.1836192999986241,-0.3011298643126809,-1.1447873900709244,-0.30431687473791164,-1.156903256941705,0.10625
source_heterogeneity_les_rice_paddy_l250_cv0p5_s2_wind3_n4_point,point,4,0.5,250.0,2,-0.10226633244995273,-0.17895523625950238,0.07668890380954965,0.11958527198361167,0.12428660707986315,0.12411579481078894,-0.8551749789386073,-1.496465520302759,-0.8228266492482106,-1.4398593739429275,-0.8239590505451373,-1.4418409561193613,0.0405
source_heterogeneity_les_rice_paddy_l250_cv0p5_s3_wind3_n1_op,open_path,1,0.5,250.0,3,-0.09637505747374457,-0.10024261081504525,0.003867553341300678,0.11929653220825472,0.12344527777557376,0.1222601063509092,-0.8078613492763028,-0.8402810120251674,-0.7807107668302756,-0.8120408704275308,-0.7882788617664888,-0.8199126747635107,0.20525
source_heterogeneity_les_rice_paddy_l250_cv0p5_s3_wind3_n1_point,point,1,0.5,250.0,3,-0.10726854316884075,-0.22978034509902556,0.12251180193018481,0.2187310574545319,0.22903238959601455,0.22632399873983758,-0.4904129501186127,-1.0505154035877622,-0.46835534204594165,-1.0032657193348518,-0.47396009157715246,-1.015271674141641,0.136
source_heterogeneity_les_rice_paddy_l250_cv0p5_s3_wind3_n2_op,open_path,2,0.5,250.0,3,-0.0909570569380026,-0.08734540643713151,-0.0036116505008710886,0.12038660509887775,0.12456090630174754,0.1234209842305397,-0.7555413400294524,-0.7255409051978139,-0.7302215409195887,-0.7012264845403271,-0.7369659017473293,-0.7077030456504695,0.24275
source_heterogeneity_les_rice_paddy_l250_cv0p5_s3_wind3_n2_point,point,2,0.5,250.0,3,-0.0728947854412458,-0.0921880081927362,0.01929322275149041,0.11121203396553206,0.11697294045693495,0.11395336365116751,-0.6554577130010775,-0.828939143594011,-0.6231764812998175,-0.7881139674921345,-0.6396896335977438,-0.8089976920290031,0.20425
source_heterogeneity_les_rice_paddy_l250_cv0p5_s3_wind3_n3_op,open_path,3,0.5,250.0,3,-0.07553516623577572,-0.0794320057241068,0.003896839488331083,0.1118290327094622,0.11565231653976234,0.11453999338437526,-0.6754522006107315,-0.7102986031407014,-0.6531228123719081,-0.6868172475974343,-0.6594654321507906,-0.6934870814733464,0.245
source_heterogeneity_les_rice_paddy_l250_cv0p5_s3_wind3_n3_point,point,3,0.5,250.0,3,-0.020464441812965584,-0.07469593028744861,0.05423148847448303,0.10359317032110864,0.10813732106096652,0.10701263757380337,-0.19754624508094287,-0.7210507223199464,-0.18924494903501426,-0.6907507006330955,-0.19123387925890414,-0.6980103657003417,0.239
source_heterogeneity_les_rice_paddy_l250_cv0p5_s3_wind3_n4_op,open_path,4,0.5,250.0,3,-0.06060212137281219,-0.08032635877997624,0.019724237407164044,0.10930884736855614,0.1130166723779262,0.1118330859816623,-0.5544118598971252,-0.7348568822534577,-0.5362228430346943,-0.7107478665746413,-0.5418979619568877,-0.7182700725360261,0.23775
source_heterogeneity_les_rice_paddy_l250_cv0p5_s3_wind3_n4_point,point,4,0.5,250.0,3,-0.11831441596666553,-0.048595563274739864,-0.06971885269192567,0.11958527198361167,0.12428660707986315,0.12411579481078894,-0.9893728048959047,-0.4063674603792309,-0.951948232770084,-0.3909959762882069,-0.9532583354683629,-0.3915340779054144,0.36725
source_heterogeneity_les_rice_paddy_l250_cv0p5_s4_wind3_n1_op,open_path,1,0.5,250.0,4,0.006644168803650985,-0.020891750614513142,0.027535919418164127,0.11929653220825472,0.12344527777557376,0.1222601063509092,0.05569456781905721,-0.175124542413711,0.05382278628535496,-0.16923896151373896,0.05434453643104961,-0.17087953902600037,0.462
source_heterogeneity_les_rice_paddy_l250_cv0p5_s4_wind3_n1_point,point,1,0.5,250.0,4,0.12490233409238995,-0.03318549443276427,0.1580878285251542,0.2187310574545319,0.22903238959601455,0.22632399873983758,0.5710315468956834,-0.15171825537241146,0.5453479060874428,-0.14489432910034897,0.5518740159587178,-0.14662826133127593,0.487
source_heterogeneity_les_rice_paddy_l250_cv0p5_s4_wind3_n2_op,open_path,2,0.5,250.0,4,0.010826123272180174,-0.026073354479212336,0.03689947775139251,0.12038660509887775,0.12456090630174754,0.1234209842305397,0.08992797216341718,-0.21658019559399797,0.0869142943288643,-0.2093221320664599,0.08771703887855824,-0.21125544121824189,0.446
source_heterogeneity_les_rice_paddy_l250_cv0p5_s4_wind3_n2_point,point,2,0.5,250.0,4,0.044559805049911576,-0.1617678168276248,0.2063276218775364,0.11121203396553206,0.11697294045693495,0.11395336365116751,0.4006743106930496,-1.4545891398565869,0.3809411379746996,-1.3829507593440524,0.39103545189168304,-1.4195966809968528,0.059
source_heterogeneity_les_rice_paddy_l250_cv0p5_s4_wind3_n3_op,open_path,3,0.5,250.0,4,0.014591522134725518,-0.03067077008630823,0.04526229222103375,0.1118290327094622,0.11565231653976234,0.11453999338437526,0.13048062547974523,-0.27426482500293575,0.12616714105946003,-0.2651980609118481,0.12739237801209782,-0.26777345781209133,0.417
source_heterogeneity_les_rice_paddy_l250_cv0p5_s4_wind3_n3_point,point,3,0.5,250.0,4,0.06952417840040447,-0.08385179600824533,0.1533759744086498,0.10359317032110864,0.10813732106096652,0.10701263757380337,0.6711270461643347,-0.8094336310813657,0.6429249191517106,-0.7754195793418138,0.649681943896166,-0.7835690990273488,0.20575
source_heterogeneity_les_rice_paddy_l250_cv0p5_s4_wind3_n4_op,open_path,4,0.5,250.0,4,0.030248952303411163,-0.04232577128975229,0.07257472359316346,0.10930884736855614,0.1130166723779262,0.1118330859816623,0.27672922212253237,-0.38721267590575426,0.2676503534120973,-0.3745090914393187,0.27048303315506467,-0.3784727115255731,0.36725
source_heterogeneity_les_rice_paddy_l250_cv0p5_s4_wind3_n4_point,point,4,0.5,250.0,4,-0.048697642798461296,0.00039609219718583777,-0.049093734995647134,0.11958527198361167,0.12428660707986315,0.12411579481078894,-0.40722107321991097,0.003312215548082873,-0.3918172998895169,0.0031869258200227465,-0.39235653183947694,0.0031913117729268,0.53725
source_heterogeneity_les_rice_paddy_l250_cv0p5_s5_wind3_n1_op,open_path,1,0.5,250.0,5,-0.05995031856680426,-0.062477598126996485,0.0025272795601922263,0.11929653220825472,0.12344527777557376,0.1222601063509092,-0.5025319467136699,-0.523716800232969,-0.4856428665970946,-0.5061157401304741,-0.4903506168621817,-0.5110219514096788,0.31825
source_heterogeneity_les_rice_paddy_l250_cv0p5_s5_wind3_n1_point,point,1,0.5,250.0,5,-0.08828175823708231,-0.1238692290345057,0.03558747079742339,0.2187310574545319,0.22903238959601455,0.22632399873983758,-0.40360870223211737,-0.5663083719158386,-0.3854553427696435,-0.5408371682843464,-0.3900680384255819,-0.5473092987230886,0.32125
source_heterogeneity_les_rice_paddy_l250_cv0p5_s5_wind3_n2_op,open_path,2,0.5,250.0,5,-0.04571160201304971,-0.04920651797490147,0.003494915961851759,0.12038660509887775,0.12456090630174754,0.1234209842305397,-0.3797067121836783,-0.40873748316506164,-0.36698193173317006,-0.39503981976254393,-0.3703713942814165,-0.398688426297006,0.3615
source_heterogeneity_les_rice_paddy_l250_cv0p5_s5_wind3_n2_point,point,2,0.5,250.0,5,-0.0050200411557822615,-0.01137949800021729,0.006359456844435028,0.11121203396553206,0.11697294045693495,0.11395336365116751,-0.045139370055385576,-0.10232254185499509,-0.04291626025790514,-0.09728316613881134,-0.044053470603549215,-0.0998610101150858,0.4875
source_heterogeneity_les_rice_paddy_l250_cv0p5_s5_wind3_n3_op,open_path,3,0.5,250.0,5,-0.036109312837124645,-0.04642869925981558,0.010319386422690938,0.1118290327094622,0.11565231653976234,0.11453999338437526,-0.32289747986051676,-0.4151757207847789,-0.3122229966289515,-0.40145066392900974,-0.31525506305861567,-0.4053492399288811,0.358
source_heterogeneity_les_rice_paddy_l250_cv0p5_s5_wind3_n3_point,point,3,0.5,250.0,5,0.019887222636779354,-0.041817508859807395,0.06170473149658675,0.10359317032110864,0.10813732106096652,0.10701263757380337,0.19197426408647172,-0.4036705193033991,0.18390711404406973,-0.3867074609350752,0.18583994458657968,-0.39077168648391764,0.358
source_heterogeneity_les_rice_paddy_l250_cv0p5_s5_wind3_n4_op,open_path,4,0.5,250.0,5,-0.008887299336960811,-0.04108699802765432,0.032199698690693515,0.10930884736855614,0.1130166723779262,0.1118330859816623,-0.08130448313113708,-0.3758798945992128,-0.07863706433721393,-0.3635481134169299,-0.07946932036211622,-0.36739572790105707,0.37275
source_heterogeneity_les_rice_paddy_l250_cv0p5_s5_wind3_n4_point,point,4,0.5,250.0,5,-0.058930228322858734,-0.06204002649708329,0.0031097981742245553,0.11958527198361167,0.12428660707986315,0.12411579481078894,-0.4927883454656081,-0.5187932047818183,-0.4741478563735495,-0.4991690412565376,-0.47480039436315274,-0.49985601422978904,0.32225
source_heterogeneity_les_rice_paddy_l250_cv0p5_s6_wind3_n1_op,open_path,1,0.5,250.0,6,-0.03492141359421509,-0.07896115232918846,0.04403973873497337,0.11929653220825472,0.12344527777557376,0.1222601063509092,-0.29272781821732374,-0.6618897537721113,-0.28288982959480224,-0.6396449807723028,-0.2856321218467139,-0.6458456048005986,0.26775
source_heterogeneity_les_rice_paddy_l250_cv0p5_s6_wind3_n1_point,point,1,0.5,250.0,6,-0.07888943275474182,-0.2986699023907615,0.21978046963601972,0.2187310574545319,0.22903238959601455,0.22632399873983758,-0.3606686387969424,-1.3654663670834521,-0.3444466212569028,-1.304050937588256,-0.34856857069508684,-1.3196563513093744,0.0575
source_heterogeneity_les_rice_paddy_l250_cv0p5_s6_wind3_n2_op,open_path,2,0.5,250.0,6,-0.03488245308658614,-0.07685068861183211,0.04196823552524597,0.12038660509887775,0.12456090630174754,0.1234209842305397,-0.2897536072051866,-0.6383657762315994,-0.2800433468433808,-0.6169727797713842,-0.28262984049315915,-0.6226711696633507,0.274
source_heterogeneity_les_rice_paddy_l250_cv0p5_s6_wind3_n2_point,point,2,0.5,250.0,6,0.07728471030272305,0.0545185829261947,0.022766127376528347,0.11121203396553206,0.11697294045693495,0.11395336365116751,0.6949311827771795,0.490221974926667,0.6607058863428024,0.46607858803264335,0.6782135061787729,0.4784289044164264,0.706
source_heterogeneity_les_rice_paddy_l250_cv0p5_s6_wind3_n3_op,open_path,3,0.5,250.0,6,-0.010478328415643967,-0.04750847477608629,0.03703014636044232,0.1118290327094622,0.11565231653976234,0.11453999338437526,-0.09369953545844596,-0.42483131280868575,-0.09060197607059103,-0.41078705725494424,-0.09148183185658668,-0.41477630103099916,0.3535
source_heterogeneity_les_rice_paddy_l250_cv0p5_s6_wind3_n3_point,point,3,0.5,250.0,6,0.046791798040383026,-0.06020358104813446,0.10699537908851749,0.10359317032110864,0.10813732106096652,0.10701263757380337,0.4516880591195548,-0.5811539589098481,0.4327072058128976,-0.5567326844928256,0.43725488036973337,-0.5625838444231773,0.2935
source_heterogeneity_les_rice_paddy_l250_cv0p5_s6_wind3_n4_op,open_path,4,0.5,250.0,6,-0.002539329901014116,-0.05815776953687865,0.05561843963586453,0.10930884736855614,0.1130166723779262,0.1118330859816623,-0.023230781058849417,-0.5320499752484661,-0.022468630933696505,-0.514594601957487,-0.022706427876187728,-0.5200408182102298,0.311
source_heterogeneity_les_rice_paddy_l250_cv0p5_s6_wind3_n4_point,point,4,0.5,250.0,6,-0.06777040837408017,-0.03869892679991271,-0.029071481574167467,0.11958527198361167,0.12428660707986315,0.12411579481078894,-0.5667119976393719,-0.32360947262147904,-0.5452752309066798,-0.31136843871718084,-0.5460256567457371,-0.3117969542789307,0.4035
source_heterogeneity_les_rice_paddy_l250_cv0p5_s7_wind3_n1_op,open_path,1,0.5,250.0,7,0.025225399668858072,-0.02334923627779644,0.04857463594665451,0.11929653220825472,0.12344527777557376,0.1222601063509092,0.21145124004797017,-0.19572435045333858,0.2043447924732966,-0.18914645176015454,0.20632568072905558,-0.19098000954440364,0.4545
source_heterogeneity_les_rice_paddy_l250_cv0p5_s7_wind3_n1_point,point,1,0.5,250.0,7,-0.0042668716571531914,-0.13838862569247093,0.13412175403531773,0.2187310574545319,0.22903238959601455,0.22632399873983758,-0.01950738823653406,-0.6326885047919547,-0.01862999231104141,-0.6042316806656549,-0.018852935088240538,-0.6114624452687869,0.292
source_heterogeneity_les_rice_paddy_l250_cv0p5_s7_wind3_n2_op,open_path,2,0.5,250.0,7,0.03403220079196054,-0.03783674789618996,0.0718689486881505,0.12038660509887775,0.12456090630174754,0.1234209842305397,0.28269092532353324,-0.3142936696745731,0.2732173504704427,-0.3037610195652464,0.2757407988935766,-0.3065665707665578,0.40225
source_heterogeneity_les_rice_paddy_l250_cv0p5_s7_wind3_n2_point,point,2,0.5,250.0,7,0.14835071208413747,0.16649373699821107,-0.018143024914073602,0.11121203396553206,0.11697294045693495,0.11395336365116751,1.3339447791244947,1.4970838232291703,1.2682481222121167,1.4233525834935117,1.30185461254366,1.4610690870686314,0.9185
source_heterogeneity_les_rice_paddy_l250_cv0p5_s7_wind3_n3_op,open_path,3,0.5,250.0,7,0.05063300732530568,-0.02191945235387872,0.0725524596791844,0.1118290327094622,0.11565231653976234,0.11453999338437526,0.4527715754892822,-0.19600860190597041,0.43780365876110733,-0.1895288655661524,0.44205526671710704,-0.19136942220976955,0.4525
source_heterogeneity_les_rice_paddy_l250_cv0p5_s7_wind3_n3_point,point,3,0.5,250.0,7,0.12484108595487377,0.012090903671372997,0.11275018228350077,0.10359317032110864,0.10813732106096652,0.10701263757380337,1.205109232277599,0.11671525867868238,1.1544680849314721,0.11181064550837441,1.1666013359288958,0.11298575519208437,0.56925
source_heterogeneity_les_rice_paddy_l250_cv0p5_s7_wind3_n4_op,open_path,4,0.5,250.0,7,0.06893145712731918,-0.02103283651981774,0.08996429364713693,0.10930884736855614,0.1130166723779262,0.1118330859816623,0.6306118743975344,-0.19241659779744472,0.6099229049747044,-0.18610383828577276,0.616378029115839,-0.1880734698071962,0.4505
source_heterogeneity_les_rice_paddy_l250_cv0p5_s7_wind3_n4_point,point,4,0.5,250.0,7,0.005747416039874607,-0.07554579199382883,0.08129320803370343,0.11958527198361167,0.12428660707986315,0.12411579481078894,0.04806123650964519,-0.6317315731337038,0.046243245148541834,-0.6078353393723684,0.04630688663466549,-0.6086718625054633,0.27775
source_heterogeneity_les_rice_paddy_l250_cv0p5_s8_wind3_n1_op,open_path,1,0.5,250.0,8,-0.1526454640411645,-0.1936637471879726,0.04101828314680811,0.11929653220825472,0.12344527777557376,0.1222601063509092,-1.279546531785961,-1.6233811964449714,-1.2365435664430786,-1.5688226449622282,-1.248530437255172,-1.5840305801151662,0.028
source_heterogeneity_les_rice_paddy_l250_cv0p5_s8_wind3_n1_point,point,1,0.5,250.0,8,-0.19925423321630492,-0.2576050245784616,0.058350791362156706,0.2187310574545319,0.22903238959601455,0.22632399873983758,-0.9109553784227662,-1.1777249539974932,-0.8699827721649558,-1.1247536867289634,-0.8803937466894542,-1.1382134727770608,0.10175
source_heterogeneity_les_rice_paddy_l250_cv0p5_s8_wind3_n2_op,open_path,2,0.5,250.0,8,-0.14136023772491751,-0.1986607155789826,0.057300477854065085,0.12038660509887775,0.12456090630174754,0.1234209842305397,-1.174218988971517,-1.6501895324302531,-1.1348684103379416,-1.594888167381578,-1.1453501088669724,-1.6096186302314817,0.02325
source_heterogeneity_les_rice_paddy_l250_cv0p5_s8_wind3_n2_point,point,2,0.5,250.0,8,-0.05421747133845835,-0.1221836352660972,0.06796616392763885,0.11121203396553206,0.11697294045693495,0.11395336365116751,-0.4875144299155788,-1.0986548029862089,-0.463504389362762,-1.0445461556220401,-0.4757864937135874,-1.0722249115886047,0.13075
source_heterogeneity_les_rice_paddy_l250_cv0p5_s8_wind3_n3_op,open_path,3,0.5,250.0,8,-0.12470905843522641,-0.1807869570463506,0.05607789861112418,0.1118290327094622,0.11565231653976234,0.11453999338437526,-1.1151760451977368,-1.6166370455518895,-1.0783100777090815,-1.563193565467358,-1.0887817848629135,-1.5783740831873687,0.03
source_heterogeneity_les_rice_paddy_l250_cv0p5_s8_wind3_n3_point,point,3,0.5,250.0,8,-0.06756436995318106,-0.10731666255888507,0.03975229260570401,0.10359317032110864,0.10813732106096652,0.10701263757380337,-0.6522087290479788,-1.0359434142833421,-0.6248015882979854,-0.9924109595648409,-0.6313681401094704,-1.0028410194531652,0.14375
source_heterogeneity_les_rice_paddy_l250_cv0p5_s8_wind3_n4_op,open_path,4,0.5,250.0,8,-0.10643761231346129,-0.1779423982191996,0.07150478590573832,0.10930884736855614,0.1130166723779262,0.1118330859816623,-0.9737328210459129,-1.6278865115028798,-0.9417868184752013,-1.5744791850193807,-0.9517542271069428,-1.5911426985782857,0.0295
source_heterogeneity_les_rice_paddy_l250_cv0p5_s8_wind3_n4_point,point,4,0.5,250.0,8,-0.15618278214219525,-0.2032609690328474,0.04707818689065216,0.11958527198361167,0.12428660707986315,0.12411579481078894,-1.3060369354145802,-1.6997157397501501,-1.256634047800794,-1.6354213362847496,-1.258363469212694,-1.6376720573131975,0.018
source_heterogeneity_les_rice_paddy_l250_cv0p5_s9_wind3_n1_op,open_path,1,0.5,250.0,9,-0.03192570728031451,-0.04558970468454146,0.013663997404226948,0.11929653220825472,0.12344527777557376,0.1222601063509092,-0.26761638992642417,-0.38215448379468386,-0.2586223455088833,-0.36931104620643773,-0.2611293923520875,-0.37289109297590944,0.37825
source_heterogeneity_les_rice_paddy_l250_cv0p5_s9_wind3_n1_point,point,1,0.5,250.0,9,0.00982228614929094,0.04631536427777856,-0.03649307812848762,0.2187310574545319,0.22903238959601455,0.22632399873983758,0.04490576813186541,0.21174571556856409,0.04288601348750832,0.20222189690931167,0.04339922502245017,0.20464186094121942,0.61975
source_heterogeneity_les_rice_paddy_l250_cv0p5_s9_wind3_n2_op,open_path,2,0.5,250.0,9,-0.016930937507078005,-0.04460848694730393,0.027677549440225928,0.12038660509887775,0.12456090630174754,0.1234209842305397,-0.14063805099555746,-0.3705436074940847,-0.13592497044026783,-0.3581259021931032,-0.1371803799218817,-0.361433570031974,0.382
source_heterogeneity_les_rice_paddy_l250_cv0p5_s9_wind3_n2_point,point,2,0.5,250.0,9,0.02184133393080137,-0.03162768445614672,0.05346901838694809,0.11121203396553206,0.11697294045693495,0.11395336365116751,0.1963936199347874,-0.2843908462815192,0.18672125232965767,-0.27038462342314845,0.19166905856032268,-0.277549371451333,0.41225
source_heterogeneity_les_rice_paddy_l250_cv0p5_s9_wind3_n3_op,open_path,3,0.5,250.0,9,-0.013412228913042248,-0.05138822360907696,0.037975994696034715,0.1118290327094622,0.11565231653976234,0.11453999338437526,-0.11993512407361989,-0.45952488691005944,-0.11597025735693758,-0.4443337163195448,-0.11709647012142965,-0.4486487391057155,0.33825
source_heterogeneity_les_rice_paddy_l250_cv0p5_s9_wind3_n3_point,point,3,0.5,250.0,9,0.05477030251030454,0.021276100841157962,0.03349420166914658,0.10359317032110864,0.10813732106096652,0.10701263757380337,0.5287057278055355,0.2053813082002245,0.5064884350096458,0.19675076682510706,0.5118115369554472,0.19881858183791123,0.604
source_heterogeneity_les_rice_paddy_l250_cv0p5_s9_wind3_n4_op,open_path,4,0.5,250.0,9,0.011444125428101266,-0.044701895717577225,0.05614602114567849,0.10930884736855614,0.1130166723779262,0.1118330859816623,0.10469532616619001,-0.408950389595236,0.1012605059705905,-0.3955336392147054,0.10233219737831255,-0.39971977277732607,0.359
source_heterogeneity_les_rice_paddy_l250_cv0p5_s9_wind3_n4_point,point,4,0.5,250.0,9,-0.048956921538856196,-0.06607884419747323,0.017121922658617034,0.11958527198361167,0.12428660707986315,0.12411579481078894,-0.40938922265916994,-0.5525667425544584,-0.3939034356887531,-0.5316650421956791,-0.3944455386479187,-0.5323967372420938,0.309
source_heterogeneity_les_rice_paddy_l250_cv0p5_s10_wind3_n1_op,open_path,1,0.5,250.0,10,-0.060096297982231726,-0.10611186901467795,0.046015571032446224,0.11929653220825472,0.12344527777557376,0.1222601063509092,-0.5037556152707126,-0.8894799123702906,-0.48682541013426306,-0.8595862954562885,-0.4915446238018491,-0.8679189981245166,0.18925
source_heterogeneity_les_rice_paddy_l250_cv0p5_s10_wind3_n1_point,point,1,0.5,250.0,10,0.01818054701786635,0.09272243037898611,-0.07454188336111976,0.2187310574545319,0.22903238959601455,0.22632399873983758,0.08311826966614277,0.42391067577708086,0.07937980758937474,0.4048441818318242,0.08032973577302834,0.40968890128868646,0.6955
source_heterogeneity_les_rice_paddy_l250_cv0p5_s10_wind3_n2_op,open_path,2,0.5,250.0,10,-0.04531799868162037,-0.11938516909907695,0.07406717041745658,0.12038660509887775,0.12456090630174754,0.1234209842305397,-0.3764372177818214,-0.9916814997899619,-0.36382200505058926,-0.9584481411034983,-0.3671822823659409,-0.9673004136482644,0.155
source_heterogeneity_les_rice_paddy_l250_cv0p5_s10_wind3_n2_point,point,2,0.5,250.0,10,0.028178645131469678,-0.17910350788362578,0.20728215301509545,0.11121203396553206,0.11697294045693495,0.11395336365116751,0.25337766181133853,-1.6104687730028868,0.2408988354177862,-1.5311533349848974,0.2472822585363058,-1.5717263812579942,0.0395
source_heterogeneity_les_rice_paddy_l250_cv0p5_s10_wind3_n3_op,open_path,3,0.5,250.0,10,-0.04592030943945393,-0.12678310733011852,0.08086279789066458,0.1118290327094622,0.11565231653976234,0.11453999338437526,-0.41062958631465,-1.1337226501771485,-0.3970548175199422,-1.0962435610749683,-0.4009107044851467,-1.106889424243789,0.11925
source_heterogeneity_les_rice_paddy_l250_cv0p5_s10_wind3_n3_point,point,3,0.5,250.0,10,0.01943594600067029,-0.06857431155195898,0.08801025755262927,0.10359317032110864,0.10813732106096652,0.10701263757380337,0.18761802482175727,-0.6619578427747562,0.1797339328363104,-0.6341410243859991,0.18162290399828623,-0.6408057319834337,0.2665
source_heterogeneity_les_rice_paddy_l250_cv0p5_s10_wind3_n4_op,open_path,4,0.5,250.0,10,-0.019720789121785372,-0.12412401420937176,0.10440322508758638,0.10930884736855614,0.1130166723779262,0.1118330859816623,-0.1804134760957901,-1.135534928758908,-0.17449451224186927,-1.0982805598301706,-0.17634127636448363,-1.109904221276026,0.1195
source_heterogeneity_les_rice_paddy_l250_cv0p5_s10_wind3_n4_point,point,4,0.5,250.0,10,-0.08348281283633442,-0.17783786340275254,0.09435505056641812,0.11958527198361167,0.12428660707986315,0.12411579481078894,-0.6981027968709655,-1.487121787264271,-0.6716959678744039,-1.430869082205123,-0.6726203781203,-1.4328382916441973,0.0415
source_heterogeneity_les_rice_paddy_l250_cv0p5_s11_wind3_n1_op,open_path,1,0.5,250.0,11,0.18215959038621826,0.19333903243808792,-0.011179442051869659,0.11929653220825472,0.12344527777557376,0.1222601063509092,1.5269479088312823,1.6206592837131089,1.475630284678758,1.5661922102000738,1.489934826846841,1.5813746463066949,0.92225
source_heterogeneity_les_rice_paddy_l250_cv0p5_s11_wind3_n1_point,point,1,0.5,250.0,11,0.3271417814420067,0.47287304385662265,-0.14573126241461598,0.2187310574545319,0.22903238959601455,0.22632399873983758,1.4956348003301285,2.161892551335193,1.428364704306868,2.0646557663338077,1.4454577652547598,2.0893632424734436,0.9625
source_heterogeneity_les_rice_paddy_l250_cv0p5_s11_wind3_n2_op,open_path,2,0.5,250.0,11,0.18968932186970994,0.20573146518394317,-0.01604214331423323,0.12038660509887775,0.12456090630174754,0.1234209842305397,1.5756680048740592,1.708923222936378,1.522864014895568,1.6516535668547623,1.536929259252922,1.6669083176298014,0.93125
source_heterogeneity_les_rice_paddy_l250_cv0p5_s11_wind3_n2_point,point,2,0.5,250.0,11,0.22572253440215778,0.11164164224719453,0.11408089215496325,0.11121203396553206,0.11697294045693495,0.11395336365116751,2.0296592585665323,1.0038629657811637,1.9296987279315285,0.9544228076261517,1.9808325719382582,0.9797134430270125,0.836
source_heterogeneity_les_rice_paddy_l250_cv0p5_s11_wind3_n3_op,open_path,3,0.5,250.0,11,0.18622022766230942,0.1898934008238508,-0.003673173161541393,0.1118290327094622,0.11565231653976234,0.11453999338437526,1.6652225558108824,1.6980688844658436,1.610172915112212,1.641933395761802,1.6258096596652352,1.657878573352133,0.934
source_heterogeneity_les_rice_paddy_l250_cv0p5_s11_wind3_n3_point,point,3,0.5,250.0,11,0.2561677460577218,0.28710145730756015,-0.030933711249838347,0.10359317032110864,0.10813732106096652,0.10701263757380337,2.4728246588426286,2.7714322905422173,2.3689115242026157,2.654971054310619,2.3938083563359576,2.6828743204236507,0.98625
source_heterogeneity_les_rice_paddy_l250_cv0p5_s11_wind3_n4_op,open_path,4,0.5,250.0,11,0.2115955235442581,0.19602761347364053,0.015567910070617558,0.10930884736855614,0.1130166723779262,0.1118330859816623,1.9357584371082281,1.793337119480321,1.8722505192568895,1.734501727480764,1.8920654982100218,1.7528588409496624,0.94075
source_heterogeneity_les_rice_paddy_l250_cv0p5_s11_wind3_n4_point,point,4,0.5,250.0,11,0.12967192025673072,0.18454045210908648,-0.05486853185235577,0.11958527198361167,0.12428660707986315,0.12411579481078894,1.0843469108344825,1.5431704009033527,1.0433297947654738,1.4847975694638271,1.0447656597970625,1.4868409970738474,0.91075
source_heterogeneity_les_rice_paddy_l250_cv0p5_s12_wind3_n1_op,open_path,1,0.5,250.0,12,0.1079040061297623,0.10165936798530462,0.006244638144457679,0.11929653220825472,0.12344527777557376,0.1222601063509092,0.9045024539472396,0.8521569412247366,0.8741039598609366,0.8235176737187435,0.8825773946250117,0.8315007324917857,0.8025
source_heterogeneity_les_rice_paddy_l250_cv0p5_s12_wind3_n1_point,point,1,0.5,250.0,12,0.257702803053062,0.3407394565681373,-0.08303665351507533,0.2187310574545319,0.22903238959601455,0.22632399873983758,1.178171980019944,1.5578009841559313,1.1251806065841543,1.4877348010434703,1.1386455015285177,1.5055383364793842,0.919
source_heterogeneity_les_rice_paddy_l250_cv0p5_s12_wind3_n2_op,open_path,2,0.5,250.0,12,0.11686676808796029,0.1054166841693384,0.011450083918621887,0.12038660509887775,0.12456090630174754,0.1234209842305397,0.9707622205308764,0.8756512743486369,0.9382299114366728,0.846306335584678,0.946895447452139,0.8541228610884286,0.81
source_heterogeneity_les_rice_paddy_l250_cv0p5_s12_wind3_n2_point,point,2,0.5,250.0,12,0.12874343991154005,-0.07863160143571643,0.20737504134725648,0.11121203396553206,0.11697294045693495,0.11395336365116751,1.1576394686877276,-0.7070422024660273,1.1006258319969187,-0.6722204394328758,1.1297906071965345,-0.6900331759966509,0.24375
source_heterogeneity_les_rice_paddy_l250_cv0p5_s12_wind3_n3_op,open_path,3,0.5,250.0,12,0.11257673485563524,0.08355447845059466,0.02902225640504058,0.1118290327094622,0.11565231653976234,0.11453999338437526,1.00668611833669,0.7471626681031361,0.9734066573316784,0.722462644506285,0.982859624217441,0.7294786386987218,0.7795
source_heterogeneity_les_rice_paddy_l250_cv0p5_s12_wind3_n3_point,point,3,0.5,250.0,12,0.18523449370088782,0.13563332487452556,0.04960116882636226,0.10359317032110864,0.10813732106096652,0.10701263757380337,1.788095616020968,1.3092882904741865,1.7129561920297143,1.254269326665279,1.7309590521319242,1.2674514706824545,0.8895
source_heterogeneity_les_rice_paddy_l250_cv0p5_s12_wind3_n4_op,open_path,4,0.5,250.0,12,0.13804532882815262,0.09100054748339406,0.04704478134475856,0.10930884736855614,0.1130166723779262,0.1118330859816623,1.2628925485117029,0.8325085267486897,1.2214598600685298,0.8051957783634743,1.2343871906636685,0.8137175745853581,0.80175
source_heterogeneity_les_rice_paddy_l250_cv0p5_s12_wind3_n4_point,point,4,0.5,250.0,12,0.06001021367466303,0.08482668808878625,-0.024816474414123227,0.11958527198361167,0.12428660707986315,0.12411579481078894,0.5018194354475943,0.7093405958922029,0.482837331266933,0.6825086795899011,0.4835018279997878,0.6834479706479113,0.77625
source_heterogeneity_les_rice_paddy_l250_cv0p5_s13_wind3_n1_op,open_path,1,0.5,250.0,13,0.08232767258636584,0.08817869184409818,-0.005851019257732348,0.11929653220825472,0.12344527777557376,0.1222601063509092,0.6901095200541728,0.7391555329551873,0.6669163379099795,0.7143140137317281,0.6733813264489574,0.72123846834395,0.77675
source_heterogeneity_les_rice_paddy_l250_cv0p5_s13_wind3_n1_point,point,1,0.5,250.0,13,0.16545302701627812,-0.009304465409671244,0.17475749242594937,0.2187310574545319,0.22903238959601455,0.22632399873983758,0.7564221969286241,-0.042538382605338904,0.7224001256246649,-0.04062510733125213,0.7310449971612094,-0.041111262886296254,0.53625
source_heterogeneity_les_rice_paddy_l250_cv0p5_s13_wind3_n2_op,open_path,2,0.5,250.0,13,0.09195116637116924,0.09405041587902678,-0.002099249507857545,0.12038660509887775,0.12456090630174754,0.1234209842305397,0.7637989815864191,0.7812365487155308,0.7382024513246432,0.7550556484487243,0.745020524219872,0.7620293782728936,0.7865
source_heterogeneity_les_rice_paddy_l250_cv0p5_s13_wind3_n2_point,point,2,0.5,250.0,13,0.13412196367788187,0.1490017643881309,-0.014879800710249025,0.11121203396553206,0.11697294045693495,0.11395336365116751,1.2060022543913753,1.339798932499616,1.1466067549807433,1.273813959075328,1.1769899490501587,1.307567934933918,0.89625
source_heterogeneity_les_rice_paddy_l250_cv0p5_s13_wind3_n3_op,open_path,3,0.5,250.0,13,0.0946851247950589,0.08670390619215822,0.007981218602900686,0.1118290327094622,0.11565231653976234,0.11453999338437526,0.8466953750825683,0.7753255491122738,0.818704956614555,0.7496945049289057,0.8266555811411037,0.7569749537281338,0.7875
source_heterogeneity_les_rice_paddy_l250_cv0p5_s13_wind3_n3_point,point,3,0.5,250.0,13,0.1622340186269727,0.014137364006803259,0.14809665462016944,0.10359317032110864,0.10813732106096652,0.10701263757380337,1.5660686715552243,0.13647003912498817,1.5002592725180155,0.1307352897972457,1.5160267264236416,0.1321092940733579,0.576
source_heterogeneity_les_rice_paddy_l250_cv0p5_s13_wind3_n4_op,open_path,4,0.5,250.0,13,0.11621084718122945,0.08252852716421871,0.03368232001701074,0.10930884736855614,0.1130166723779262,0.1118330859816623,1.063142188201856,0.7550031781595652,1.0282628636651234,0.7302332074354875,1.039145492240865,0.7379616366640479,0.7815
source_heterogeneity_les_rice_paddy_l250_cv0p5_s13_wind3_n4_point,point,4,0.5,250.0,13,0.03938197181095319,0.1119955504455275,-0.07261357863457432,0.11958527198361167,0.12428660707986315,0.12411579481078894,0.32932125468051127,0.9365329742351192,0.31686416369583104,0.9011071512601695,0.3173002426563831,0.9023472847775869,0.824
source_heterogeneity_les_rice_paddy_l250_cv0p5_s14_wind3_n1_op,open_path,1,0.5,250.0,14,-0.020210531182832,-0.0646762114727393,0.0444656802899073,0.11929653220825472,0.12344527777557376,0.1222601063509092,-0.16941423869346584,-0.542146617974064,-0.16372056952697042,-0.5239261690538061,-0.16530765256185875,-0.5290050320020708,0.31125
source_heterogeneity_les_rice_paddy_l250_cv0p5_s14_wind3_n1_point,point,1,0.5,250.0,14,-0.03871623263562545,-0.07169184099729921,0.03297560836167376,0.2187310574545319,0.22903238959601455,0.22632399873983758,-0.17700381960469186,-0.327762512702166,-0.16904260879396232,-0.3130205344482278,-0.17106552045384402,-0.3167664118541398,0.41325
source_heterogeneity_les_rice_paddy_l250_cv0p5_s14_wind3_n2_op,open_path,2,0.5,250.0,14,-0.0035313088017536677,-0.049544842360099386,0.04601353355834572,0.12038660509887775,0.12456090630174754,0.1234209842305397,-0.02933307072537912,-0.4115477990213817,-0.02835005706524893,-0.3977559559503967,-0.02861189953855407,-0.4014296488476702,0.3605
source_heterogeneity_les_rice_paddy_l250_cv0p5_s14_wind3_n2_point,point,2,0.5,250.0,14,0.100634516625505,-0.07645479687560887,0.17708931350111387,0.11121203396553206,0.11697294045693495,0.11395336365116751,0.9048887340437876,-0.6874687401122841,0.86032304764156,-0.6536109682884877,0.8831201940959463,-0.6709305844595448,0.2515
source_heterogeneity_les_rice_paddy_l250_cv0p5_s14_wind3_n3_op,open_path,3,0.5,250.0,14,0.0022358308291531596,-0.06294994323640399,0.06518577406555714,0.1118290327094622,0.11565231653976234,0.11453999338437526,0.019993294898311132,-0.5629123467422927,0.019332347989626825,-0.544303349209276,0.01952008868771382,-0.5495891991643085,0.2985
source_heterogeneity_les_rice_paddy_l250_cv0p5_s14_wind3_n3_point,point,3,0.5,250.0,14,0.060996405897465085,-0.10509705379802087,0.16609345969548595,0.10359317032110864,0.10813732106096652,0.10701263757380337,0.5888072129503712,-1.014517206802829,0.5640643331923865,-0.9718851250140403,0.5699925474259777,-0.9820994620895931,0.14925
source_heterogeneity_les_rice_paddy_l250_cv0p5_s14_wind3_n4_op,open_path,4,0.5,250.0,14,0.02569269212626588,-0.045711974604497316,0.07140466673076319,0.10930884736855614,0.1130166723779262,0.1118330859816623,0.2350467756707556,-0.41819098549608213,0.22733541508238597,-0.4044710717692793,0.22974142134000314,-0.40875179472372675,0.35425
source_heterogeneity_les_rice_paddy_l250_cv0p5_s14_wind3_n4_point,point,4,0.5,250.0,14,-0.028863251320242006,-0.012146375298896676,-0.01671687602134533,0.11958527198361167,0.12428660707986315,0.12411579481078894,-0.24136125495619154,-0.10157082973028027,-0.2322313883884148,-0.09772875440305286,-0.2325509929195009,-0.09786325195285166,0.50175
source_heterogeneity_les_rice_paddy_l250_cv0p5_s15_wind3_n1_op,open_path,1,0.5,250.0,15,0.11595022878346223,0.11959316241938879,-0.0036429336359265624,0.11929653220825472,0.12344527777557376,0.1222601063509092,0.9719497007762902,1.0024864948347052,0.9392844414369766,0.9687949557439678,0.9483897261684326,0.9781863110451926,0.8395
source_heterogeneity_les_rice_paddy_l250_cv0p5_s15_wind3_n1_point,point,1,0.5,250.0,15,0.20130246124989667,0.3400310073848662,-0.13872854613496952,0.2187310574545319,0.22903238959601455,0.22632399873983758,0.9203195174592061,1.5545620788467553,0.8789257344996919,1.4846415739915206,0.8894437283308011,1.5024080931679558,0.91875
source_heterogeneity_les_rice_paddy_l250_cv0p5_s15_wind3_n2_op,open_path,2,0.5,250.0,15,0.13925542957767495,0.1500109980705861,-0.01075556849291115,0.12038660509887775,0.12456090630174754,0.1234209842305397,1.1567352486042743,1.2460771524155598,1.1179705873392578,1.2043184537144098,1.128296216772651,1.2154415961420189,0.87925
source_heterogeneity_les_rice_paddy_l250_cv0p5_s15_wind3_n2_point,point,2,0.5,250.0,15,0.180911852905522,-0.06648633818707814,0.24739819109260014,0.11121203396553206,0.11697294045693495,0.11395336365116751,1.62672910884439,-0.5978340276348533,1.5466128507911363,-0.568390757104682,1.587595548818786,-0.5834521777751573,0.2845
source_heterogeneity_les_rice_paddy_l250_cv0p5_s15_wind3_n3_op,open_path,3,0.5,250.0,15,0.12763871320673317,0.10522345089195476,0.022415262314778417,0.1118290327094622,0.11565231653976234,0.11453999338437526,1.1413736675908246,0.9409314231066533,1.103641647876978,0.9098257089885264,1.1143593554995328,0.9186612272522499,0.82475
source_heterogeneity_les_rice_paddy_l250_cv0p5_s15_wind3_n3_point,point,3,0.5,250.0,15,0.20840493928578427,0.10110254229440252,0.10730239699138175,0.10359317032110864,0.10813732106096652,0.10701263757380337,2.0117633106486625,0.9759576039715177,1.9272249140358126,0.9349458753227493,1.9474796996948487,0.9447719875577795,0.829
source_heterogeneity_les_rice_paddy_l250_cv0p5_s15_wind3_n4_op,open_path,4,0.5,250.0,15,0.1666832101041997,0.14028947724864982,0.026393732855549884,0.10930884736855614,0.1130166723779262,0.1118330859816623,1.524883064059716,1.2834228941746721,1.4748550510035663,1.2413166508700924,1.490464191710952,1.2544541359759456,0.88325
source_heterogeneity_les_rice_paddy_l250_cv0p5_s15_wind3_n4_point,point,4,0.5,250.0,15,0.10636149420874193,0.20230082948694844,-0.09593933527820651,0.11958527198361167,0.12428660707986315,0.12411579481078894,0.8894196788992379,1.6916868284137228,0.8557759899294456,1.6276961310638685,0.8569537372007089,1.6299362204089367,0.92725
source_heterogeneity_les_rice_paddy_l250_cv0p5_s16_wind3_n1_op,open_path,1,0.5,250.0,16,0.20280678719439613,0.18737541066589403,0.0154313765285021,0.11929653220825472,0.12344527777557376,0.1222601063509092,1.700022485484812,1.5706693832373495,1.6428881756263154,1.5178823689517444,1.658814091101009,1.532596496588117,0.91875
source_heterogeneity_les_rice_paddy_l250_cv0p5_s16_wind3_n1_point,point,1,0.5,250.0,16,0.32972578905609656,0.4322482079447205,-0.10252241888862396,0.2187310574545319,0.22903238959601455,0.22632399873983758,1.5074484295612085,1.9761629325756491,1.439646984593284,1.887279824077084,1.456875059171788,1.909864664602341,0.95175
source_heterogeneity_les_rice_paddy_l250_cv0p5_s16_wind3_n2_op,open_path,2,0.5,250.0,16,0.21559714133368346,0.2024650455499134,0.01313209578377006,0.12038660509887775,0.12456090630174754,0.1234209842305397,1.7908731719497029,1.68179047314792,1.730857198577229,1.6254300932866037,1.7468434778559754,1.6404426428145011,0.93
source_heterogeneity_les_rice_paddy_l250_cv0p5_s16_wind3_n2_point,point,2,0.5,250.0,16,0.24930389453405086,0.0031512709211019485,0.2461526236129489,0.11121203396553206,0.11697294045693495,0.11395336365116751,2.2416989029381265,0.028335700811646172,2.131295439442554,0.026940170169203605,2.187771264894089,0.027654040391019753,0.5405
source_heterogeneity_les_rice_paddy_l250_cv0p5_s16_wind3_n3_op,open_path,3,0.5,250.0,16,0.20824247985971447,0.16499167000039638,0.04325080985931809,0.1118290327094622,0.11565231653976234,0.11453999338437526,1.862150416705647,1.4753920873933832,1.8005906504096594,1.426617943650707,1.8180765836164388,1.4404721453642355,0.908
source_heterogeneity_les_rice_paddy_l250_cv0p5_s16_wind3_n3_point,point,3,0.5,250.0,16,0.2872146011476028,0.13984106437829255,0.14737353676931023,0.10359317032110864,0.10813732106096652,0.10701263757380337,2.772524484551648,1.3499062143269291,2.6560173521006187,1.2931804025314428,2.6839316146143912,1.3067714949259932,0.89675
source_heterogeneity_les_rice_paddy_l250_cv0p5_s16_wind3_n4_op,open_path,4,0.5,250.0,16,0.2372111548964302,0.18313635110070303,0.054074803795727155,0.10930884736855614,0.1130166723779262,0.1118330859816623,2.170100230740028,1.6754028197115922,2.0989040811890067,1.6204365891104773,2.1211178500012653,1.6375864932380797,0.92825
source_heterogeneity_les_rice_paddy_l250_cv0p5_s16_wind3_n4_point,point,4,0.5,250.0,16,0.15880658660861324,0.19545820437388714,-0.0366516177652739,0.11958527198361167,0.12428660707986315,0.12411579481078894,1.3279778017344526,1.6344671976050138,1.27774496657205,1.5726409221895572,1.2795034415298185,1.574805242732061,0.92075
source_heterogeneity_les_rice_paddy_l250_cv0p5_s17_wind3_n1_op,open_path,1,0.5,250.0,17,0.05526882935551928,0.04569486954932152,0.009573959806197761,0.11929653220825472,0.12344527777557376,0.1222601063509092,0.46328948823958316,0.38303602546931087,0.44771926760940367,0.37016296105223073,0.45205939210364726,0.37375126615847004,0.66725
source_heterogeneity_les_rice_paddy_l250_cv0p5_s17_wind3_n1_point,point,1,0.5,250.0,17,0.22186045871911522,0.11681266152607302,0.1050477971930422,0.2187310574545319,0.22903238959601455,0.22632399873983758,1.0143070732661448,0.5340469839330206,0.968685953591325,0.5100268208008327,0.9802780966862765,0.5161302476824418,0.72775
source_heterogeneity_les_rice_paddy_l250_cv0p5_s17_wind3_n2_op,open_path,2,0.5,250.0,17,0.05616011218240248,0.03974425072859533,0.01641586145380715,0.12038660509887775,0.12456090630174754,0.1234209842305397,0.46649801393000667,0.3301384792432014,0.45086467214966447,0.3190748358262205,0.45502887967171174,0.32202182616172076,0.65
source_heterogeneity_les_rice_paddy_l250_cv0p5_s17_wind3_n2_point,point,2,0.5,250.0,17,0.07445330757176856,0.025011110477808764,0.04944219709395979,0.11121203396553206,0.11697294045693495,0.11395336365116751,0.6694716832069079,0.22489572023797763,0.6365002647700344,0.2138196268308474,0.6533664754265965,0.21948549543804988,0.62175
source_heterogeneity_les_rice_paddy_l250_cv0p5_s17_wind3_n3_op,open_path,3,0.5,250.0,17,0.058665581322130254,0.03770404106100498,0.020961540261125275,0.1118290327094622,0.11565231653976234,0.11453999338437526,0.5246006327761643,0.33715789314714084,0.5072581602977272,0.3260119830634087,0.5121842562471546,0.329177957383646,0.64675
source_heterogeneity_les_rice_paddy_l250_cv0p5_s17_wind3_n3_point,point,3,0.5,250.0,17,0.1304586739671184,0.02609359221703912,0.10436508175007929,0.10359317032110864,0.10813732106096652,0.10701263757380337,1.2593366296516897,0.25188525591172267,1.2064167364897767,0.2413005238249602,1.2190959584296295,0.24383654873512636,0.62225
source_heterogeneity_les_rice_paddy_l250_cv0p5_s17_wind3_n4_op,open_path,4,0.5,250.0,17,0.0750822458355657,0.027782827352754266,0.04729941848281144,0.10930884736855614,0.1130166723779262,0.1118330859816623,0.6868816902113261,0.25416814852213226,0.6643466336054534,0.2458294583284922,0.6713777517315155,0.24843119644672884,0.62125
source_heterogeneity_les_rice_paddy_l250_cv0p5_s17_wind3_n4_point,point,4,0.5,250.0,17,-0.012543464719136567,0.012818875958501778,-0.025362340677638345,0.11958527198361167,0.12428660707986315,0.12411579481078894,-0.10489138429066383,0.10719443745763706,-0.10092370379920727,0.1031396403818854,-0.10106259834422145,0.10328158457224398,0.57375
source_heterogeneity_les_rice_paddy_l250_cv0p5_s18_wind3_n1_op,open_path,1,0.5,250.0,18,-0.03912951894638579,-0.07153504008031827,0.03240552113393248,0.11929653220825472,0.12344527777557376,0.1222601063509092,-0.32800214911593406,-0.5996405658752955,-0.3169786617315902,-0.5794878619040459,-0.32005140609052646,-0.5851053317015726,0.2875
source_heterogeneity_les_rice_paddy_l250_cv0p5_s18_wind3_n1_point,point,1,0.5,250.0,18,-0.08052875950186891,-0.1778160729558434,0.09728731345397448,0.2187310574545319,0.22903238959601455,0.22632399873983758,-0.36816335292764085,-0.8129438728325373,-0.35160424097182025,-0.7763795909805136,-0.35581184474580524,-0.7856704279966585,0.2235
source_heterogeneity_les_rice_paddy_l250_cv0p5_s18_wind3_n2_op,open_path,2,0.5,250.0,18,-0.024874729416390202,-0.07002312213542143,0.04514839271903123,0.12038660509887775,0.12456090630174754,0.1234209842305397,-0.20662373023942085,-0.5816521038857186,-0.19969932906662882,-0.5621597033485861,-0.20154376155294926,-0.5673518370638198,0.29375
source_heterogeneity_les_rice_paddy_l250_cv0p5_s18_wind3_n2_point,point,2,0.5,250.0,18,0.08824897557910326,0.09314525116891342,-0.0048962755898101645,0.11121203396553206,0.11697294045693495,0.11395336365116751,0.7935200214614747,0.8375465122576746,0.7544392338465085,0.7962974240457434,0.7744306333005652,0.8173979967282792,0.79975
source_heterogeneity_les_rice_paddy_l250_cv0p5_s18_wind3_n3_op,open_path,3,0.5,250.0,18,-0.012279391675383833,-0.05841192905272245,0.04613253737733862,0.1118290327094622,0.11565231653976234,0.11453999338437526,-0.10980504237469663,-0.5223324179551813,-0.10617506023895391,-0.5050649290940912,-0.10720614968237724,-0.5099697260912414,0.3125
source_heterogeneity_les_rice_paddy_l250_cv0p5_s18_wind3_n3_point,point,3,0.5,250.0,18,0.05431829815948623,-0.019350189911200976,0.07366848807068721,0.10359317032110864,0.10813732106096652,0.10701263757380337,0.5243424638044702,-0.18679020876782731,0.5023085242592816,-0.17894090330101273,0.507587696098272,-0.18082153986584748,0.4455
source_heterogeneity_les_rice_paddy_l250_cv0p5_s18_wind3_n4_op,open_path,4,0.5,250.0,18,0.009137860743855116,-0.053754786428943886,0.06289264717279901,0.10930884736855614,0.1130166723779262,0.1118330859816623,0.08359671667788274,-0.49176976725131055,0.0808540948126506,-0.4756358977654962,0.08170981479804183,-0.48066979424817324,0.3265
source_heterogeneity_les_rice_paddy_l250_cv0p5_s18_wind3_n4_point,point,4,0.5,250.0,18,-0.04576585109028807,-0.057425291694161114,0.011659440603873042,0.11958527198361167,0.12428660707986315,0.12411579481078894,-0.382704745585727,-0.48020371356458386,-0.3682283406520237,-0.462039257836214,-0.368735108694722,-0.4626751315713231,0.33575
source_heterogeneity_les_rice_paddy_l250_cv0p5_s19_wind3_n1_op,open_path,1,0.5,250.0,19,0.023483249373628008,0.0024102013128039224,0.021073048060824086,0.11929653220825472,0.12344527777557376,0.1222601063509092,0.19684771165546994,0.020203448232648195,0.1902320590692912,0.019524451289143045,0.1920761405705531,0.01971371843801769,0.54125
source_heterogeneity_les_rice_paddy_l250_cv0p5_s19_wind3_n1_point,point,1,0.5,250.0,19,0.06792217679361401,-0.08495343359072241,0.15287561038433642,0.2187310574545319,0.22903238959601455,0.22632399873983758,0.3105282696662002,-0.38839218618225657,0.2965614466731999,-0.37092322941995237,0.3001103602437294,-0.3753620211013393,0.388
source_heterogeneity_les_rice_paddy_l250_cv0p5_s19_wind3_n2_op,open_path,2,0.5,250.0,19,0.025549885347856863,0.01085103384335628,0.014698851504500583,0.12038660509887775,0.12456090630174754,0.1234209842305397,0.2122319615780497,0.09013489361581337,0.20511961663126088,0.08711428140278427,0.20701411115091978,0.08791887304258966,0.56375
source_heterogeneity_les_rice_paddy_l250_cv0p5_s19_wind3_n2_point,point,2,0.5,250.0,19,0.07305261747786972,-0.09802923713422879,0.17108185461209852,0.11121203396553206,0.11697294045693495,0.11395336365116751,0.6568769122639274,-0.8814624968068742,0.6245257851303221,-0.8380505504204152,0.6410746917615999,-0.8602575123127962,0.18775
source_heterogeneity_les_rice_paddy_l250_cv0p5_s19_wind3_n3_op,open_path,3,0.5,250.0,19,0.03774984069952825,0.007380101471506195,0.030369739228022052,0.1118290327094622,0.11565231653976234,0.11453999338437526,0.33756744366737346,0.0659945033297399,0.3264079944870754,0.06381282876395172,0.32957781456165003,0.0644325292279346,0.55525
source_heterogeneity_les_rice_paddy_l250_cv0p5_s19_wind3_n3_point,point,3,0.5,250.0,19,0.1054152448133952,-0.014411068083673373,0.11982631289706858,0.10359317032110864,0.10813732106096652,0.10701263757380337,1.0175887511371517,-0.13911214454585435,0.9748275967920766,-0.13326636856066174,0.9850728587144065,-0.13466697401729302,0.467
source_heterogeneity_les_rice_paddy_l250_cv0p5_s19_wind3_n4_op,open_path,4,0.5,250.0,19,0.050987318228319076,0.008977901372557643,0.042009416855761435,0.10930884736855614,0.1130166723779262,0.1118330859816623,0.4664518879830959,0.08213334591560456,0.45114864166074703,0.07943873398197093,0.45592337706463415,0.08027947448423076,0.556
source_heterogeneity_les_rice_paddy_l250_cv0p5_s19_wind3_n4_point,point,4,0.5,250.0,19,-0.022873872221019376,0.07056452863033301,-0.09343840085135238,0.11958527198361167,0.12428660707986315,0.12411579481078894,-0.19127666678012056,0.5900770844088843,-0.18404132801148282,0.5677564967638885,-0.18429461178482526,0.568537862065877,0.7365
source_heterogeneity_les_rice_paddy_l250_cv1p0_s0_wind3_n1_op,open_path,1,1.0,250.0,0,-0.0315906372842678,-0.025076265954986094,-0.0065143713292817075,0.21025599117811444,0.23456905173516718,0.22158423885686743,-0.15024845240917004,-0.11926540506397842,-0.1346752141878214,-0.10690355683961951,-0.14256716744494544,-0.11316809392379272,0.51675
source_heterogeneity_les_rice_paddy_l250_cv1p0_s0_wind3_n1_point,point,1,1.0,250.0,0,-0.07365672775983377,-0.20402950808767578,0.130372780327842,0.3855058855043354,0.44640468008760836,0.42072675357384587,-0.19106511866471992,-0.529251344167562,-0.1649999004163182,-0.45705055790999843,-0.17507022582747536,-0.48494541018500875,0.361
source_heterogeneity_les_rice_paddy_l250_cv1p0_s0_wind3_n2_op,open_path,2,1.0,250.0,0,-0.02904011624293535,-0.005316760823470518,-0.023723355419464832,0.21217720675606802,0.2366387126091022,0.22490898613386445,-0.1368672756462557,-0.025058114887821073,-0.12271921158946643,-0.022467840383551898,-0.12911941288842435,-0.023639610470281583,0.55675
source_heterogeneity_les_rice_paddy_l250_cv1p0_s0_wind3_n2_point,point,2,1.0,250.0,0,0.038833418397334576,-0.17825331663138066,0.21708673502871523,0.1960073440486738,0.2301920130856809,0.21293810364301127,0.19812226213162307,-0.9094216214016739,0.16870011203594712,-0.7743679471843018,0.18236951364251106,-0.8371132905842943,0.1895
source_heterogeneity_les_rice_paddy_l250_cv1p0_s0_wind3_n3_op,open_path,3,1.0,250.0,0,-0.012742578333316401,-0.018263110001936207,0.005520531668619806,0.19709478288750124,0.21950069310417133,0.20845720857608072,-0.06465203262427131,-0.09266155975503683,-0.05805256536146329,-0.08320297190710392,-0.06112802920252929,-0.08761083450501407,0.5225
source_heterogeneity_les_rice_paddy_l250_cv1p0_s0_wind3_n3_point,point,3,1.0,250.0,0,0.05027532740471881,-0.12975743183636718,0.18003275924108597,0.18257936171291975,0.20964214990302982,0.1958169592979197,0.2753615027079,-0.7106905765197734,0.23981497722654396,-0.6189472484249308,0.25674654322575274,-0.6626465465585731,0.26075
source_heterogeneity_les_rice_paddy_l250_cv1p0_s0_wind3_n4_op,open_path,4,1.0,250.0,0,0.005610635215137827,0.013370748964874014,-0.007760113749736187,0.19265304382772916,0.214372090661867,0.20240015218371185,0.029123003216885955,0.06940325830943098,0.026172414505149292,0.06237168711464376,0.027720508876125947,0.06606096300134119,0.5855
source_heterogeneity_les_rice_paddy_l250_cv1p0_s0_wind3_n4_point,point,4,1.0,250.0,0,-0.048607649293150805,0.07076250383808125,-0.11937015313123206,0.2107648849953651,0.23868786518743315,0.23036161535332017,-0.23062498904511408,0.33574142979100796,-0.2036452471305189,0.2964646056996402,-0.21100585363841184,0.3071800991217583,0.69175
source_heterogeneity_les_rice_paddy_l250_cv1p0_s1_wind3_n1_op,open_path,1,1.0,250.0,1,0.09679267894852962,0.08211751042049466,0.014675168528034965,0.21025599117811444,0.23456905173516718,0.22158423885686743,0.4603563418391893,0.390559669478956,0.4126404495074242,0.3500781957937352,0.4368211360513459,0.37059274091032507,0.7015
source_heterogeneity_les_rice_paddy_l250_cv1p0_s1_wind3_n1_point,point,1,1.0,250.0,1,0.20946858876238167,0.06568705325603508,0.1437815355063466,0.3855058855043354,0.44640468008760836,0.42072675357384587,0.5433602874527994,0.17039182986817555,0.4692347506779561,0.1471468740944736,0.4978732324081116,0.15612758803204013,0.65075
source_heterogeneity_les_rice_paddy_l250_cv1p0_s1_wind3_n2_op,open_path,2,1.0,250.0,1,0.09918175212439508,0.06840366705794133,0.030778085066453742,0.21217720675606802,0.2366387126091022,0.22490898613386445,0.46744772278212016,0.32238932778760915,0.41912733141103176,0.28906372209240216,0.4409861688023559,0.3041393242385962,0.68175
source_heterogeneity_les_rice_paddy_l250_cv1p0_s1_wind3_n2_point,point,2,1.0,250.0,1,0.18638083659918736,0.3271065953825778,-0.14072575878339044,0.1960073440486738,0.2301920130856809,0.21293810364301127,0.9508870063200494,1.6688486697791722,0.8096755143707511,1.42101626810494,0.875281752821717,1.5361581125516592,0.92925
source_heterogeneity_les_rice_paddy_l250_cv1p0_s1_wind3_n3_op,open_path,3,1.0,250.0,1,0.1077783432251699,0.07955450215514007,0.02822384107002983,0.19709478288750124,0.21950069310417133,0.20845720857608072,0.5468350894233875,0.40363575833739135,0.49101595854196284,0.3624339451055165,0.5170286216599412,0.3816346899133739,0.703
source_heterogeneity_les_rice_paddy_l250_cv1p0_s1_wind3_n3_point,point,3,1.0,250.0,1,0.1813868470114299,0.07366296399846761,0.10772388301296229,0.18257936171291975,0.20964214990302982,0.1958169592979197,0.9934685131424388,0.40345723255562815,0.8652212691738306,0.3513747785573678,0.9263081587099126,0.3761827589529432,0.70725
source_heterogeneity_les_rice_paddy_l250_cv1p0_s1_wind3_n4_op,open_path,4,1.0,250.0,1,0.12324206653121408,0.06804361035489333,0.055198456176320757,0.19265304382772916,0.214372090661867,0.20240015218371185,0.6397099370068476,0.3531925008967836,0.5748979083550855,0.31740890404534866,0.6089030329352291,0.33618359285190863,0.68725
source_heterogeneity_les_rice_paddy_l250_cv1p0_s1_wind3_n4_point,point,4,1.0,250.0,1,0.03414039655301192,-0.0076884312192450725,0.04182882777225699,0.2107648849953651,0.23868786518743315,0.23036161535332017,0.16198332352072164,-0.0364787104807053,0.14303364993525192,-0.03221123626543653,0.1482034951901541,-0.033375487524051436,0.54575
source_heterogeneity_les_rice_paddy_l250_cv1p0_s2_wind3_n1_op,open_path,1,1.0,250.0,2,-0.1295609869509698,-0.169104847103769,0.039543860152799204,0.21025599117811444,0.23456905173516718,0.22158423885686743,-0.6162059222427323,-0.804280753933499,-0.5523362352900951,-0.7209171280390881,-0.584703080053721,-0.7631627952248105,0.2115
source_heterogeneity_les_rice_paddy_l250_cv1p0_s2_wind3_n1_point,point,1,1.0,250.0,2,-0.04700275483540427,-0.2952690837407677,0.24826632890536343,0.3855058855043354,0.44640468008760836,0.42072675357384587,-0.12192486963957305,-0.7659262668700478,-0.10529180569114963,-0.6614381455024625,-0.11171800803286533,-0.7018072448034663,0.2395
source_heterogeneity_les_rice_paddy_l250_cv1p0_s2_wind3_n2_op,open_path,2,1.0,250.0,2,-0.11803222804608367,-0.20407577389793585,0.08604354585185219,0.21217720675606802,0.2366387126091022,0.22490898613386445,-0.5562907998019824,-0.961817609996883,-0.4987866386894112,-0.8623938646718541,-0.5247999649770846,-0.9073704764133844,0.15375
source_heterogeneity_les_rice_paddy_l250_cv1p0_s2_wind3_n2_point,point,2,1.0,250.0,2,-0.04513178602164451,-0.008872701681192321,-0.03625908434045219,0.1960073440486738,0.2301920130856809,0.21293810364301127,-0.2302555868031001,-0.045267189983396725,-0.196061476750046,-0.03854478512201798,-0.21194790997719942,-0.041667984871638204,0.53875
source_heterogeneity_les_rice_paddy_l250_cv1p0_s2_wind3_n3_op,open_path,3,1.0,250.0,2,-0.112711315054752,-0.18131699950392793,0.06860568444917593,0.19709478288750124,0.21950069310417133,0.20845720857608072,-0.571863513602417,-0.919948244431315,-0.5134895633393791,-0.8260429474720516,-0.540692815684595,-0.8698044109026462,0.1665
source_heterogeneity_les_rice_paddy_l250_cv1p0_s2_wind3_n3_point,point,3,1.0,250.0,2,-0.05033365713146703,-0.27350256696130343,0.2231689098298364,0.18257936171291975,0.20964214990302982,0.1958169592979197,-0.27568097872206165,-1.497992787330189,-0.24009321195546274,-1.3046163049167943,-0.2570444220558467,-1.3967256357259197,0.03225
source_heterogeneity_les_rice_paddy_l250_cv1p0_s2_wind3_n4_op,open_path,4,1.0,250.0,2,-0.09175066996836234,-0.21511857176179383,0.12336790179343149,0.19265304382772916,0.214372090661867,0.20240015218371185,-0.47624822398552924,-1.1166113313743093,-0.4279972718700698,-1.003482174837322,-0.45331324595587913,-1.0628379941460613,0.10325
source_heterogeneity_les_rice_paddy_l250_cv1p0_s2_wind3_n4_point,point,4,1.0,250.0,2,-0.15963407179883987,-0.2938850113497546,0.13425093955091472,0.2107648849953651,0.23868786518743315,0.23036161535332017,-0.7574035485197184,-1.3943736944425889,-0.668798439642019,-1.2312524187979856,-0.6929716635039176,-1.2757551248240926,0.037
source_heterogeneity_les_rice_paddy_l250_cv1p0_s3_wind3_n1_op,open_path,1,1.0,250.0,3,-0.17451391864788618,-0.16882670090001073,-0.00568721774787545,0.21025599117811444,0.23456905173516718,0.22158423885686743,-0.8300068771883412,-0.8029578608154492,-0.7439767409935887,-0.7197313526705953,-0.7875736990509222,-0.7619075335455809,0.21325
source_heterogeneity_les_rice_paddy_l250_cv1p0_s3_wind3_n1_point,point,1,1.0,250.0,3,-0.2267013623768951,-0.38153782236938494,0.15483645999248985,0.3855058855043354,0.44640468008760836,0.42072675357384587,-0.5880620008701414,-0.9897068675624516,-0.507838229501546,-0.854690462238225,-0.5388327707976491,-0.9068541972394858,0.13625
source_heterogeneity_les_rice_paddy_l250_cv1p0_s3_wind3_n2_op,open_path,2,1.0,250.0,3,-0.16937078778553188,-0.14657699629715581,-0.02279379148837607,0.21217720675606802,0.2366387126091022,0.22490898613386445,-0.7982515670509838,-0.6908234797608103,-0.7157357556508999,-0.619412583347184,-0.7530636756537751,-0.6517169403356524,0.263
source_heterogeneity_les_rice_paddy_l250_cv1p0_s3_wind3_n2_point,point,2,1.0,250.0,3,-0.17892526870757733,-0.19036897717290285,0.011443708465325525,0.1960073440486738,0.2301920130856809,0.21293810364301127,-0.9128498198676958,-0.971233899917695,-0.7772870409755644,-0.8270007921692951,-0.8402689121696315,-0.8940108600387212,0.1685
source_heterogeneity_les_rice_paddy_l250_cv1p0_s3_wind3_n3_op,open_path,3,1.0,250.0,3,-0.1498649892127184,-0.13540818806993657,-0.014456801142781833,0.19709478288750124,0.21950069310417133,0.20845720857608072,-0.7603701478910231,-0.6870206612583223,-0.6827540591937675,-0.6168918473786965,-0.7189244748905966,-0.6495730658338763,0.261
source_heterogeneity_les_rice_paddy_l250_cv1p0_s3_wind3_n3_point,point,3,1.0,250.0,3,-0.10268555085618507,-0.13306158639417986,0.030376035537994797,0.18257936171291975,0.20964214990302982,0.1958169592979197,-0.5624159811536836,-0.72878766332528,-0.489813479320272,-0.634708175124743,-0.524395594867538,-0.6795202359961958,0.2505
source_heterogeneity_les_rice_paddy_l250_cv1p0_s3_wind3_n4_op,open_path,4,1.0,250.0,3,-0.13626278959110455,-0.13512635563694067,-0.001136433954163879,0.19265304382772916,0.214372090661867,0.20240015218371185,-0.7072963233996504,-0.701397460181169,-0.6356367994098371,-0.630335577825184,-0.6732346202359738,-0.6676198321940539,0.25575
source_heterogeneity_les_rice_paddy_l250_cv1p0_s3_wind3_n4_point,point,4,1.0,250.0,3,-0.18554835510654083,-0.06625367484689598,-0.11929468025964485,0.2107648849953651,0.23868786518743315,0.23036161535332017,-0.8803570628504895,-0.31434873436508626,-0.7773681957431571,-0.2775745419435936,-0.805465592963279,-0.28760726801328657,0.43275
source_heterogeneity_les_rice_paddy_l250_cv1p0_s4_wind3_n1_op,open_path,1,1.0,250.0,4,0.003990924388691371,-0.03457039796820141,0.03856132235689278,0.21025599117811444,0.23456905173516718,0.22158423885686743,0.018981263584116056,-0.16442051317774695,0.017013857365963173,-0.14737834216609288,0.0180108676017761,-0.15601469737444726,0.4965
source_heterogeneity_les_rice_paddy_l250_cv1p0_s4_wind3_n1_point,point,1,1.0,250.0,4,0.1686253836641356,-0.09195756066651609,0.26058294433065166,0.3855058855043354,0.44640468008760836,0.42072675357384587,0.437413253609689,-0.2385373716051397,0.37774107482708813,-0.20599596009716814,0.4007954859817074,-0.2185683698157686,0.49475
source_heterogeneity_les_rice_paddy_l250_cv1p0_s4_wind3_n2_op,open_path,2,1.0,250.0,4,0.00702716892080205,-0.04570383117891105,0.052731000099713106,0.21217720675606802,0.2366387126091022,0.22490898613386445,0.03311933938729298,-0.21540405719194425,0.0296957705834466,-0.19313759221809204,0.031244500460375215,-0.20321033838865118,0.47125
source_heterogeneity_les_rice_paddy_l250_cv1p0_s4_wind3_n2_point,point,2,1.0,250.0,4,0.021615017309628802,-0.26513862734591115,0.28675364465553993,0.1960073440486738,0.2301920130856809,0.21293810364301127,0.11027656853643822,-1.352697413623799,0.09389994474562142,-1.1518150599222685,0.10150845217381185,-1.2451441184543164,0.071
source_heterogeneity_les_rice_paddy_l250_cv1p0_s4_wind3_n3_op,open_path,3,1.0,250.0,4,0.007058072948638599,-0.05267635244196854,0.05973442539060714,0.19709478288750124,0.21950069310417133,0.20845720857608072,0.03581055188389863,-0.26726406285464904,0.03215512829970408,-0.23998262464241618,0.03385861777988172,-0.25269623824375076,0.44575
source_heterogeneity_les_rice_paddy_l250_cv1p0_s4_wind3_n3_point,point,3,1.0,250.0,4,0.05253073292291949,-0.17353511916630987,0.22606585208922936,0.18257936171291975,0.20964214990302982,0.1958169592979197,0.2877145172931245,-0.9504640477337704,0.2505733362647618,-0.8277682672429123,0.26826447061205877,-0.8862108766702387,0.17225
source_heterogeneity_les_rice_paddy_l250_cv1p0_s4_wind3_n4_op,open_path,4,1.0,250.0,4,0.02169461606549361,-0.07537212057483574,0.09706673664032935,0.19265304382772916,0.214372090661867,0.20240015218371185,0.11260977576296688,-0.3912324408548337,0.10120074865395105,-0.3515948384051614,0.10718675767497512,-0.37239162007360044,0.39275
source_heterogeneity_les_rice_paddy_l250_cv1p0_s4_wind3_n4_point,point,4,1.0,250.0,4,-0.06300183570091858,0.0018485612478152808,-0.06485039694873386,0.2107648849953651,0.23868786518743315,0.23036161535332017,-0.2989199823410054,0.008770726906694785,-0.26395072766453986,0.007744680469464465,-0.27349103106560824,0.008024606204380124,0.5685
source_heterogeneity_les_rice_paddy_l250_cv1p0_s5_wind3_n1_op,open_path,1,1.0,250.0,5,-0.1747023137618867,-0.17055506484983643,-0.004147248912050261,0.21025599117811444,0.23456905173516718,0.22158423885686743,-0.83090290451648,-0.8111781447661764,-0.7447798951718867,-0.7270996049487222,-0.7884239179788226,-0.7697075646251477,0.208
source_heterogeneity_les_rice_paddy_l250_cv1p0_s5_wind3_n1_point,point,1,1.0,250.0,5,-0.2802066388474679,-0.30226340046378947,0.022056761616321585,0.3855058855043354,0.44640468008760836,0.42072675357384587,-0.7268543733927421,-0.7840694833189265,-0.6276964632012291,-0.6771062534659568,-0.6660062296187829,-0.7184316136214909,0.23375
source_heterogeneity_les_rice_paddy_l250_cv1p0_s5_wind3_n2_op,open_path,2,1.0,250.0,5,-0.1601794699245334,-0.14922617286376785,-0.01095329706076556,0.21217720675606802,0.2366387126091022,0.22490898613386445,-0.7549325037004827,-0.7033091590998625,-0.6768946135585602,-0.6306076094585208,-0.712196843167465,-0.6634958230390552,0.26025
source_heterogeneity_les_rice_paddy_l250_cv1p0_s5_wind3_n2_point,point,2,1.0,250.0,5,-0.13570291660269998,-0.11916700662555188,-0.0165359099771481,0.1960073440486738,0.2301920130856809,0.21293810364301127,-0.6923358778281358,-0.6079721512677585,-0.5895205258585116,-0.5176852360259613,-0.6372880864488426,-0.5596321399824911,0.30375
source_heterogeneity_les_rice_paddy_l250_cv1p0_s5_wind3_n3_op,open_path,3,1.0,250.0,5,-0.1443832988566705,-0.13960836774826563,-0.0047749311084048784,0.19709478288750124,0.21950069310417133,0.20845720857608072,-0.7325576899672801,-0.7083311171557088,-0.6577806056773982,-0.6360270018920161,-0.6926279970979026,-0.6697219477411965,0.2515
source_heterogeneity_les_rice_paddy_l250_cv1p0_s5_wind3_n3_point,point,3,1.0,250.0,5,-0.0990136255311015,-0.1243959387445566,0.02538231321345509,0.18257936171291975,0.20964214990302982,0.1958169592979197,-0.542304588000403,-0.6813253019262475,-0.47229827387717765,-0.593372748763052,-0.5056437700090126,-0.635266420184261,0.273
source_heterogeneity_les_rice_paddy_l250_cv1p0_s5_wind3_n4_op,open_path,4,1.0,250.0,5,-0.11397649596766357,-0.13056467803979985,0.016588182072136276,0.19265304382772916,0.214372090661867,0.20240015218371185,-0.5916153396962762,-0.6777192586510655,-0.5316760013664314,-0.6090563264867436,-0.5631245566663948,-0.6450819163480206,0.265
source_heterogeneity_les_rice_paddy_l250_cv1p0_s5_wind3_n4_point,point,4,1.0,250.0,5,-0.14864710590314434,-0.16126296641179363,0.012615860508649296,0.2107648849953651,0.23868786518743315,0.23036161535332017,-0.7052745333095368,-0.7651320399759188,-0.6227677548098938,-0.6756228109257231,-0.6452772336882379,-0.7000426966291864,0.22925
source_heterogeneity_les_rice_paddy_l250_cv1p0_s6_wind3_n1_op,open_path,1,1.0,250.0,6,-0.07262949637284094,-0.13353922294583076,0.06090972657298982,0.21025599117811444,0.23456905173516718,0.22158423885686743,-0.34543365906427,-0.6351268384676159,-0.3096294921925207,-0.569296000295039,-0.3277737475712613,-0.6026566854878634,0.28775
source_heterogeneity_les_rice_paddy_l250_cv1p0_s6_wind3_n1_point,point,1,1.0,250.0,6,-0.17470277600912001,-0.4584310365836082,0.2837282605744882,0.3855058855043354,0.44640468008760836,0.42072675357384587,-0.453177973613986,-1.18916741305744,-0.39135516225957584,-1.0269404803140496,-0.4152404726467109,-1.0896170321698937,0.06475
source_heterogeneity_les_rice_paddy_l250_cv1p0_s6_wind3_n2_op,open_path,2,1.0,250.0,6,-0.07679285785419526,-0.13135872827731687,0.05456587042312161,0.21217720675606802,0.2366387126091022,0.22490898613386445,-0.36192793292109393,-0.6190991496477515,-0.3245151945237614,-0.5551024463791147,-0.3414397048968449,-0.5840528230345272,0.2945
source_heterogeneity_les_rice_paddy_l250_cv1p0_s6_wind3_n2_point,point,2,1.0,250.0,6,0.0667736673973574,0.07985698709877109,-0.013083319701413687,0.1960073440486738,0.2301920130856809,0.21293810364301127,0.34066921176573745,0.40741834182978626,0.2900781243548326,0.3469146736600593,0.3135825211879544,0.37502441194202885,0.7025
source_heterogeneity_les_rice_paddy_l250_cv1p0_s6_wind3_n3_op,open_path,3,1.0,250.0,6,-0.04260937911668687,-0.08623901428911515,0.04362963517242828,0.19709478288750124,0.21950069310417133,0.20845720857608072,-0.21618725007555206,-0.43755097433674384,-0.19411956524649868,-0.3928872071861184,-0.20440348121199997,-0.41370128132383804,0.373
source_heterogeneity_les_rice_paddy_l250_cv1p0_s6_wind3_n3_point,point,3,1.0,250.0,6,0.012116007151921532,-0.09593334463386471,0.10804935178578624,0.18257936171291975,0.20964214990302982,0.1958169592979197,0.06636022296414992,-0.525433672972887,0.05779375549013308,-0.4576052319547323,0.0618741461176915,-0.4899133608131963,0.344
source_heterogeneity_les_rice_paddy_l250_cv1p0_s6_wind3_n4_op,open_path,4,1.0,250.0,6,-0.04091597975997529,-0.09939817518988753,0.05848219542991224,0.19265304382772916,0.214372090661867,0.20240015218371185,-0.21238169377984217,-0.5159439644191121,-0.19086430343450264,-0.46367124975550145,-0.20215389819883745,-0.49109733425332175,0.33825
source_heterogeneity_les_rice_paddy_l250_cv1p0_s6_wind3_n4_point,point,4,1.0,250.0,6,-0.10238612960555026,-0.07961422822026112,-0.02277190138528913,0.2107648849953651,0.23868786518743315,0.23036161535332017,-0.4857836238128653,-0.37773952820467177,-0.42895406318687396,-0.3335495424442415,-0.444458289843619,-0.34560544341622085,0.40575
source_heterogeneity_les_rice_paddy_l250_cv1p0_s7_wind3_n1_op,open_path,1,1.0,250.0,7,0.026760380259364915,-0.04640620267643873,0.07316658293580365,0.21025599117811444,0.23456905173516718,0.22158423885686743,0.1272752329644455,-0.22071286728341824,0.11408316681766648,-0.19783599896559328,0.12076842828451716,-0.209429167506877,0.47325
source_heterogeneity_les_rice_paddy_l250_cv1p0_s7_wind3_n1_point,point,1,1.0,250.0,7,-0.07231933571557363,-0.2645267401188898,0.19220740440331618,0.3855058855043354,0.44640468008760836,0.42072675357384587,-0.18759593156655016,-0.6861808082977113,-0.16200398190579168,-0.5925716102863787,-0.17189145948352474,-0.6287376257199678,0.2845
source_heterogeneity_les_rice_paddy_l250_cv1p0_s7_wind3_n2_op,open_path,2,1.0,250.0,7,0.037242179531597204,-0.06559632076221669,0.10283850029381389,0.21217720675606802,0.2366387126091022,0.22490898613386445,0.17552394105373018,-0.30915818793688926,0.1573799110085452,-0.27720029423323345,0.16558777918028977,-0.291657180487996,0.43525
source_heterogeneity_les_rice_paddy_l250_cv1p0_s7_wind3_n2_point,point,2,1.0,250.0,7,0.18352633970855506,0.3098994769890089,-0.12637313728045382,0.1960073440486738,0.2301920130856809,0.21293810364301127,0.9363237923522939,1.5810605387931418,0.7972750107547989,1.3462651150874625,0.8618764634827182,1.4553500368752812,0.923
source_heterogeneity_les_rice_paddy_l250_cv1p0_s7_wind3_n3_op,open_path,3,1.0,250.0,7,0.06010382146923545,-0.03915992139367269,0.09926374286290815,0.19709478288750124,0.21950069310417133,0.20845720857608072,0.30494881999764456,-0.198685732924877,0.27382064548065543,-0.17840454551589072,0.28832690353953067,-0.18785592333872436,0.47575
source_heterogeneity_les_rice_paddy_l250_cv1p0_s7_wind3_n3_point,point,3,1.0,250.0,7,0.1382382000728974,-0.0060385032669560655,0.14427670333985346,0.18257936171291975,0.20964214990302982,0.1958169592979197,0.7571403403756961,-0.0330733069187237,0.6594007938615378,-0.028803860625113704,0.7059562183405121,-0.030837488686406216,0.545
source_heterogeneity_les_rice_paddy_l250_cv1p0_s7_wind3_n4_op,open_path,4,1.0,250.0,7,0.07824388983376421,-0.03719838310360064,0.11544227293736484,0.19265304382772916,0.214372090661867,0.20240015218371185,0.4061388716169473,-0.19308484498622053,0.3649910284132076,-0.17352250933762792,0.3865801927003733,-0.18378633959640953,0.4745
source_heterogeneity_les_rice_paddy_l250_cv1p0_s7_wind3_n4_point,point,4,1.0,250.0,7,0.022284859347333853,-0.1272801463868687,0.14956500573420253,0.2107648849953651,0.23868786518743315,0.23036161535332017,0.10573326457025285,-0.6038963577337263,0.09336402305091773,-0.533249339202561,0.09673859645911127,-0.5525232413032487,0.302
source_heterogeneity_les_rice_paddy_l250_cv1p0_s8_wind3_n1_op,open_path,1,1.0,250.0,8,-0.23301409043353682,-0.278937765045721,0.04592367461218416,0.21025599117811444,0.23456905173516718,0.22158423885686743,-1.1082399561025744,-1.326657868262237,-0.9933709869647002,-1.1891499026932457,-1.0515824213655038,-1.2588339607759789,0.04775
source_heterogeneity_les_rice_paddy_l250_cv1p0_s8_wind3_n1_point,point,1,1.0,250.0,8,-0.30791270777572977,-0.3997014559659683,0.09178874819023852,0.3855058855043354,0.44640468008760836,0.42072675357384587,-0.7987237532648953,-1.0368232262992862,-0.6897613791040472,-0.8953791790165049,-0.7318591108366134,-0.9500262404772716,0.11725
source_heterogeneity_les_rice_paddy_l250_cv1p0_s8_wind3_n2_op,open_path,2,1.0,250.0,8,-0.22192018210959374,-0.2876703226534044,0.06575014054381068,0.21217720675606802,0.2366387126091022,0.22490898613386445,-1.0459190480564995,-1.3558021950214847,-0.9378016794579945,-1.2156519932078913,-0.9867110510982794,-1.279052151709869,0.04125
source_heterogeneity_les_rice_paddy_l250_cv1p0_s8_wind3_n2_point,point,2,1.0,250.0,8,-0.12947748417778407,-0.1710063324063641,0.04152884822858002,0.1960073440486738,0.2301920130856809,0.21293810364301127,-0.6605746575782967,-0.8724485974561174,-0.5624760061922331,-0.7428856028237304,-0.6080522084241524,-0.8030800006233483,0.2035
source_heterogeneity_les_rice_paddy_l250_cv1p0_s8_wind3_n3_op,open_path,3,1.0,250.0,8,-0.20091759178238,-0.25882601715000353,0.05790842536762353,0.19709478288750124,0.21950069310417133,0.20845720857608072,-1.0193957893703396,-1.3132058259387696,-0.9153392134713119,-1.1791580859709134,-0.9638313453144558,-1.2416266096911668,0.05525
source_heterogeneity_les_rice_paddy_l250_cv1p0_s8_wind3_n3_point,point,3,1.0,250.0,8,-0.1483337278987829,-0.1649515572772242,0.01661782937844128,0.18257936171291975,0.20964214990302982,0.1958169592979197,-0.8124342560251511,-0.9034512758160871,-0.7075567960326433,-0.7868243926782982,-0.757512160492213,-0.8423762572385965,0.1885
source_heterogeneity_les_rice_paddy_l250_cv1p0_s8_wind3_n4_op,open_path,4,1.0,250.0,8,-0.18470321655598884,-0.25865567381548843,0.07395245725949959,0.19265304382772916,0.214372090661867,0.20240015218371185,-0.9587350030199935,-1.3425984281191996,-0.8616010413749455,-1.2065734537406305,-0.9125646130361598,-1.2779420915687618,0.04975
source_heterogeneity_les_rice_paddy_l250_cv1p0_s8_wind3_n4_point,point,4,1.0,250.0,8,-0.2283310610059313,-0.28940952809479437,0.06107846708886305,0.2107648849953651,0.23868786518743315,0.23036161535332017,-1.0833448893109139,-1.3731392119762205,-0.9566094230497684,-1.2125020594052038,-0.9911853615704401,-1.2563270475895416,0.04
source_heterogeneity_les_rice_paddy_l250_cv1p0_s9_wind3_n1_op,open_path,1,1.0,250.0,9,-0.07814478565126202,-0.09606300052086858,0.017918214869606555,0.21025599117811444,0.23456905173516718,0.22158423885686743,-0.3716649652330864,-0.4568859131319145,-0.33314192589860037,-0.4095297304152702,-0.3526640073969328,-0.4335281291505601,0.3705
source_heterogeneity_les_rice_paddy_l250_cv1p0_s9_wind3_n1_point,point,1,1.0,250.0,9,-0.04870626582407271,0.059889010680493265,-0.10859527650456598,0.3855058855043354,0.44640468008760836,0.42072675357384587,-0.12634376712654613,0.155351741523074,-0.10910787452881084,0.13415856363499562,-0.11576698037464783,0.14234657095553957,0.645
source_heterogeneity_les_rice_paddy_l250_cv1p0_s9_wind3_n2_op,open_path,2,1.0,250.0,9,-0.05853397113787517,-0.09303457517999661,0.03450060404212144,0.21217720675606802,0.2366387126091022,0.22490898613386445,-0.27587304043063127,-0.43847582217893405,-0.24735585522968098,-0.393150276023003,-0.26025625807159214,-0.41365432648663936,0.376
source_heterogeneity_les_rice_paddy_l250_cv1p0_s9_wind3_n2_point,point,2,1.0,250.0,9,-0.029691488821871264,-0.06560484423557031,0.03591335541369904,0.1960073440486738,0.2301920130856809,0.21293810364301127,-0.15148151190956438,-0.33470605172466855,-0.12898574726317566,-0.2850005235027473,-0.13943718063559335,-0.30809349342922776,0.4115
source_heterogeneity_les_rice_paddy_l250_cv1p0_s9_wind3_n3_op,open_path,3,1.0,250.0,9,-0.05711775713044757,-0.10366672810931712,0.04654897097886956,0.19709478288750124,0.21950069310417133,0.20845720857608072,-0.2897984223308921,-0.5259739836365357,-0.26021675067486205,-0.4722842859549361,-0.27400231213209053,-0.49730459703187396,0.33
source_heterogeneity_les_rice_paddy_l250_cv1p0_s9_wind3_n3_point,point,3,1.0,250.0,9,0.010459659034769864,0.008961808625394828,0.0014978504093750358,0.18257936171291975,0.20964214990302982,0.1958169592979197,0.057288287880073764,0.049084455884373206,0.049892920100313744,0.042748124027253684,0.053415491039549526,0.04576625363567289,0.57575
source_heterogeneity_les_rice_paddy_l250_cv1p0_s9_wind3_n4_op,open_path,4,1.0,250.0,9,-0.029273842348977657,-0.09287582198365012,0.06360197963467246,0.19265304382772916,0.214372090661867,0.20240015218371185,-0.15195110218530677,-0.48208852628718346,-0.13655621988196132,-0.4332458656203752,-0.14463349969424316,-0.4588722932349865,0.35525
source_heterogeneity_les_rice_paddy_l250_cv1p0_s9_wind3_n4_point,point,4,1.0,250.0,9,-0.08310889640968198,-0.13184102765903738,0.048732131249355395,0.2107648849953651,0.23868786518743315,0.23036161535332017,-0.39432041258442846,-0.6255360216287295,-0.3481907064878204,-0.5523574797382652,-0.36077580148156463,-0.572322031414932,0.293
source_heterogeneity_les_rice_paddy_l250_cv1p0_s10_wind3_n1_op,open_path,1,1.0,250.0,10,-0.10710682651754332,-0.16876897518186246,0.06166214866431914,0.21025599117811444,0.23456905173516718,0.22158423885686743,-0.5094115317114069,-0.8026833111209324,-0.4566110734781369,-0.719485260026569,-0.4833684339197477,-0.7616470198987345,0.21375
source_heterogeneity_les_rice_paddy_l250_cv1p0_s10_wind3_n1_point,point,1,1.0,250.0,10,-0.01596277913915175,0.08798613129868503,-0.10394891043783677,0.3855058855043354,0.44640468008760836,0.42072675357384587,-0.04140735521655799,0.2282355071792945,-0.035758538947259694,0.19709948220394433,-0.03794096525489902,0.2091289193075803,0.6705
source_heterogeneity_les_rice_paddy_l250_cv1p0_s10_wind3_n2_op,open_path,2,1.0,250.0,10,-0.08801343228868445,-0.19121336127559713,0.10319992898691267,0.21217720675606802,0.2366387126091022,0.22490898613386445,-0.41481096690027647,-0.9011965243534749,-0.3719316730482376,-0.8080392221853315,-0.3913291051710108,-0.8501810646275738,0.17575
source_heterogeneity_les_rice_paddy_l250_cv1p0_s10_wind3_n2_point,point,2,1.0,250.0,10,-0.0072408691472320855,-0.2743592225236021,0.26711835337637,0.1960073440486738,0.2301920130856809,0.21293810364301127,-0.03694182573809064,-1.3997395039211975,-0.03145577924346544,-1.1918711637552841,-0.034004572330423935,-1.28844588089111,0.0625
source_heterogeneity_les_rice_paddy_l250_cv1p0_s10_wind3_n3_op,open_path,3,1.0,250.0,10,-0.09362682565863831,-0.19965851667869636,0.10603169102005805,0.19709478288750124,0.21950069310417133,0.20845720857608072,-0.4750345203813898,-1.013007618738739,-0.42654455589442986,-0.9096031263279054,-0.4491417029815368,-0.9577913761894538,0.1335
source_heterogeneity_les_rice_paddy_l250_cv1p0_s10_wind3_n3_point,point,3,1.0,250.0,10,-0.03361603146890535,-0.1496451270811667,0.11602909561226135,0.18257936171291975,0.20964214990302982,0.1958169592979197,-0.18411736766700834,-0.8196168815425181,-0.16034958372853206,-0.7138122135762546,-0.1716706846507675,-0.764209226911208,0.215
source_heterogeneity_les_rice_paddy_l250_cv1p0_s10_wind3_n4_op,open_path,4,1.0,250.0,10,-0.06423048906817296,-0.2039532570009362,0.13972276793276323,0.19265304382772916,0.214372090661867,0.20240015218371185,-0.33339981446443184,-1.0586557728270918,-0.29962150795779136,-0.9513983670693187,-0.31734407496824946,-1.0076734370032223,0.12275
source_heterogeneity_les_rice_paddy_l250_cv1p0_s10_wind3_n4_point,point,4,1.0,250.0,10,-0.12494240973884281,-0.27626700833980405,0.15132459860096126,0.2107648849953651,0.23868786518743315,0.23036161535332017,-0.5928046777886667,-1.3107829055389344,-0.5234552231665818,-1.1574405264501457,-0.5423751242029222,-1.1992753563395355,0.049
source_heterogeneity_les_rice_paddy_l250_cv1p0_s11_wind3_n1_op,open_path,1,1.0,250.0,11,0.3031440813314437,0.32635287215721154,-0.023208790825767822,0.21025599117811444,0.23456905173516718,0.22158423885686743,1.4417856995791423,1.552169193032639,1.2923447449226977,1.391286999470288,1.3680760098070872,1.472816269969542,0.91225
source_heterogeneity_les_rice_paddy_l250_cv1p0_s11_wind3_n1_point,point,1,1.0,250.0,11,0.5364212134214429,0.996603689172912,-0.4601824757514691,0.3855058855043354,0.44640468008760836,0.42072675357384587,1.3914734731472997,2.5851841091066925,1.2016478261746013,2.232511740193506,1.2749871712812062,2.368767093386155,0.96825
source_heterogeneity_les_rice_paddy_l250_cv1p0_s11_wind3_n2_op,open_path,2,1.0,250.0,11,0.3100917581958567,0.3541710488443807,-0.044079290648524005,0.21217720675606802,0.2366387126091022,0.22490898613386445,1.461475353252045,1.6692228833588028,1.3104016446712583,1.496674170254752,1.3787433020185862,1.5747305384835992,0.92275
source_heterogeneity_les_rice_paddy_l250_cv1p0_s11_wind3_n2_point,point,2,1.0,250.0,11,0.32216781382337223,0.15230802575285124,0.169859788070521,0.1960073440486738,0.2301920130856809,0.21293810364301127,1.6436517488006444,0.7770526481652092,1.399561216328807,0.6616564306953601,1.512964604791839,0.7152690060966929,0.803
source_heterogeneity_les_rice_paddy_l250_cv1p0_s11_wind3_n3_op,open_path,3,1.0,250.0,11,0.2962785755534219,0.3237345340543302,-0.027455958500908317,0.19709478288750124,0.21950069310417133,0.20845720857608072,1.5032289095269118,1.6425322340425068,1.3497842369582544,1.4748679353859317,1.4212920607410369,1.5530023464560434,0.9215
source_heterogeneity_les_rice_paddy_l250_cv1p0_s11_wind3_n3_point,point,3,1.0,250.0,11,0.3685881832048246,0.5799250859211627,-0.21133690271633804,0.18257936171291975,0.20964214990302982,0.1958169592979197,2.0187833923112155,3.1762904661317246,1.7581778443662948,2.76626187142904,1.8823098087436207,2.9615672105236475,0.98425
source_heterogeneity_les_rice_paddy_l250_cv1p0_s11_wind3_n4_op,open_path,4,1.0,250.0,11,0.32699887402700034,0.3395663572587173,-0.01256748323171697,0.19265304382772916,0.214372090661867,0.20240015218371185,1.6973460036240255,1.7625797678149244,1.5253798804564613,1.5840045045524211,1.6156058703463543,1.6776981321165425,0.9335
source_heterogeneity_les_rice_paddy_l250_cv1p0_s11_wind3_n4_point,point,4,1.0,250.0,11,0.23638429382821566,0.291319068626695,-0.05493477479847933,0.2107648849953651,0.23868786518743315,0.23036161535332017,1.1215544460046745,1.3821992626195836,0.9903490219018525,1.220502216976688,1.026144453213953,1.2646163649264246,0.8955
source_heterogeneity_les_rice_paddy_l250_cv1p0_s12_wind3_n1_op,open_path,1,1.0,250.0,12,0.1790812164103158,0.1831806853117326,-0.004099468901416797,0.21025599117811444,0.23456905173516718,0.22158423885686743,0.8517294342333888,0.871226947138712,0.7634477570063327,0.7809243544990198,0.8081857145353804,0.8266864387861916,0.81675
source_heterogeneity_les_rice_paddy_l250_cv1p0_s12_wind3_n1_point,point,1,1.0,250.0,12,0.4153850569457584,0.6552663062939462,-0.23988124934818783,0.3855058855043354,0.44640468008760836,0.42072675357384587,1.0775063950121897,1.699756945180483,0.9305123254179094,1.4678750817875568,0.9873036440333003,1.5574628918361237,0.929
source_heterogeneity_les_rice_paddy_l250_cv1p0_s12_wind3_n2_op,open_path,2,1.0,250.0,12,0.18946645636769627,0.1901440152101695,-0.0006775588424732248,0.21217720675606802,0.2366387126091022,0.22490898613386445,0.8929632888678687,0.8961566518724641,0.8006570618927908,0.8035203247757007,0.8424139009498135,0.8454264921944779,0.8225
source_heterogeneity_les_rice_paddy_l250_cv1p0_s12_wind3_n2_point,point,2,1.0,250.0,12,0.15520967107513772,-0.14831411452075077,0.3035237855958885,0.1960073440486738,0.2301920130856809,0.21293810364301127,0.7918564063425861,-0.7566763135360911,0.6742617564987642,-0.6443060840062511,0.7288957139176241,-0.6965127987116763,0.2485
source_heterogeneity_les_rice_paddy_l250_cv1p0_s12_wind3_n3_op,open_path,3,1.0,250.0,12,0.1742213420748471,0.14928617579237513,0.02493516628247197,0.19709478288750124,0.21950069310417133,0.20845720857608072,0.8839470001308459,0.7574334216526951,0.7937165920116916,0.6801171043297181,0.8357654948222213,0.7161478214743056,0.792
source_heterogeneity_les_rice_paddy_l250_cv1p0_s12_wind3_n3_point,point,3,1.0,250.0,12,0.2523165254822315,0.26186858014143577,-0.009552054659204279,0.18257936171291975,0.20964214990302982,0.1958169592979197,1.3819553487045462,1.43427262361223,1.2035581852167645,1.2491218023787838,1.2885325478798404,1.3373130758456109,0.91125
source_heterogeneity_les_rice_paddy_l250_cv1p0_s12_wind3_n4_op,open_path,4,1.0,250.0,12,0.2054479781575417,0.16409960567313348,0.04134837248440823,0.19265304382772916,0.214372090661867,0.20240015218371185,1.0664143897007607,0.8517882843308292,0.9583709219013894,0.7654895987928334,1.015058417402095,0.810768193119666,0.814
source_heterogeneity_les_rice_paddy_l250_cv1p0_s12_wind3_n4_point,point,4,1.0,250.0,12,0.12116087302620179,0.14674775744286897,-0.025586884416667177,0.2107648849953651,0.23868786518743315,0.23036161535332017,0.5748627103080582,0.6962628402074477,0.5076122027865071,0.6148102976564525,0.5259594695946619,0.6370321601443568,0.78575
source_heterogeneity_les_rice_paddy_l250_cv1p0_s13_wind3_n1_op,open_path,1,1.0,250.0,13,0.12422257427617964,0.14677420688561604,-0.022551632609436406,0.21025599117811444,0.23456905173516718,0.22158423885686743,0.5908158601337871,0.6980738387677097,0.5295778507747443,0.6257185498252636,0.560611056621321,0.6623855904319305,0.77925
source_heterogeneity_les_rice_paddy_l250_cv1p0_s13_wind3_n1_point,point,1,1.0,250.0,13,0.23112897780716432,-0.05388672415859382,0.28501570196575815,0.3855058855043354,0.44640468008760836,0.42072675357384587,0.5995472092593125,-0.13978184558219361,0.5177566188638625,-0.12071272225017529,0.5493565023946038,-0.12808009878348664,0.5355
source_heterogeneity_les_rice_paddy_l250_cv1p0_s13_wind3_n2_op,open_path,2,1.0,250.0,13,0.13360254440997346,0.15433651649690555,-0.02073397208693209,0.21217720675606802,0.2366387126091022,0.22490898613386445,0.6296743484024236,0.7273944211846484,0.5645844795930254,0.6522031614998276,0.5940293747554135,0.6862176525265442,0.787
source_heterogeneity_les_rice_paddy_l250_cv1p0_s13_wind3_n2_point,point,2,1.0,250.0,13,0.16283361456334758,0.2520536799437365,-0.08922006538038893,0.1960073440486738,0.2301920130856809,0.21293810364301127,0.8307526197738372,1.2859399792751895,0.7073816870559209,1.0949714395604089,0.7646992801078787,1.1836945836913346,0.894
source_heterogeneity_les_rice_paddy_l250_cv1p0_s13_wind3_n3_op,open_path,3,1.0,250.0,13,0.13402634525838888,0.14307880068317122,-0.009052455424782335,0.19709478288750124,0.21950069310417133,0.20845720857608072,0.6800096039827149,0.7259390562602485,0.6105964558152089,0.6518375803727801,0.642944161892455,0.6863701268020755,0.78425
source_heterogeneity_les_rice_paddy_l250_cv1p0_s13_wind3_n3_point,point,3,1.0,250.0,13,0.20250252383360598,-0.0023939602128063217,0.2048964840464123,0.18257936171291975,0.20964214990302982,0.1958169592979197,1.1091205595954081,-0.013111888388406604,0.9659437471294476,-0.011419269521485304,1.0341419076246339,-0.012225499882081738,0.55375
source_heterogeneity_les_rice_paddy_l250_cv1p0_s13_wind3_n4_op,open_path,4,1.0,250.0,13,0.15558486475468367,0.1342610436413308,0.021323821113352875,0.19265304382772916,0.214372090661867,0.20240015218371185,0.8075910022673094,0.6969059038661614,0.7257701516756232,0.626299082249019,0.7686993466954732,0.6633445785132934,0.7815
source_heterogeneity_les_rice_paddy_l250_cv1p0_s13_wind3_n4_point,point,4,1.0,250.0,13,0.07204086289647,0.18552627669203797,-0.11348541379556797,0.2107648849953651,0.23868786518743315,0.23036161535332017,0.3418067620612145,0.880252309088954,0.3018203830341306,0.777275696635649,0.312729457058097,0.8053697505440939,0.8255
source_heterogeneity_les_rice_paddy_l250_cv1p0_s14_wind3_n1_op,open_path,1,1.0,250.0,14,-0.04896515157957663,-0.11103669985475313,0.062071548275176504,0.21025599117811444,0.23456905173516718,0.22158423885686743,-0.23288350217852632,-0.5281024299597269,-0.20874514867741034,-0.47336466184855297,-0.2209775922339211,-0.5011037807904622,0.3375
source_heterogeneity_les_rice_paddy_l250_cv1p0_s14_wind3_n1_point,point,1,1.0,250.0,14,-0.12089022571927314,-0.15612675291459477,0.035236527195321624,0.3855058855043354,0.44640468008760836,0.42072675357384587,-0.3135885346111366,-0.4049918789445796,-0.2708085983676247,-0.34974264356716506,-0.287336673250218,-0.37108824572809446,0.4185
source_heterogeneity_les_rice_paddy_l250_cv1p0_s14_wind3_n2_op,open_path,2,1.0,250.0,14,-0.026174007382487312,-0.0859541575428859,0.059780150160398594,0.21217720675606802,0.2366387126091022,0.22490898613386445,-0.12335918538402932,-0.40510551937703704,-0.11060746187257842,-0.363229484285065,-0.11637599649712842,-0.38217306929535716,0.39325
source_heterogeneity_les_rice_paddy_l250_cv1p0_s14_wind3_n2_point,point,2,1.0,250.0,14,0.10992904975901806,-0.10386945067760273,0.2137985004366208,0.1960073440486738,0.2301920130856809,0.21293810364301127,0.5608414842441811,-0.52992632078015,0.47755370955507837,-0.4512296029964383,0.516248843576221,-0.4877917521597679,0.33125
source_heterogeneity_les_rice_paddy_l250_cv1p0_s14_wind3_n3_op,open_path,3,1.0,250.0,14,-0.020629677852362603,-0.10568483235049869,0.08505515449813608,0.19709478288750124,0.21950069310417133,0.20845720857608072,-0.10466881745996147,-0.5362132411735222,-0.09398456816066683,-0.4814783536940471,-0.09896360981363415,-0.5069857409700795,0.326
source_heterogeneity_les_rice_paddy_l250_cv1p0_s14_wind3_n3_point,point,3,1.0,250.0,14,0.034662211737139716,-0.17498619669946563,0.20964840843660534,0.18257936171291975,0.20964214990302982,0.1958169592979197,0.1898473705458624,-0.9584117013981389,0.16533989826555756,-0.8346899551469286,0.1770133284748026,-0.8936212538835222,0.16975
source_heterogeneity_les_rice_paddy_l250_cv1p0_s14_wind3_n4_op,open_path,4,1.0,250.0,14,0.005701233656634348,-0.07693637523724164,0.08263760889387599,0.19265304382772916,0.214372090661867,0.20240015218371185,0.029593270593390703,-0.3993519837975586,0.026595036877384414,-0.35889175218519836,0.028168129297944048,-0.38012014520329546,0.3905
source_heterogeneity_les_rice_paddy_l250_cv1p0_s14_wind3_n4_point,point,4,1.0,250.0,14,-0.038411196583343986,-0.016105905127978375,-0.02230529145536561,0.2107648849953651,0.23868786518743315,0.23036161535332017,-0.18224666117502772,-0.07641645394740475,-0.16092647421845693,-0.06747684937954837,-0.16674304234423043,-0.0699157500839527,0.52975
source_heterogeneity_les_rice_paddy_l250_cv1p0_s15_wind3_n1_op,open_path,1,1.0,250.0,15,0.19736918741244108,0.20442799578066656,-0.007058808368225478,0.21025599117811444,0.23456905173516718,0.22158423885686743,0.938708981877446,0.9722814300567978,0.8414118825669917,0.8715045495919452,0.8907185295788655,0.922574623697478,0.83375
source_heterogeneity_les_rice_paddy_l250_cv1p0_s15_wind3_n1_point,point,1,1.0,250.0,15,0.2904285573035517,0.5330538631326586,-0.24262530582910685,0.3855058855043354,0.44640468008760836,0.42072675357384587,0.7533699697570131,1.3827385863001664,0.6505947859833239,1.1941045578376217,0.6903020899824374,1.266983519837174,0.89975
source_heterogeneity_les_rice_paddy_l250_cv1p0_s15_wind3_n2_op,open_path,2,1.0,250.0,15,0.2325375733399642,0.2560686834182312,-0.023531110078266998,0.21217720675606802,0.2366387126091022,0.22490898613386445,1.0959592545079722,1.2068623549777593,0.9826691954840349,1.0821081664741174,1.0339185522874539,1.1385435852074879,0.87275
source_heterogeneity_les_rice_paddy_l250_cv1p0_s15_wind3_n2_point,point,2,1.0,250.0,15,0.2931135694817895,-0.11608051746157258,0.4091940869433621,0.1960073440486738,0.2301920130856809,0.21293810364301127,1.4954213624210004,-0.5922253476009895,1.2733437861403483,-0.5042769117205022,1.3765200519170193,-0.5451373684447781,0.31
source_heterogeneity_les_rice_paddy_l250_cv1p0_s15_wind3_n3_op,open_path,3,1.0,250.0,15,0.20789350946579965,0.17890708414304973,0.02898642532274992,0.19709478288750124,0.21950069310417133,0.20845720857608072,1.054789510001704,0.9077210544186105,0.9471200592844456,0.8150638688787349,0.9972958521601073,0.8582436911878436,0.8245
source_heterogeneity_les_rice_paddy_l250_cv1p0_s15_wind3_n3_point,point,3,1.0,250.0,15,0.30270077375127485,0.13232370301205862,0.17037707073921624,0.18257936171291975,0.20964214990302982,0.1958169592979197,1.6579134186438282,0.7247462241658997,1.4438927185744346,0.6311884469476442,1.545835329261446,0.6757520057838238,0.79375
source_heterogeneity_les_rice_paddy_l250_cv1p0_s15_wind3_n4_op,open_path,4,1.0,250.0,15,0.261159914961518,0.24391178963864385,0.017248125322874175,0.19265304382772916,0.214372090661867,0.20240015218371185,1.355597138631497,1.266067666476894,1.2182552036283973,1.1377963842474734,1.2903148152006916,1.2050968687871997,0.87975
source_heterogeneity_les_rice_paddy_l250_cv1p0_s15_wind3_n4_point,point,4,1.0,250.0,15,0.20970864250494103,0.3770739047405879,-0.16736526223564685,0.2107648849953651,0.23868786518743315,0.23036161535332017,0.9949885271901564,1.7890736625737254,0.8785894596705377,1.5797782783992185,0.9103454244462457,1.6368781932799257,0.9355
source_heterogeneity_les_rice_paddy_l250_cv1p0_s16_wind3_n1_op,open_path,1,1.0,250.0,16,0.3519482265215511,0.3341877067295098,0.017760519792041296,0.21025599117811444,0.23456905173516718,0.22158423885686743,1.67390343813511,1.58943250490498,1.5004035013063326,1.4246879725071915,1.5883269872316705,1.5081745364812644,0.9155
source_heterogeneity_les_rice_paddy_l250_cv1p0_s16_wind3_n1_point,point,1,1.0,250.0,16,0.5493113923963464,0.7962876258110089,-0.24697623341466246,0.3855058855043354,0.44640468008760836,0.42072675357384587,1.4249105216064695,2.065565418720576,1.2305233723995508,1.783779743650391,1.3056250588540987,1.892647945601217,0.94975
source_heterogeneity_les_rice_paddy_l250_cv1p0_s16_wind3_n2_op,open_path,2,1.0,250.0,16,0.3692767425955698,0.36282642503840723,0.006450317557162577,0.21217720675606802,0.2366387126091022,0.22490898613386445,1.7404166462616932,1.7100160313427768,1.5605085851086808,1.5332505025826078,1.6418941232333801,1.613214444097201,0.92475
source_heterogeneity_les_rice_paddy_l250_cv1p0_s16_wind3_n2_point,point,2,1.0,250.0,16,0.38102842054366953,0.046261556703690206,0.33476686383997933,0.1960073440486738,0.2301920130856809,0.21293810364301127,1.9439497147058435,0.2360195069639954,1.6552634274145952,0.2009694258439408,1.7893858075418014,0.21725353946631962,0.6425
source_heterogeneity_les_rice_paddy_l250_cv1p0_s16_wind3_n3_op,open_path,3,1.0,250.0,16,0.3487092940992058,0.2962632439532316,0.0524460501459742,0.19709478288750124,0.21950069310417133,0.20845720857608072,1.7692466994331548,1.5031511215714637,1.5886478041038088,1.349714389341951,1.6728099569266621,1.4212185127918198,0.90525
source_heterogeneity_les_rice_paddy_l250_cv1p0_s16_wind3_n3_point,point,3,1.0,250.0,16,0.4402312575360503,0.2551243222566717,0.1851069352793786,0.18257936171291975,0.20964214990302982,0.1958169592979197,2.411177547154819,1.3973338490350222,2.099917682296617,1.2169514688466976,2.248177375005982,1.3028714324407449,0.906
source_heterogeneity_les_rice_paddy_l250_cv1p0_s16_wind3_n4_op,open_path,4,1.0,250.0,16,0.38667440908091394,0.32863762592760826,0.05803678315330568,0.19265304382772916,0.214372090661867,0.20240015218371185,2.0071025165150216,1.7058522377745398,1.8037535011533872,1.5330243079355623,1.9104452487266042,1.6237024645580052,0.92675
source_heterogeneity_les_rice_paddy_l250_cv1p0_s16_wind3_n4_point,point,4,1.0,250.0,16,0.3012429645781096,0.3308783360101686,-0.029635371432058966,0.2107648849953651,0.23868786518743315,0.23036161535332017,1.4292844113227599,1.5698930873491799,1.2620790937216442,1.3862386164891185,1.3076960070629573,1.4363431837490788,0.9135
source_heterogeneity_les_rice_paddy_l250_cv1p0_s17_wind3_n1_op,open_path,1,1.0,250.0,17,0.08220307302019263,0.08228553589055666,-8.246287036403621e-05,0.21025599117811444,0.23456905173516718,0.22158423885686743,0.39096661436180347,0.3913588166001415,0.3504429608770445,0.3507945113895867,0.37097888118880057,0.37135103252406454,0.7015
source_heterogeneity_les_rice_paddy_l250_cv1p0_s17_wind3_n1_point,point,1,1.0,250.0,17,0.33593316101092985,0.18683730755028055,0.1490958534606493,0.3855058855043354,0.44640468008760836,0.42072675357384587,0.8714086441804841,0.4846548770736715,0.7525305535439321,0.41853796764320017,0.7984592331183116,0.4440823074910232,0.7475
source_heterogeneity_les_rice_paddy_l250_cv1p0_s17_wind3_n2_op,open_path,2,1.0,250.0,17,0.07799232155928486,0.06858316101967543,0.009409160539609426,0.21217720675606802,0.2366387126091022,0.22490898613386445,0.36758105524949075,0.3232352902945077,0.329583949723892,0.2898222368753599,0.3467728119714359,0.30493739800532094,0.6825
source_heterogeneity_les_rice_paddy_l250_cv1p0_s17_wind3_n2_point,point,2,1.0,250.0,17,0.05921954814068955,0.06762162339325194,-0.00840207525256239,0.1960073440486738,0.2301920130856809,0.21293810364301127,0.3021292310658716,0.3449953557681987,0.25726152418088954,0.2937618142645208,0.27810686357933645,0.3175646924451762,0.681
source_heterogeneity_les_rice_paddy_l250_cv1p0_s17_wind3_n3_op,open_path,3,1.0,250.0,17,0.07699146102303431,0.06710444869824757,0.00988701232478674,0.19709478288750124,0.21950069310417133,0.20845720857608072,0.3906316539437773,0.34046790947556327,0.35075725700098564,0.3057140629000243,0.3693394032710301,0.32190994572277615,0.6825
source_heterogeneity_les_rice_paddy_l250_cv1p0_s17_wind3_n3_point,point,3,1.0,250.0,17,0.1576793446965183,0.04120663017060611,0.11647271452591218,0.18257936171291975,0.20964214990302982,0.1958169592979197,0.8636208562523445,0.2256916103989766,0.752135697756644,0.1965569909947321,0.8052384495288883,0.21043442977742058,0.64375
source_heterogeneity_les_rice_paddy_l250_cv1p0_s17_wind3_n4_op,open_path,4,1.0,250.0,17,0.09173759001508043,0.048965667581938856,0.042771922433141575,0.19265304382772916,0.214372090661867,0.20240015218371185,0.47618033015410033,0.25416503476438235,0.42793625668268453,0.22841437722027583,0.4532486217293616,0.241925053186197,0.65025
source_heterogeneity_les_rice_paddy_l250_cv1p0_s17_wind3_n4_point,point,4,1.0,250.0,17,-0.009820535911613004,0.017636383765078548,-0.027456919676691553,0.2107648849953651,0.23868786518743315,0.23036161535332017,-0.04659474424228194,0.08367799866408669,-0.04114384241486799,0.07388889984511494,-0.042630956101565046,0.07655955936074034,0.59725
source_heterogeneity_les_rice_paddy_l250_cv1p0_s18_wind3_n1_op,open_path,1,1.0,250.0,18,-0.07538696991228533,-0.11683068079395291,0.04144371088166758,0.21025599117811444,0.23456905173516718,0.22158423885686743,-0.35854849837987574,-0.5556592234985683,-0.32138497962381934,-0.4980651962811229,-0.34021810531831925,-0.5272517639190927,0.3235
source_heterogeneity_les_rice_paddy_l250_cv1p0_s18_wind3_n1_point,point,1,1.0,250.0,18,-0.16863905004902308,-0.29254820167933626,0.12390915163031319,0.3855058855043354,0.44640468008760836,0.42072675357384587,-0.4374487041317209,-0.7588683148030596,-0.3777716891676116,-0.655343043495697,-0.400827968786215,-0.6953401446290205,0.244
source_heterogeneity_les_rice_paddy_l250_cv1p0_s18_wind3_n2_op,open_path,2,1.0,250.0,18,-0.05725243679909355,-0.11241040656988688,0.055157969770793326,0.21217720675606802,0.2366387126091022,0.22490898613386445,-0.2698331157922843,-0.5297949213702338,-0.2419402817393935,-0.4750296573645367,-0.25455824501835267,-0.4998039807221437,0.3365
source_heterogeneity_les_rice_paddy_l250_cv1p0_s18_wind3_n2_point,point,2,1.0,250.0,18,0.08270057997368332,0.14588440083117465,-0.06318382085749133,0.1960073440486738,0.2301920130856809,0.21293810364301127,0.4219259251487362,0.7442802795947672,0.35926780805770586,0.6337509233079877,0.38837849383842576,0.6851023763964221,0.793
source_heterogeneity_les_rice_paddy_l250_cv1p0_s18_wind3_n3_op,open_path,3,1.0,250.0,18,-0.04232741390606488,-0.09513000063205715,0.05280258672599227,0.19709478288750124,0.21950069310417133,0.20845720857608072,-0.2147566429002067,-0.48266118076984277,-0.19283498975548563,-0.4333927118257893,-0.2030508524756371,-0.45635265521334806,0.35225
source_heterogeneity_les_rice_paddy_l250_cv1p0_s18_wind3_n3_point,point,3,1.0,250.0,18,0.02473219967120751,-0.03729519404745581,0.062027393718663316,0.18257936171291975,0.20964214990302982,0.1958169592979197,0.13545999634994563,-0.20426839976632863,0.11797341175258608,-0.17789931111041712,0.12630264385619155,-0.19045946878745154,0.48025
source_heterogeneity_les_rice_paddy_l250_cv1p0_s18_wind3_n4_op,open_path,4,1.0,250.0,18,-0.019714342153154183,-0.08756462446286245,0.06785028230970827,0.19265304382772916,0.214372090661867,0.20240015218371185,-0.10233081067113997,-0.4545198078529346,-0.09196319396002894,-0.40847026398123687,-0.09740280301400235,-0.43263121849524583,0.366
source_heterogeneity_les_rice_paddy_l250_cv1p0_s18_wind3_n4_point,point,4,1.0,250.0,18,-0.06562659287998429,-0.08701464910085102,0.02138805622086673,0.2107648849953651,0.23868786518743315,0.23036161535332017,-0.31137346660677123,-0.4128517381003223,-0.274947336884722,-0.36455413865519093,-0.2848851045749468,-0.37773067777542346,0.388
source_heterogeneity_les_rice_paddy_l250_cv1p0_s19_wind3_n1_op,open_path,1,1.0,250.0,19,0.01149263419226624,-0.014480986336325365,0.025973620528591604,0.21025599117811444,0.23456905173516718,0.22158423885686743,0.05466019839848686,-0.06887312107105698,0.04899467388068583,-0.06173442843037396,0.05186575656985206,-0.06535205938396807,0.53875
source_heterogeneity_les_rice_paddy_l250_cv1p0_s19_wind3_n1_point,point,1,1.0,250.0,19,0.045543787460443345,-0.168304706630419,0.21384849409086235,0.3855058855043354,0.44640468008760836,0.42072675357384587,0.11814031684849896,-0.4365814192699951,0.10202354386496403,-0.37702271982764307,0.10825027663102843,-0.4000332881157703,0.40425
source_heterogeneity_les_rice_paddy_l250_cv1p0_s19_wind3_n2_op,open_path,2,1.0,250.0,19,0.010107599758724288,-0.0009119358412612785,0.011019535599985567,0.21217720675606802,0.2366387126091022,0.22490898613386445,0.04763753804311604,-0.004297991547742902,0.0427132130972196,-0.003853705216727085,0.04494084443877359,-0.004054688329431622,0.56425
source_heterogeneity_les_rice_paddy_l250_cv1p0_s19_wind3_n2_point,point,2,1.0,250.0,19,0.04505106116700535,-0.17267639148344666,0.217727452650452,0.1960073440486738,0.2301920130856809,0.21293810364301127,0.2298437407315615,-0.8809689877771445,0.19571079188675705,-0.7501406724271268,0.21156880988539764,-0.8109229326703172,0.20075
source_heterogeneity_les_rice_paddy_l250_cv1p0_s19_wind3_n3_op,open_path,3,1.0,250.0,19,0.02556897283253916,-0.008085084157437996,0.03365405698997716,0.19709478288750124,0.21950069310417133,0.20845720857608072,0.12972932341458043,-0.04102129969646554,0.11648697993133242,-0.036833980080422574,0.12265813692505262,-0.038785342146070136,0.54275
source_heterogeneity_les_rice_paddy_l250_cv1p0_s19_wind3_n3_point,point,3,1.0,250.0,19,0.09441323260768676,-0.04645355179285159,0.14086678440053835,0.18257936171291975,0.20964214990302982,0.1958169592979197,0.5171079125368958,-0.25442936899896296,0.4503542472320461,-0.22158498095129595,0.48215043756268655,-0.23722946142870222,0.458
source_heterogeneity_les_rice_paddy_l250_cv1p0_s19_wind3_n4_op,open_path,4,1.0,250.0,19,0.03443369230098472,-0.005286175603187504,0.03971986790417222,0.19265304382772916,0.214372090661867,0.20240015218371185,0.17873422405812292,-0.027438837706163708,0.1606258174497986,-0.024658879739739466,0.17012681032833615,-0.0261174487575949,0.54675
source_heterogeneity_les_rice_paddy_l250_cv1p0_s19_wind3_n4_point,point,4,1.0,250.0,19,-0.04093998401029475,0.09198570588544631,-0.13292568989574105,0.2107648849953651,0.23868786518743315,0.23036161535332017,-0.19424480511160602,0.43643753031947974,-0.17152101125101615,0.38538073903846426,-0.17772051106475578,0.3993100401920781,0.723
source_heterogeneity_les_rice_paddy_l250_cv2p0_s0_wind3_n1_op,open_path,1,2.0,250.0,0,-0.111144392778251,-0.10958903003166931,-0.00155536274658169,0.3203854338909586,0.41956279437060073,0.3275490679312583,-0.346908382907565,-0.3420537216712771,-0.2649052639307119,-0.2611981603279844,-0.33932135261510354,-0.3345728648346159,0.427
source_heterogeneity_les_rice_paddy_l250_cv2p0_s0_wind3_n1_point,point,1,2.0,250.0,0,-0.20603553458262416,-0.3721773496949787,0.1661418151123545,0.5874290178499367,0.8400751004059863,0.6439936676437501,-0.35074115905397363,-0.6335699095308469,-0.2452584709189126,-0.4430286643600258,-0.31993410018528423,-0.5779208218874334,0.2955
source_heterogeneity_les_rice_paddy_l250_cv2p0_s0_wind3_n2_op,open_path,2,2.0,250.0,0,-0.1115714055841618,-0.08740285059471153,-0.024168554989450267,0.3233129580156781,0.4230744924494038,0.338054324375539,-0.3450879490538436,-0.2703351301820485,-0.2637157464592475,-0.2065897428339152,-0.3300398709297946,-0.25854676095673057,0.4625
source_heterogeneity_les_rice_paddy_l250_cv2p0_s0_wind3_n2_point,point,2,2.0,250.0,0,-0.021763800491243792,-0.3334241244274031,0.31166032393615933,0.29867352467331443,0.44135162669021605,0.333326142693598,-0.07286819451121013,-1.1163497829012412,-0.04931170335647084,-0.7554614150350304,-0.06529280996495267,-1.0002939515425142,0.113
source_heterogeneity_les_rice_paddy_l250_cv2p0_s0_wind3_n3_op,open_path,3,2.0,250.0,0,-0.09012347274419923,-0.10406410290956657,0.01394063016536734,0.3003305502936331,0.39172379697319293,0.31312875459830924,-0.3000809363419257,-0.346498559030452,-0.23006892468768422,-0.2656568319659376,-0.2878160227086531,-0.332336463455945,0.41725
source_heterogeneity_les_rice_paddy_l250_cv2p0_s0_wind3_n3_point,point,3,2.0,250.0,0,-0.035619803186529256,-0.2850588846784803,0.24943908149195104,0.2782121341425866,0.392182873035741,0.30875235161272085,-0.12803109144144567,-1.024609819974224,-0.09082447407968042,-0.7268519465726436,-0.1153669049012085,-0.9232606106140363,0.11525
source_heterogeneity_les_rice_paddy_l250_cv2p0_s0_wind3_n4_op,open_path,4,2.0,250.0,0,-0.0733061056915595,-0.06069289996041569,-0.012613205731143808,0.2935622842008491,0.3820718326487198,0.3028785862809117,-0.2497122744875667,-0.20674624509629067,-0.19186472131003118,-0.15885206595749568,-0.24203132546178116,-0.2003868966296768,0.483
source_heterogeneity_les_rice_paddy_l250_cv2p0_s0_wind3_n4_point,point,4,2.0,250.0,0,-0.11750912879106404,-0.0004164086768421692,-0.11709272011422187,0.3211608798867218,0.4383482080914811,0.37449217164600773,-0.36588867496100785,-0.0012965734711806827,-0.2680725656497733,-0.0009499495359070037,-0.31378260398495234,-0.0011119289223374832,0.59825
source_heterogeneity_les_rice_paddy_l250_cv2p0_s1_wind3_n1_op,open_path,1,2.0,250.0,1,0.13083050277819772,0.11273354599388735,0.018096956784310364,0.3203854338909586,0.41956279437060073,0.3275490679312583,0.40835346722636945,0.3518685123252376,0.3118257970763605,0.26869290486779807,0.3994226074416878,0.3441730019440824,0.72325
source_heterogeneity_les_rice_paddy_l250_cv2p0_s1_wind3_n1_point,point,1,2.0,250.0,1,0.2547952738938909,0.03945201373018935,0.21534326016370153,0.5874290178499367,0.8400751004059863,0.6439936676437501,0.4337464887697807,0.06716047817077309,0.3033005903528804,0.046962484319703346,0.3956487255940546,0.06126149326054204,0.66875
source_heterogeneity_les_rice_paddy_l250_cv2p0_s1_wind3_n2_op,open_path,2,2.0,250.0,1,0.12790706296985194,0.09900210214867167,0.02890496082118027,0.3233129580156781,0.4230744924494038,0.338054324375539,0.3956137847207765,0.30621136485309336,0.30232752210923836,0.23400631310929598,0.37836245167437077,0.2928585585513524,0.715
source_heterogeneity_les_rice_paddy_l250_cv2p0_s1_wind3_n2_point,point,2,2.0,250.0,1,0.23734904375279445,0.5658197057220661,-0.32847066196927166,0.29867352467331443,0.44135162669021605,0.333326142693598,0.7946772115553397,1.894442121513626,0.5377776570865328,1.2820156797999387,0.7120624918129264,1.697495735407055,0.9425
source_heterogeneity_les_rice_paddy_l250_cv2p0_s1_wind3_n3_op,open_path,3,2.0,250.0,1,0.14093891045341195,0.12285115777814401,0.018087752675267937,0.3003305502936331,0.39172379697319293,0.31312875459830924,0.469279300143179,0.4090531504638222,0.3597915458351817,0.3136167849066141,0.45009890782535295,0.3923343224602323,0.734
source_heterogeneity_les_rice_paddy_l250_cv2p0_s1_wind3_n3_point,point,3,2.0,250.0,1,0.21572910837227227,0.10740984094285405,0.10831926742941822,0.2782121341425866,0.392182873035741,0.30875235161272085,0.7754122911896749,0.3860717336210986,0.550072742091958,0.27387692917703066,0.6987124381253913,0.34788347483611093,0.73125
source_heterogeneity_les_rice_paddy_l250_cv2p0_s1_wind3_n4_op,open_path,4,2.0,250.0,1,0.15156480533121724,0.10285101617491409,0.04871378915630316,0.2935622842008491,0.3820718326487198,0.3028785862809117,0.5162952241764129,0.35035500713213413,0.396691910734407,0.2691928778468111,0.5004143977040523,0.3395783684737704,0.719
source_heterogeneity_les_rice_paddy_l250_cv2p0_s1_wind3_n4_point,point,4,2.0,250.0,1,0.05268866997355673,-0.02116864729307989,0.07385731726663662,0.3211608798867218,0.4383482080914811,0.37449217164600773,0.16405693617523032,-0.0659129072648773,0.12019821000970275,-0.04829185314854098,0.14069364852668054,-0.05652627450137931,0.56875
source_heterogeneity_les_rice_paddy_l250_cv2p0_s2_wind3_n1_op,open_path,1,2.0,250.0,2,-0.18197063451890144,-0.22378270690191335,0.041812072383011906,0.3203854338909586,0.41956279437060073,0.3275490679312583,-0.5679741188884203,-0.6984796536601491,-0.43371489789003165,-0.5333711899731642,-0.555552289213325,-0.6832036137830743,0.24725
source_heterogeneity_les_rice_paddy_l250_cv2p0_s2_wind3_n1_point,point,1,2.0,250.0,2,-0.07847826495390121,-0.4616867068429685,0.3832084418890673,0.5874290178499367,0.8400751004059863,0.6439936676437501,-0.13359616663327498,-0.78594467214575,-0.0934181538245506,-0.5495778968092822,-0.12186185811583863,-0.716911873578186,0.19
source_heterogeneity_les_rice_paddy_l250_cv2p0_s2_wind3_n2_op,open_path,2,2.0,250.0,2,-0.16979250833273699,-0.2743981431501036,0.1046056348173666,0.3233129580156781,0.4230744924494038,0.338054324375539,-0.5251645630748378,-0.8487075335124596,-0.4013300526574354,-0.6485811554401837,-0.5022639738343275,-0.811698367287499,0.16825
source_heterogeneity_les_rice_paddy_l250_cv2p0_s2_wind3_n2_point,point,2,2.0,250.0,2,-0.08798850501575098,0.06615397750000397,-0.15414248251575496,0.29867352467331443,0.44135162669021605,0.333326142693598,-0.2945976048998376,0.22149260659230646,-0.1993614607826289,0.14988950646020238,-0.2639712094128551,0.19846621379714108,0.67275
source_heterogeneity_les_rice_paddy_l250_cv2p0_s2_wind3_n3_op,open_path,3,2.0,250.0,2,-0.16582884156893515,-0.23333562378480172,0.06750678221586656,0.3003305502936331,0.39172379697319293,0.31312875459830924,-0.5521544225414442,-0.7769293651833606,-0.4233310379667422,-0.5956636425659116,-0.5295867566735136,-0.7451746936627762,0.202
source_heterogeneity_les_rice_paddy_l250_cv2p0_s2_wind3_n3_point,point,3,2.0,250.0,2,-0.11201628883671753,-0.40156028787593856,0.289543999039221,0.2782121341425866,0.392182873035741,0.30875235161272085,-0.4026290556374799,-1.4433600788603085,-0.2856225922607005,-1.0239108219275628,-0.3628030304922943,-1.3005902166524388,0.025
source_heterogeneity_les_rice_paddy_l250_cv2p0_s2_wind3_n4_op,open_path,4,2.0,250.0,2,-0.14506182190692232,-0.29158165249781365,0.14651983059089133,0.2935622842008491,0.3820718326487198,0.3028785862809117,-0.4941432524338654,-0.9932531125092338,-0.37967159447813426,-0.7631592480304519,-0.47894380282263144,-0.962701444424267,0.11425
source_heterogeneity_les_rice_paddy_l250_cv2p0_s2_wind3_n4_point,point,4,2.0,250.0,2,-0.21311474673164504,-0.40155413061897094,0.1884393838873259,0.3211608798867218,0.4383482080914811,0.37449217164600773,-0.6635762948675871,-1.2503208073181422,-0.486176840232843,-0.9160619872664532,-0.5690766399600304,-1.0722630832415472,0.03025
source_heterogeneity_les_rice_paddy_l250_cv2p0_s3_wind3_n1_op,open_path,1,2.0,250.0,3,-0.2575812118512631,-0.24488303916018295,-0.012698172691080145,0.3203854338909586,0.41956279437060073,0.3275490679312583,-0.8039729170051141,-0.764338865803517,-0.6139276773520129,-0.5836624277601632,-0.7863896956816279,-0.7476224576269463,0.2125
source_heterogeneity_les_rice_paddy_l250_cv2p0_s3_wind3_n1_point,point,1,2.0,250.0,3,-0.3566358234626793,-0.5331160526200265,0.17648022915734718,0.5874290178499367,0.8400751004059863,0.6439936676437501,-0.6071130513232234,-0.9075412286769515,-0.4245285014284158,-0.6346052303685533,-0.55378777988228,-0.8278280973951131,0.12325
source_heterogeneity_les_rice_paddy_l250_cv2p0_s3_wind3_n2_op,open_path,2,2.0,250.0,3,-0.2516460871471625,-0.21326337919865102,-0.03838270794851151,0.3233129580156781,0.4230744924494038,0.338054324375539,-0.778335915428913,-0.6596190282862385,-0.594803259563698,-0.5040799741056371,-0.7443954092644974,-0.6308553502239487,0.26525
source_heterogeneity_les_rice_paddy_l250_cv2p0_s3_wind3_n2_point,point,2,2.0,250.0,3,-0.283765080287989,-0.31970519011949494,0.03594010983150592,0.29867352467331443,0.44135162669021605,0.333326142693598,-0.9500844796952389,-1.070416905780935,-0.6429455860761181,-0.7243775048865867,-0.8513136053322803,-0.9591362607684096,0.12675
source_heterogeneity_les_rice_paddy_l250_cv2p0_s3_wind3_n3_op,open_path,3,2.0,250.0,3,-0.22816490733916583,-0.1990949018449329,-0.029070005494232942,0.3003305502936331,0.39172379697319293,0.31312875459830924,-0.7597126137054291,-0.6629192456454326,-0.5824637387418666,-0.5082532727991445,-0.7286616255727216,-0.635824397859397,0.26325
source_heterogeneity_les_rice_paddy_l250_cv2p0_s3_wind3_n3_point,point,3,2.0,250.0,3,-0.18937695050881412,-0.19995489155342763,0.010577941044613515,0.2782121341425866,0.392182873035741,0.30875235161272085,-0.6806926343901178,-0.7187137691519546,-0.4828791962354652,-0.5098511569504592,-0.6133619696162069,-0.6476222464670917,0.24425
source_heterogeneity_les_rice_paddy_l250_cv2p0_s3_wind3_n4_op,open_path,4,2.0,250.0,3,-0.21469264332942212,-0.19665633616524084,-0.01803630716418128,0.2935622842008491,0.3820718326487198,0.3028785862809117,-0.7313359204635904,-0.669896464052217,-0.5619169616379767,-0.5147103747531381,-0.7088406148670429,-0.6492909867944491,0.2605
source_heterogeneity_les_rice_paddy_l250_cv2p0_s3_wind3_n4_point,point,4,2.0,250.0,3,-0.25487766030260006,-0.08279822394282775,-0.1720794363597723,0.3211608798867218,0.4383482080914811,0.37449217164600773,-0.7936136567831648,-0.2578091826502403,-0.5814502160561094,-0.1888868767214127,-0.6805954292244207,-0.22109467223014093,0.4725
source_heterogeneity_les_rice_paddy_l250_cv2p0_s4_wind3_n1_op,open_path,1,2.0,250.0,4,0.012295938510292398,-0.04342706904329485,0.05572300755358725,0.3203854338909586,0.41956279437060073,0.3275490679312583,0.03837858157583173,-0.13554632779614761,0.029306551189168046,-0.10350552915074646,0.037539226070620074,-0.13258187335892146,0.53375
source_heterogeneity_les_rice_paddy_l250_cv2p0_s4_wind3_n1_point,point,1,2.0,250.0,4,0.2324783207414792,-0.1837327214095414,0.41621104215102056,0.5874290178499367,0.8400751004059863,0.6439936676437501,0.39575559544603156,-0.3127743366884156,0.27673516406941295,-0.21870987643931855,0.3609947308831048,-0.2853020621798726,0.49
source_heterogeneity_les_rice_paddy_l250_cv2p0_s4_wind3_n2_op,open_path,2,2.0,250.0,4,0.01620720937303051,-0.06572239276752831,0.08192960214055882,0.3233129580156781,0.4230744924494038,0.338054324375539,0.050128548736498794,-0.2032779421242414,0.03830816951217818,-0.1553447299245727,0.047942618107219316,-0.19441370226200208,0.4955
source_heterogeneity_les_rice_paddy_l250_cv2p0_s4_wind3_n2_point,point,2,2.0,250.0,4,0.010268884241777155,-0.37331103434908086,0.383579918590858,0.29867352467331443,0.44135162669021605,0.333326142693598,0.0343816354429444,-1.2498966380009882,0.023266900178403254,-0.845835863682241,0.030807317298291177,-1.119957262674827,0.07725
source_heterogeneity_les_rice_paddy_l250_cv2p0_s4_wind3_n3_op,open_path,3,2.0,250.0,4,0.010081449251575976,-0.075418235117729,0.08549968436930497,0.3003305502936331,0.39172379697319293,0.31312875459830924,0.033567844635583516,-0.2511174272613712,0.02573611644090616,-0.1925291128608409,0.0321958590628598,-0.24085375108548468,0.467
source_heterogeneity_les_rice_paddy_l250_cv2p0_s4_wind3_n3_point,point,3,2.0,250.0,4,0.04461673642980172,-0.3028981991072098,0.3475149355370115,0.2782121341425866,0.392182873035741,0.30875235161272085,0.16036948412514307,-1.088731086588665,0.11376513228239735,-0.7723391813685999,0.1445065477129259,-0.9810393265834809,0.09675
source_heterogeneity_les_rice_paddy_l250_cv2p0_s4_wind3_n4_op,open_path,4,2.0,250.0,4,0.026388698453740936,-0.11306144064465776,0.1394501390983987,0.2935622842008491,0.3820718326487198,0.3028785862809117,0.08989131054616793,-0.3851361252091345,0.06906737476772577,-0.2959167124696351,0.08712632602314821,-0.3732896472905362,0.39875
source_heterogeneity_les_rice_paddy_l250_cv2p0_s4_wind3_n4_point,point,4,2.0,250.0,4,-0.06395135728468383,0.005867176031698201,-0.06981853331638203,0.3211608798867218,0.4383482080914811,0.37449217164600773,-0.19912561364024292,0.018268651006833836,-0.14589168178220885,0.013384738259210016,-0.170768208594583,0.015667019168678926,0.6075
source_heterogeneity_les_rice_paddy_l250_cv2p0_s5_wind3_n1_op,open_path,1,2.0,250.0,5,-0.37133776719014117,-0.382075104073087,0.010737336882945814,0.3203854338909586,0.41956279437060073,0.3275490679312583,-1.159034487555773,-1.1925482985694167,-0.8850588569160346,-0.9106505848457077,-1.1336859223427027,-1.1664667724020874,0.04475
source_heterogeneity_les_rice_paddy_l250_cv2p0_s5_wind3_n1_point,point,1,2.0,250.0,5,-0.5532755035545398,-0.5728189143371799,0.019543410782640103,0.5874290178499367,0.8400751004059863,0.6439936676437501,-0.9418593340512815,-0.9751287337383645,-0.6586024312435356,-0.6818663165475938,-0.8591319004406818,-0.8894791099934491,0.09425
source_heterogeneity_les_rice_paddy_l250_cv2p0_s5_wind3_n2_op,open_path,2,2.0,250.0,5,-0.3631906038092676,-0.3522311189520086,-0.010959484857259005,0.3233129580156781,0.4230744924494038,0.338054324375539,-1.1233406976272684,-1.0894432475389006,-0.8584554500238564,-0.8325510642647228,-1.074355739954402,-1.0419364390698367,0.07075
source_heterogeneity_les_rice_paddy_l250_cv2p0_s5_wind3_n2_point,point,2,2.0,250.0,5,-0.3620023213043613,-0.3670379907792771,0.005035669474915849,0.29867352467331443,0.44135162669021605,0.333326142693598,-1.2120335128475654,-1.2288936261784131,-0.8202129536013925,-0.8316226078779142,-1.0860303916729483,-1.101137725991891,0.0825
source_heterogeneity_les_rice_paddy_l250_cv2p0_s5_wind3_n3_op,open_path,3,2.0,250.0,5,-0.3379395285270468,-0.334965236772195,-0.00297429175485181,0.3003305502936331,0.39172379697319293,0.31312875459830924,-1.1252252832642013,-1.115321889313956,-0.8626984909731517,-0.8551056621028256,-1.0792350544764422,-1.0697364322286473,0.069
source_heterogeneity_les_rice_paddy_l250_cv2p0_s5_wind3_n3_point,point,3,2.0,250.0,5,-0.3095287829979464,-0.3278764328258385,0.01834764982789211,0.2782121341425866,0.392182873035741,0.30875235161272085,-1.1125639215984364,-1.1785123385660756,-0.7892460489210041,-0.8360294530147877,-1.0025147383693436,-1.0619398722413802,0.06975
source_heterogeneity_les_rice_paddy_l250_cv2p0_s5_wind3_n4_op,open_path,4,2.0,250.0,5,-0.3070426414404564,-0.32476956412147356,0.017726922681017165,0.2935622842008491,0.3820718326487198,0.3028785862809117,-1.0459199221599744,-1.1063054813242734,-0.8036254316678563,-0.8500222637978905,-1.0137482653054999,-1.0722764131639817,0.073
source_heterogeneity_les_rice_paddy_l250_cv2p0_s5_wind3_n4_point,point,4,2.0,250.0,5,-0.3272181571590687,-0.36312393216585237,0.03590577500678366,0.3211608798867218,0.4383482080914811,0.37449217164600773,-1.0188605700497626,-1.1306605346639091,-0.7464799698480343,-0.8283915058004987,-0.8737650128194796,-0.969643585791958,0.058
source_heterogeneity_les_rice_paddy_l250_cv2p0_s6_wind3_n1_op,open_path,1,2.0,250.0,6,-0.10636538394393072,-0.18661658407944975,0.08025120013551904,0.3203854338909586,0.41956279437060073,0.3275490679312583,-0.331991946862764,-0.5824752449356474,-0.2535148143998153,-0.4447882094965049,-0.324731145216549,-0.5697362696162958,0.30475
source_heterogeneity_les_rice_paddy_l250_cv2p0_s6_wind3_n1_point,point,1,2.0,250.0,6,-0.2637215155583015,-0.5805629331331569,0.3168414175748554,0.5874290178499367,0.8400751004059863,0.6439936676437501,-0.448941927526078,-0.9883116350943802,-0.31392611854684394,-0.691084562383275,-0.40950948558734773,-0.9015041021402056,0.08775
source_heterogeneity_les_rice_paddy_l250_cv2p0_s6_wind3_n2_op,open_path,2,2.0,250.0,6,-0.11417841204196089,-0.1845802809018588,0.07040186885989791,0.3233129580156781,0.4230744924494038,0.338054324375539,-0.353151363752096,-0.5709028244172883,-0.26987779712485427,-0.4362831704488378,-0.3377516683239406,-0.5460077496207727,0.3115
source_heterogeneity_les_rice_paddy_l250_cv2p0_s6_wind3_n2_point,point,2,2.0,250.0,6,0.06074176279051468,0.0928413684292248,-0.03209960563871012,0.29867352467331443,0.44135162669021605,0.333326142693598,0.2033717680767095,0.3108456584184139,0.13762668837550068,0.21035691909750226,0.18222921940554201,0.27853011371678393,0.6955
source_heterogeneity_les_rice_paddy_l250_cv2p0_s6_wind3_n3_op,open_path,3,2.0,250.0,6,-0.07110750915330889,-0.12760939010613095,0.05650188095282206,0.3003305502936331,0.39172379697319293,0.31312875459830924,-0.23676415564046716,-0.42489646817936866,-0.18152460918317667,-0.3257636913870304,-0.22708712665027422,-0.40753009179828287,0.38175
source_heterogeneity_les_rice_paddy_l250_cv2p0_s6_wind3_n3_point,point,3,2.0,250.0,6,-0.015733154858523543,-0.1297014488523272,0.11396829399380366,0.2782121341425866,0.392182873035741,0.30875235161272085,-0.05655092976807452,-0.46619623278492184,-0.040116884087107306,-0.33071675937390327,-0.05095719846778107,-0.42008246471598176,0.381
source_heterogeneity_les_rice_paddy_l250_cv2p0_s6_wind3_n4_op,open_path,4,2.0,250.0,6,-0.0747723645256151,-0.13917265993577993,0.06440029541016483,0.2935622842008491,0.3820718326487198,0.3028785862809117,-0.25470698570548467,-0.47408222181757154,-0.1957023735752891,-0.3642578385613066,-0.24687240337375901,-0.4594998333976013,0.3585
source_heterogeneity_les_rice_paddy_l250_cv2p0_s6_wind3_n4_point,point,4,2.0,250.0,6,-0.13217239263766484,-0.12966924521940132,-0.0025031474182635183,0.3211608798867218,0.4383482080914811,0.37449217164600773,-0.41154574207258365,-0.40375168129174877,-0.301523743448453,-0.2958133347549581,-0.35293766504310814,-0.3462535535775429,0.39375
source_heterogeneity_les_rice_paddy_l250_cv2p0_s7_wind3_n1_op,open_path,1,2.0,250.0,7,0.029007873455782915,-0.0710025939850677,0.10001046744085061,0.3203854338909586,0.41956279437060073,0.3275490679312583,0.09054055018511105,-0.22161617375287118,0.06913833601308365,-0.16922995779828598,0.08856039078050652,-0.21676933606774537,0.49325
source_heterogeneity_les_rice_paddy_l250_cv2p0_s7_wind3_n1_point,point,1,2.0,250.0,7,-0.1605176508403012,-0.4244126687278324,0.2638950178875312,0.5874290178499367,0.8400751004059863,0.6439936676437501,-0.2732545481457756,-0.7224918344708873,-0.19107535833728106,-0.5052080088110276,-0.2492534614938135,-0.6590323632849953,0.23275
source_heterogeneity_les_rice_paddy_l250_cv2p0_s7_wind3_n2_op,open_path,2,2.0,250.0,7,0.043342090194663535,-0.08980598198069745,0.13314807217536098,0.3233129580156781,0.4230744924494038,0.338054324375539,0.13405614937512583,-0.27776796368409884,0.1024455290219296,-0.2122699041976337,0.1282104297134076,-0.26565547459447214,0.45925
source_heterogeneity_les_rice_paddy_l250_cv2p0_s7_wind3_n2_point,point,2,2.0,250.0,7,0.21727924782616412,0.504555797830832,-0.2872765500046679,0.29867352467331443,0.44135162669021605,0.333326142693598,0.7274807770920493,1.689322139894084,0.4923041735579057,1.143205932228225,0.6518518051729678,1.51370004690761,0.92475
source_heterogeneity_les_rice_paddy_l250_cv2p0_s7_wind3_n3_op,open_path,3,2.0,250.0,7,0.07224751994885502,-0.054005174613563495,0.1262526945624185,0.3003305502936331,0.39172379697319293,0.31312875459830924,0.24056000922389892,-0.17981911783787113,0.18443485054291756,-0.13786544251550606,0.2307278360351679,-0.17246954749602258,0.50025
source_heterogeneity_les_rice_paddy_l250_cv2p0_s7_wind3_n3_point,point,3,2.0,250.0,7,0.1535949839236661,-0.06110070255263381,0.2146956864762999,0.2782121341425866,0.392182873035741,0.30875235161272085,0.5520786661481382,-0.21961911453265034,0.3916412329144941,-0.15579645811576653,0.4974698431328089,-0.19789550503334985,0.49975
source_heterogeneity_les_rice_paddy_l250_cv2p0_s7_wind3_n4_op,open_path,4,2.0,250.0,7,0.09200375232885825,-0.04960286109447214,0.1416066134233304,0.2935622842008491,0.3820718326487198,0.3028785862809117,0.3134045389356326,-0.1689687802692491,0.24080223786988064,-0.1298260087654183,0.3037644670050304,-0.16377143628261268,0.501
source_heterogeneity_les_rice_paddy_l250_cv2p0_s7_wind3_n4_point,point,4,2.0,250.0,7,0.04726251318888882,-0.178780872524102,0.22604338571299082,0.3211608798867218,0.4383482080914811,0.37449217164600773,0.14716148867682455,-0.5566707644690744,0.10781956516866921,-0.40785126806493366,0.126204275462303,-0.47739548663542236,0.31125
source_heterogeneity_les_rice_paddy_l250_cv2p0_s8_wind3_n1_op,open_path,1,2.0,250.0,8,-0.29286099348390654,-0.33896384976132043,0.046102856277413895,0.3203854338909586,0.41956279437060073,0.3275490679312583,-0.9140896011632669,-1.0579877045118253,-0.6980146891319009,-0.8078977790912341,-0.8940980822615815,-1.0348490743758052,0.08275
source_heterogeneity_les_rice_paddy_l250_cv2p0_s8_wind3_n1_point,point,1,2.0,250.0,8,-0.37512842181352674,-0.5171546406046986,0.1420262187911719,0.5874290178499367,0.8400751004059863,0.6439936676437501,-0.638593617977102,-0.8803695849032942,-0.4465415313847976,-0.6156052480959991,-0.5825032770680029,-0.8030430524214139,0.13975
source_heterogeneity_les_rice_paddy_l250_cv2p0_s8_wind3_n2_op,open_path,2,2.0,250.0,8,-0.2833180830171277,-0.35257092830377323,0.06925284528664555,0.3233129580156781,0.4230744924494038,0.338054324375539,-0.8762967149723365,-1.0904942705286695,-0.6696647707992232,-0.833354254619682,-0.8380844810681797,-1.0429416306241597,0.07075
source_heterogeneity_les_rice_paddy_l250_cv2p0_s8_wind3_n2_point,point,2,2.0,250.0,8,-0.19007833632204196,-0.20197838931127932,0.011900052989237353,0.29867352467331443,0.44135162669021605,0.333326142693598,-0.6364083878206058,-0.6762514003616521,-0.4306732428913367,-0.457635991569705,-0.570247310295031,-0.6059482394003013,0.2865
source_heterogeneity_les_rice_paddy_l250_cv2p0_s8_wind3_n3_op,open_path,3,2.0,250.0,8,-0.25891049386751197,-0.31324168822561316,0.05433119435810119,0.3003305502936331,0.39172379697319293,0.31312875459830924,-0.8620851046101545,-1.0429897588485648,-0.660951659991262,-0.7996493719452266,-0.8268499461176919,-1.0003606619502217,0.09125
source_heterogeneity_les_rice_paddy_l250_cv2p0_s8_wind3_n3_point,point,3,2.0,250.0,8,-0.20964641144386797,-0.20817988299081341,-0.0014665284530545608,0.2782121341425866,0.392182873035741,0.30875235161272085,-0.7535487698621441,-0.74827751001011,-0.5345628936344758,-0.530823494099502,-0.6790115454953197,-0.6742616919463691,0.23
source_heterogeneity_les_rice_paddy_l250_cv2p0_s8_wind3_n4_op,open_path,4,2.0,250.0,8,-0.24548148201433875,-0.3176129712039816,0.07213148918964282,0.2935622842008491,0.3820718326487198,0.3028785862809117,-0.8362160101138384,-1.081927033197076,-0.6425008625015197,-0.8312912496116869,-0.8104946771861293,-1.0486478265234775,0.0815
source_heterogeneity_les_rice_paddy_l250_cv2p0_s8_wind3_n4_point,point,4,2.0,250.0,8,-0.28693390668904833,-0.3492128638890359,0.06227895719998755,0.3211608798867218,0.4383482080914811,0.37449217164600773,-0.8934273277313668,-1.0873455821026783,-0.6545798554494527,-0.796656305290877,-0.7661946721820272,-0.9324970996166314,0.068
source_heterogeneity_les_rice_paddy_l250_cv2p0_s9_wind3_n1_op,open_path,1,2.0,250.0,9,-0.13694600567599147,-0.16731199439249017,0.030365988716498704,0.3203854338909586,0.41956279437060073,0.3275490679312583,-0.4274414227040056,-0.5222209772789916,-0.3264016912687133,-0.398777004628068,-0.4180931014120055,-0.5107997877973001,0.333
source_heterogeneity_les_rice_paddy_l250_cv2p0_s9_wind3_n1_point,point,1,2.0,250.0,9,-0.1289189681402435,0.052552427701565096,-0.1814713958418086,0.5874290178499367,0.8400751004059863,0.6439936676437501,-0.21946305719132325,0.08946174959812765,-0.15346124183176044,0.06255682102251083,-0.20018670154309653,0.08160395100443207,0.676
source_heterogeneity_les_rice_paddy_l250_cv2p0_s9_wind3_n2_op,open_path,2,2.0,250.0,9,-0.11249128500205133,-0.16129949453254022,0.048808209530488894,0.3233129580156781,0.4230744924494038,0.338054324375539,-0.3479331162365487,-0.4988958547238879,-0.2658900193929899,-0.3812555410719551,-0.33276097032584206,-0.47714075195013705,0.3455
source_heterogeneity_les_rice_paddy_l250_cv2p0_s9_wind3_n2_point,point,2,2.0,250.0,9,-0.0864632004809838,-0.12014479455791859,0.03368159407693479,0.29867352467331443,0.44135162669021605,0.333326142693598,-0.28949067573216014,-0.40226128073899936,-0.19590547593398172,-0.2722201240287894,-0.25939519709518555,-0.36044215910289035,0.42325
source_heterogeneity_les_rice_paddy_l250_cv2p0_s9_wind3_n3_op,open_path,3,2.0,250.0,9,-0.11262244291209104,-0.1756906651399952,0.06306822222790416,0.3003305502936331,0.39172379697319293,0.31312875459830924,-0.3749949607257074,-0.5849909873245412,-0.28750472598885335,-0.44850648977043983,-0.35966815968902766,-0.5610812247676722,0.3015
source_heterogeneity_les_rice_paddy_l250_cv2p0_s9_wind3_n3_point,point,3,2.0,250.0,9,-0.048230924037154246,-0.03248873970362128,-0.015742184333532964,0.2782121341425866,0.392182873035741,0.30875235161272085,-0.17336024607911385,-0.11677686095089751,-0.12298069944721628,-0.08284079172590607,-0.15621232934818913,-0.10522588583996624,0.549
source_heterogeneity_les_rice_paddy_l250_cv2p0_s9_wind3_n4_op,open_path,4,2.0,250.0,9,-0.0824187157952573,-0.16093736315637816,0.07851864736112087,0.2935622842008491,0.3820718326487198,0.3028785862809117,-0.2807537624242907,-0.5482222063862543,-0.2157152366451305,-0.4212227895489626,-0.2721180021581855,-0.5313593315808504,0.31875
source_heterogeneity_les_rice_paddy_l250_cv2p0_s9_wind3_n4_point,point,4,2.0,250.0,9,-0.1287865899328132,-0.21845840143423684,0.08967181150142364,0.3211608798867218,0.4383482080914811,0.37449217164600773,-0.40100335376537183,-0.6802148552815347,-0.2937997408351127,-0.4983672737830507,-0.3438966143584703,-0.5833457091347071,0.249
source_heterogeneity_les_rice_paddy_l250_cv2p0_s10_wind3_n1_op,open_path,1,2.0,250.0,10,-0.15253043583082185,-0.22759261319004176,0.07506217735921991,0.3203854338909586,0.41956279437060073,0.3275490679312583,-0.47608417766812317,-0.7103712875645328,-0.36354614345544517,-0.5424518480754723,-0.4656720191395352,-0.6948351727192394,0.24075
source_heterogeneity_les_rice_paddy_l250_cv2p0_s10_wind3_n1_point,point,1,2.0,250.0,10,-0.05372581928077069,0.003735875776821277,-0.057461695057591966,0.5874290178499367,0.8400751004059863,0.6439936676437501,-0.0914592532003507,0.006359705876456439,-0.06395359088110862,0.004447073571179322,-0.08342600553409665,0.005801106384306748,0.6435
source_heterogeneity_les_rice_paddy_l250_cv2p0_s10_wind3_n2_op,open_path,2,2.0,250.0,10,-0.129507208346527,-0.26139896973196775,0.13189176138544076,0.3233129580156781,0.4230744924494038,0.338054324375539,-0.40056299982955496,-0.8085013707347046,-0.3061097056377488,-0.6178556599302164,-0.38309584882771547,-0.773245454602095,0.18925
source_heterogeneity_les_rice_paddy_l250_cv2p0_s10_wind3_n2_point,point,2,2.0,250.0,10,-0.040037212571484807,-0.34537820278525055,0.30534099021376576,0.29867352467331443,0.44135162669021605,0.333326142693598,-0.1340500890237159,-1.1563736797997786,-0.09071499944779145,-0.7825465726167379,-0.12011422880889377,-1.036156960249983,0.10275
source_heterogeneity_les_rice_paddy_l250_cv2p0_s10_wind3_n3_op,open_path,3,2.0,250.0,10,-0.139399838618642,-0.2664647866689439,0.1270649480503019,0.3003305502936331,0.39172379697319293,0.31312875459830924,-0.4641547071463453,-0.8872383658885896,-0.35586257382311043,-0.6802364031184428,-0.44518376728917214,-0.8509751428314936,0.153
source_heterogeneity_les_rice_paddy_l250_cv2p0_s10_wind3_n3_point,point,3,2.0,250.0,10,-0.08663814167650247,-0.2783056593605847,0.19166751768408224,0.2782121341425866,0.392182873035741,0.30875235161272085,-0.31141036297180164,-1.0003361651291247,-0.22091260897210782,-0.7096323641221878,-0.2806072284922247,-0.9013879826563183,0.123
source_heterogeneity_les_rice_paddy_l250_cv2p0_s10_wind3_n4_op,open_path,4,2.0,250.0,10,-0.10802292700375452,-0.2863224820873296,0.17829955508357506,0.2935622842008491,0.3820718326487198,0.3028785862809117,-0.36797277040482324,-0.975338105393109,-0.28272936598043263,-0.7493943746190183,-0.35665422349656034,-0.9453374885399565,0.121
source_heterogeneity_les_rice_paddy_l250_cv2p0_s10_wind3_n4_point,point,4,2.0,250.0,10,-0.16665095046176492,-0.3614067337181008,0.19475578325633586,0.3211608798867218,0.4383482080914811,0.37449217164600773,-0.5189017744643905,-1.1253136865410702,-0.3801793811074179,-0.8244740757390685,-0.4450051645386417,-0.9650581803342044,0.0585
source_heterogeneity_les_rice_paddy_l250_cv2p0_s11_wind3_n1_op,open_path,1,2.0,250.0,11,0.4426921166794236,0.4644593894266004,-0.021767272747176825,0.3203854338909586,0.41956279437060073,0.3275490679312583,1.3817485748434226,1.4496894686687805,1.0551272005505634,1.1070080466104018,1.3515291601206143,1.4179841584042456,0.91475
source_heterogeneity_les_rice_paddy_l250_cv2p0_s11_wind3_n1_point,point,1,2.0,250.0,11,0.7989930056826215,1.908366605930298,-1.1093736002476764,0.5874290178499367,0.8400751004059863,0.6439936676437501,1.3601524293216487,3.248676091819837,0.9510971165512335,2.271661908569882,1.2406845685392909,2.9633313211178725,0.9795
source_heterogeneity_les_rice_paddy_l250_cv2p0_s11_wind3_n2_op,open_path,2,2.0,250.0,11,0.4510339602249294,0.5212584041444567,-0.07022444391952726,0.3233129580156781,0.4230744924494038,0.338054324375539,1.3950383028046092,1.6122409919591896,1.0660863944163907,1.2320723972901648,1.3342055631386722,1.5419368029305234,0.9245
source_heterogeneity_les_rice_paddy_l250_cv2p0_s11_wind3_n2_point,point,2,2.0,250.0,11,0.42707238711906054,0.1515316801814494,0.2755407069376111,0.29867352467331443,0.44135162669021605,0.333326142693598,1.4298970341820127,0.5073488865382125,0.9676465686141492,0.3433354971812741,1.281244800266496,0.4546048472433836,0.74925
source_heterogeneity_les_rice_paddy_l250_cv2p0_s11_wind3_n3_op,open_path,3,2.0,250.0,11,0.4207273008206842,0.4677584564842153,-0.04703115566353111,0.3003305502936331,0.39172379697319293,0.31312875459830924,1.4008807975390425,1.5574787713966762,1.0740406992671832,1.1941027328401643,1.3436239714248075,1.4938214699709376,0.922
source_heterogeneity_les_rice_paddy_l250_cv2p0_s11_wind3_n3_point,point,3,2.0,250.0,11,0.493950464302719,1.0563630700748312,-0.5624126057721122,0.2782121341425866,0.392182873035741,0.30875235161272085,1.7754454377951907,3.7969697954778425,1.2594901467247488,2.6935471758313145,1.599827375314371,3.421392791203305,0.99
source_heterogeneity_les_rice_paddy_l250_cv2p0_s11_wind3_n4_op,open_path,4,2.0,250.0,11,0.4606627976982037,0.5035172874396572,-0.042854489741453505,0.2935622842008491,0.3820718326487198,0.3028785862809117,1.5692165597915428,1.7151974709910667,1.205696830631692,1.3178602671361943,1.5209487186094808,1.6624393742139913,0.93475
source_heterogeneity_les_rice_paddy_l250_cv2p0_s11_wind3_n4_point,point,4,2.0,250.0,11,0.3623666974954042,0.3541771213140606,0.008189576181343583,0.3211608798867218,0.4383482080914811,0.37449217164600773,1.128302729844358,1.102802811597054,0.8266640328544015,0.8079812230922718,0.9676215550853616,0.9457530707713961,0.86975
source_heterogeneity_les_rice_paddy_l250_cv2p0_s12_wind3_n1_op,open_path,1,2.0,250.0,12,0.26787890823007887,0.2846564422129557,-0.016777533982876847,0.3203854338909586,0.41956279437060073,0.3275490679312583,0.8361145042606711,0.8884812232438662,0.6384715513965732,0.678459687160721,0.8178283330859539,0.8690497701941123,0.842
source_heterogeneity_les_rice_paddy_l250_cv2p0_s12_wind3_n1_point,point,1,2.0,250.0,12,0.6135872623063217,1.086663078535612,-0.4730758162292903,0.5874290178499367,0.8400751004059863,0.6439936676437501,1.0445300515662765,1.8498627842950863,0.7303957253462113,1.2935308736212465,0.952784620617964,1.6873816205546006,0.94125
source_heterogeneity_les_rice_paddy_l250_cv2p0_s12_wind3_n2_op,open_path,2,2.0,250.0,12,0.28063868571924544,0.29531079015997913,-0.014672104440733691,0.3233129580156781,0.4230744924494038,0.338054324375539,0.86800939696836,0.9133898992865572,0.6633316135285738,0.6980113323548945,0.8301585440081178,0.873560161389692,0.844
source_heterogeneity_les_rice_paddy_l250_cv2p0_s12_wind3_n2_point,point,2,2.0,250.0,12,0.18561775756897653,-0.23584195643147673,0.42145971400045323,0.29867352467331443,0.44135162669021605,0.333326142693598,0.6214737572471583,-0.7896312761214369,0.42056661025804104,-0.5343629482009676,0.556865285359874,-0.7075411323145714,0.23625
source_heterogeneity_les_rice_paddy_l250_cv2p0_s12_wind3_n3_op,open_path,3,2.0,250.0,12,0.2508421025681168,0.23011535997643176,0.020726742591685027,0.3003305502936331,0.39172379697319293,0.31312875459830924,0.8352200677648962,0.7662069667952462,0.6403545163871748,0.587442891533545,0.8010829375599964,0.7348905413417892,0.8135
source_heterogeneity_les_rice_paddy_l250_cv2p0_s12_wind3_n3_point,point,3,2.0,250.0,12,0.33535545249957843,0.43819151583458005,-0.10283606333500162,0.2782121341425866,0.392182873035741,0.30875235161272085,1.2053947737869164,1.5750266147989158,0.8550996883257987,1.1173142581232662,1.0861632332447035,1.419232966310227,0.924
source_heterogeneity_les_rice_paddy_l250_cv2p0_s12_wind3_n4_op,open_path,4,2.0,250.0,12,0.2898664973345592,0.255459635068897,0.0344068622656622,0.2935622842008491,0.3820718326487198,0.3028785862809117,0.9874105528359994,0.8702059113769428,0.758670157192836,0.6686167710870454,0.9570385971945732,0.843439076382789,0.832
source_heterogeneity_les_rice_paddy_l250_cv2p0_s12_wind3_n4_point,point,4,2.0,250.0,12,0.19889607613963034,0.215189937295628,-0.016293861155997652,0.3211608798867218,0.4383482080914811,0.37449217164600773,0.6193035596669928,0.6700378245679507,0.4537399092050622,0.4909109546324846,0.5311087686170346,0.5746179856038174,0.80375
source_heterogeneity_les_rice_paddy_l250_cv2p0_s13_wind3_n1_op,open_path,1,2.0,250.0,13,0.16677619628662388,0.2076475240519463,-0.04087132776532243,0.3203854338909586,0.41956279437060073,0.3275490679312583,0.5205486225175432,0.648117867064512,0.3974999654981564,0.4949140553881687,0.5091640081284697,0.6339432603591613,0.79575
source_heterogeneity_les_rice_paddy_l250_cv2p0_s13_wind3_n1_point,point,1,2.0,250.0,13,0.296232527688956,-0.13882481306422537,0.43505734075318137,0.5874290178499367,0.8400751004059863,0.6439936676437501,0.50428650728424,-0.2363261072330772,0.35262624442242674,-0.16525286012778495,0.45999292007453163,-0.21556859956738217,0.533
source_heterogeneity_les_rice_paddy_l250_cv2p0_s13_wind3_n2_op,open_path,2,2.0,250.0,13,0.17486073059599044,0.21332950925926158,-0.03846877866327114,0.3233129580156781,0.4230744924494038,0.338054324375539,0.5408404651307266,0.6598235671362012,0.41330955592153157,0.5042362824196356,0.517256304645701,0.6310509698502698,0.79325
source_heterogeneity_les_rice_paddy_l250_cv2p0_s13_wind3_n2_point,point,2,2.0,250.0,13,0.19410389200584896,0.3707675558792255,-0.17666366387337654,0.29867352467331443,0.44135162669021605,0.333326142693598,0.649886501383601,1.2413807225959068,0.43979421456191925,0.8400729338185189,0.5823242378689579,1.112326662658574,0.88325
source_heterogeneity_les_rice_paddy_l250_cv2p0_s13_wind3_n3_op,open_path,3,2.0,250.0,13,0.1740090073235545,0.19953172412670975,-0.025522716803155238,0.3003305502936331,0.39172379697319293,0.31312875459830924,0.5793916308328472,0.6643737173312126,0.4442135215376322,0.5093684010735872,0.5557107252790577,0.6372194223512782,0.793
source_heterogeneity_les_rice_paddy_l250_cv2p0_s13_wind3_n3_point,point,3,2.0,250.0,13,0.24247885626122584,-0.046611115151501105,0.28908997141272696,0.2782121341425866,0.392182873035741,0.30875235161272085,0.8715610374382625,-0.1675380381777756,0.6182800752727615,-0.11885046073200976,0.7853506377997592,-0.1509660247380629,0.52275
source_heterogeneity_les_rice_paddy_l250_cv2p0_s13_wind3_n4_op,open_path,4,2.0,250.0,13,0.1941807270183286,0.1831062551769864,0.01107447184134222,0.2935622842008491,0.3820718326487198,0.3028785862809117,0.6614634694880431,0.623739032673928,0.5082309409520384,0.47924562747166943,0.6411173843707499,0.6045533209375201,0.78275
source_heterogeneity_les_rice_paddy_l250_cv2p0_s13_wind3_n4_point,point,4,2.0,250.0,13,0.10210889876915862,0.2542958104820029,-0.15218691171284426,0.3211608798867218,0.4383482080914811,0.37449217164600773,0.31793691312956274,0.7918019485178169,0.23294015324878206,0.5801228470607381,0.27265963483391054,0.6790417256635698,0.8235
source_heterogeneity_les_rice_paddy_l250_cv2p0_s14_wind3_n1_op,open_path,1,2.0,250.0,14,-0.0782506739236387,-0.15926800648239764,0.08101733255875894,0.3203854338909586,0.41956279437060073,0.3275490679312583,-0.24423917458828945,-0.49711375622839216,-0.18650527399843683,-0.3796046947425845,-0.23889756248691546,-0.4862416720899438,0.347
source_heterogeneity_les_rice_paddy_l250_cv2p0_s14_wind3_n1_point,point,1,2.0,250.0,14,-0.21105168106589936,-0.27811340160106374,0.06706172053516438,0.5874290178499367,0.8400751004059863,0.6439936676437501,-0.3592803124339597,-0.4734417149139029,-0.25122954003029446,-0.3310577845559984,-0.3277232241088599,-0.43185735446534373,0.3965
source_heterogeneity_les_rice_paddy_l250_cv2p0_s14_wind3_n2_op,open_path,2,2.0,250.0,14,-0.04935324357319919,-0.12376699710165268,0.07441375352845349,0.3233129580156781,0.4230744924494038,0.338054324375539,-0.1526485170161536,-0.38280865035929357,-0.11665379136299839,-0.2925418556554888,-0.14599204924937886,-0.3661157044219968,0.40875
source_heterogeneity_les_rice_paddy_l250_cv2p0_s14_wind3_n2_point,point,2,2.0,250.0,14,0.12090327560943712,-0.09705365486315079,0.2179569304725879,0.29867352467331443,0.44135162669021605,0.333326142693598,0.40480077951897375,-0.32494897219064506,0.27393866544939444,-0.21990097916025714,0.3627176513441807,-0.2911672456257504,0.46375
source_heterogeneity_les_rice_paddy_l250_cv2p0_s14_wind3_n3_op,open_path,3,2.0,250.0,14,-0.04274043577953284,-0.14670725651073907,0.10396682073120622,0.3003305502936331,0.39172379697319293,0.31312875459830924,-0.1423113157743877,-0.4884859577798643,-0.10910860180000176,-0.3745170899606561,-0.13649476501882277,-0.4685205505924853,0.34575
source_heterogeneity_les_rice_paddy_l250_cv2p0_s14_wind3_n3_point,point,3,2.0,250.0,14,0.011048108982400877,-0.2454428625387306,0.2564909715211315,0.2782121341425866,0.392182873035741,0.30875235161272085,0.03971109677315011,-0.8822148009293461,0.02817080944122214,-0.6258377900055888,0.035783076386925516,-0.79495058501319,0.16575
source_heterogeneity_les_rice_paddy_l250_cv2p0_s14_wind3_n4_op,open_path,4,2.0,250.0,14,-0.013507264978832655,-0.10712196060788706,0.0936146956290544,0.2935622842008491,0.3820718326487198,0.3028785862809117,-0.046011581547687065,-0.3649036895168607,-0.035352684559846505,-0.28037125863286533,-0.04459630224998816,-0.35367954507201227,0.4075
source_heterogeneity_les_rice_paddy_l250_cv2p0_s14_wind3_n4_point,point,4,2.0,250.0,14,-0.046803817262653036,-0.017123830254769733,-0.029679987007883303,0.3211608798867218,0.4383482080914811,0.37449217164600773,-0.14573324521704334,-0.05331854321986401,-0.1067731460941328,-0.03906444679978268,-0.12497942762577902,-0.04572546918539113,0.575
source_heterogeneity_les_rice_paddy_l250_cv2p0_s15_wind3_n1_op,open_path,1,2.0,250.0,15,0.2997100674434793,0.29095776208884344,0.008752305354635836,0.3203854338909586,0.41956279437060073,0.3275490679312583,0.9354672083671692,0.9081491582038318,0.7143390011335102,0.6934784637549148,0.915008152324764,0.888287559254804,0.8445
source_heterogeneity_les_rice_paddy_l250_cv2p0_s15_wind3_n1_point,point,1,2.0,250.0,15,0.3656943380184558,0.6291157390879873,-0.26342140106953155,0.5874290178499367,0.8400751004059863,0.6439936676437501,0.6225336626320276,1.0709646952590617,0.43531148327301367,0.7488803546063348,0.5678539345836452,0.9768973993017691,0.8785
source_heterogeneity_les_rice_paddy_l250_cv2p0_s15_wind3_n2_op,open_path,2,2.0,250.0,15,0.3492763071663792,0.36333257663910357,-0.01405626947272437,0.3233129580156781,0.4230744924494038,0.338054324375539,1.0803040784695122,1.1237798165252777,0.8255669235557843,0.8587910240950183,1.033195797189016,1.0747757104135824,0.87775
source_heterogeneity_les_rice_paddy_l250_cv2p0_s15_wind3_n2_point,point,2,2.0,250.0,15,0.4803166938302895,-0.16080249403885213,0.6411191878691417,0.29867352467331443,0.44135162669021605,0.333326142693598,1.608166289113353,-0.5383888451938819,1.0882857675914335,-0.3643410023086176,1.4409811662201637,-0.48241788879627706,0.356
source_heterogeneity_les_rice_paddy_l250_cv2p0_s15_wind3_n3_op,open_path,3,2.0,250.0,15,0.3126314585356361,0.2519971176678358,0.06063434086780034,0.3003305502936331,0.39172379697319293,0.31312875459830924,1.0409578986552532,0.8390658806486995,0.798091565922993,0.6433030610215413,0.9984118479846699,0.8047715643078039,0.83025
source_heterogeneity_les_rice_paddy_l250_cv2p0_s15_wind3_n3_point,point,3,2.0,250.0,15,0.4259683653192668,0.09419668662115012,0.3317716786981167,0.2782121341425866,0.392182873035741,0.30875235161272085,1.5310919727927956,0.3385786421985223,1.0861472914969614,0.24018562027456422,1.3796441163744533,0.3050881592613889,0.71725
source_heterogeneity_les_rice_paddy_l250_cv2p0_s15_wind3_n4_op,open_path,4,2.0,250.0,15,0.3803851437486721,0.3535460652796013,0.0268390784690708,0.2935622842008491,0.3820718326487198,0.3028785862809117,1.295756179252307,1.2043306797466957,0.9955854141658267,0.9253392557850625,1.2558997597666914,1.1672864352044252,0.88525
source_heterogeneity_les_rice_paddy_l250_cv2p0_s15_wind3_n4_point,point,4,2.0,250.0,15,0.341645599551333,0.6051336720399689,-0.2634880724886359,0.3211608798867218,0.4383482080914811,0.37449217164600773,1.0637833588942602,1.884207292785499,0.7793931701895613,1.380486245568684,0.9122903639071973,1.6158780285852739,0.9385
source_heterogeneity_les_rice_paddy_l250_cv2p0_s16_wind3_n1_op,open_path,1,2.0,250.0,16,0.5219967696007579,0.49430817289273943,0.027688596708018487,0.3203854338909586,0.41956279437060073,0.3275490679312583,1.6292774713922127,1.5428547012564076,1.2441445633515278,1.1781506356736577,1.593644496983602,1.509111828693948,0.9195
source_heterogeneity_les_rice_paddy_l250_cv2p0_s16_wind3_n1_point,point,1,2.0,250.0,16,0.7950856482798642,1.2184231598419815,-0.4233375115621173,0.5874290178499367,0.8400751004059863,0.6439936676437501,1.3535008045567387,2.074162363142294,0.9464459164372567,1.4503740906654052,1.2346171837200368,1.8919800318844116,0.95225
source_heterogeneity_les_rice_paddy_l250_cv2p0_s16_wind3_n2_op,open_path,2,2.0,250.0,16,0.5455428593288186,0.5416019161030663,0.003940943225752336,0.3233129580156781,0.4230744924494038,0.338054324375539,1.6873522876319857,1.6751630353052627,1.289472348404604,1.2801573381733415,1.6137727577854737,1.6021150361070655,0.9285
source_heterogeneity_les_rice_paddy_l250_cv2p0_s16_wind3_n2_point,point,2,2.0,250.0,16,0.5377386467423675,0.16094686777894907,0.3767917789634184,0.29867352467331443,0.44135162669021605,0.333326142693598,1.8004228775568227,0.5388722283134766,1.21839053993066,0.36466811958057516,1.6132507411417494,0.48285101936002534,0.7545
source_heterogeneity_les_rice_paddy_l250_cv2p0_s16_wind3_n3_op,open_path,3,2.0,250.0,16,0.5098097918923824,0.44391060173649666,0.06589919015588575,0.3003305502936331,0.39172379697319293,0.31312875459830924,1.6974956140623774,1.4780734137851956,1.3014521860342085,1.1332234731883677,1.6281155416288144,1.417661569618409,0.9155
source_heterogeneity_les_rice_paddy_l250_cv2p0_s16_wind3_n3_point,point,3,2.0,250.0,16,0.6184282971620595,0.3909034522226055,0.22752484493945402,0.2782121341425866,0.392182873035741,0.30875235161272085,2.2228660121815844,1.4050553669318513,1.5768875687381176,0.9967376933030451,2.0029913745815815,1.2660744126507244,0.911
source_heterogeneity_les_rice_paddy_l250_cv2p0_s16_wind3_n4_op,open_path,4,2.0,250.0,16,0.559447836799924,0.4930906297941917,0.06635720700573233,0.2935622842008491,0.3820718326487198,0.3028785862809117,1.905721091940958,1.6796797692745487,1.4642477905831004,1.2905704835026233,1.8471026415880432,1.628014168478928,0.9315
source_heterogeneity_les_rice_paddy_l250_cv2p0_s16_wind3_n4_point,point,4,2.0,250.0,16,0.4678060908782114,0.45737624515868563,0.010429845719525765,0.3211608798867218,0.4383482080914811,0.37449217164600773,1.4566098182419152,1.4241343631889694,1.0672020148433743,1.0434084974364342,1.249174552359961,1.2213239148588262,0.90825
source_heterogeneity_les_rice_paddy_l250_cv2p0_s17_wind3_n1_op,open_path,1,2.0,250.0,17,0.11182804200241098,0.12841999141447094,-0.016591949412059964,0.3203854338909586,0.41956279437060073,0.3275490679312583,0.3490422165711536,0.4008296814710309,0.26653469636212074,0.30608050365170675,0.341408518450982,0.3920633700030007,0.7375
source_heterogeneity_les_rice_paddy_l250_cv2p0_s17_wind3_n1_point,point,1,2.0,250.0,17,0.4663728600103657,0.25787338946365285,0.20849947054671286,0.5874290178499367,0.8400751004059863,0.6439936676437501,0.7939220669032463,0.43898646751823994,0.5551561518547329,0.3069646860608407,0.7241885804820644,0.4004284551541669,0.7765
source_heterogeneity_les_rice_paddy_l250_cv2p0_s17_wind3_n2_op,open_path,2,2.0,250.0,17,0.10202929034607644,0.09920480903243745,0.0028244813136389935,0.3233129580156781,0.4230744924494038,0.338054324375539,0.3155743926017615,0.3068383328688818,0.2411615263198083,0.2344854412235725,0.3018132974176475,0.29345818668549983,0.715
source_heterogeneity_les_rice_paddy_l250_cv2p0_s17_wind3_n2_point,point,2,2.0,250.0,17,0.03720462137927869,0.13012369542486393,-0.09291907404558525,0.29867352467331443,0.44135162669021605,0.333326142693598,0.12456618449851779,0.43567201199768774,0.08429700748648776,0.2948299894138547,0.1116162719150359,0.39037950750978745,0.7295
source_heterogeneity_les_rice_paddy_l250_cv2p0_s17_wind3_n3_op,open_path,3,2.0,250.0,17,0.09731579302930791,0.10044491740271144,-0.0031291243734035273,0.3003305502936331,0.39172379697319293,0.31312875459830924,0.32402895054852826,0.33444788518685986,0.2484296174530535,0.2564177059929429,0.3107852332314465,0.32077832497869807,0.7115
source_heterogeneity_les_rice_paddy_l250_cv2p0_s17_wind3_n3_point,point,3,2.0,250.0,17,0.19344369363765954,0.057594026473585115,0.13584966716407443,0.2782121341425866,0.392182873035741,0.30875235161272085,0.6953100526467966,0.20701478981526944,0.49324870344358546,0.1468550271656977,0.6265335069586867,0.18653793622219067,0.67675
source_heterogeneity_les_rice_paddy_l250_cv2p0_s17_wind3_n4_op,open_path,4,2.0,250.0,17,0.11066848418385217,0.07195203926142205,0.03871644492243012,0.2935622842008491,0.3820718326487198,0.3028785862809117,0.3769846814113734,0.24509973908022184,0.2896536062777539,0.18832071121970245,0.3653889353577811,0.23756066793935865,0.6845
source_heterogeneity_les_rice_paddy_l250_cv2p0_s17_wind3_n4_point,point,4,2.0,250.0,17,-0.007620557128938145,0.014157010884682103,-0.021777568013620248,0.3211608798867218,0.4383482080914811,0.37449217164600773,-0.023728161199539705,0.04408074510717336,-0.01738471148796797,0.03229626726734013,-0.020349042532567405,0.037803222487823196,0.61925
source_heterogeneity_les_rice_paddy_l250_cv2p0_s18_wind3_n1_op,open_path,1,2.0,250.0,18,-0.1119420051665998,-0.16364682754542198,0.05170482237882218,0.3203854338909586,0.41956279437060073,0.3275490679312583,-0.3493979230176196,-0.5107811099836651,-0.26680631998012955,-0.39004132335164204,-0.3417564454498546,-0.4996101151469801,0.341
source_heterogeneity_les_rice_paddy_l250_cv2p0_s18_wind3_n1_point,point,1,2.0,250.0,18,-0.2505002466312042,-0.3966506721144488,0.14615042548324464,0.5874290178499367,0.8400751004059863,0.6439936676437501,-0.4264349206786996,-0.6752316621440316,-0.2981879197587739,-0.47216096742155306,-0.38897936302345454,-0.6159232490060312,0.26325
source_heterogeneity_les_rice_paddy_l250_cv2p0_s18_wind3_n2_op,open_path,2,2.0,250.0,18,-0.08995041193858581,-0.15447577097872972,0.0645253590401439,0.3233129580156781,0.4230744924494038,0.338054324375539,-0.2782146824261338,-0.47779022507114877,-0.21261128605937674,-0.3651266472823429,-0.26608271349506946,-0.4569554649658175,0.35375
source_heterogeneity_les_rice_paddy_l250_cv2p0_s18_wind3_n2_point,point,2,2.0,250.0,18,0.07240873279537585,0.18758893155847398,-0.11518019876309812,0.29867352467331443,0.44135162669021605,0.333326142693598,0.24243438675917348,0.628073518614201,0.16406132529381026,0.4250328314528731,0.21723088447321645,0.5627789348971364,0.779
source_heterogeneity_les_rice_paddy_l250_cv2p0_s18_wind3_n3_op,open_path,3,2.0,250.0,18,-0.07352132626899885,-0.13301168018856416,0.05949035391956531,0.3003305502936331,0.39172379697319293,0.31312875459830924,-0.24480135702850433,-0.4428842821967951,-0.18768664767647542,-0.3395547608195645,-0.23479583139310908,-0.42478270754532094,0.372
source_heterogeneity_les_rice_paddy_l250_cv2p0_s18_wind3_n3_point,point,3,2.0,250.0,18,-0.006366791966977924,-0.05752657823340586,0.051159786266427934,0.2782121341425866,0.392182873035741,0.30875235161272085,-0.02288466671879551,-0.20677235524142484,-0.01623424275949372,-0.14668304556013403,-0.020621031495701835,-0.18631948204742263,0.50525
source_heterogeneity_les_rice_paddy_l250_cv2p0_s18_wind3_n4_op,open_path,4,2.0,250.0,18,-0.0497432860553809,-0.12248048363515243,0.07273719757977154,0.2935622842008491,0.3820718326487198,0.3028785862809117,-0.16944712836935003,-0.41722145598020305,-0.13019354426243537,-0.3205692573201597,-0.16423507077930347,-0.4043880590539838,0.384
source_heterogeneity_les_rice_paddy_l250_cv2p0_s18_wind3_n4_point,point,4,2.0,250.0,18,-0.08693690745050531,-0.11466974510359024,0.02773283765308493,0.3211608798867218,0.4383482080914811,0.37449217164600773,-0.27069581912083823,-0.35704767387620795,-0.1983284198400601,-0.2615951040449086,-0.2321461275636043,-0.3062006465971815,0.4195
source_heterogeneity_les_rice_paddy_l250_cv2p0_s19_wind3_n1_op,open_path,1,2.0,250.0,19,-0.01410786261197482,-0.047031441484520056,0.03292357887254524,0.3203854338909586,0.41956279437060073,0.3275490679312583,-0.04403403251090483,-0.14679644112824103,-0.03362515170855048,-0.11209631100649282,-0.04307098994687292,-0.14358594204392727,0.5265
source_heterogeneity_les_rice_paddy_l250_cv2p0_s19_wind3_n1_point,point,1,2.0,250.0,19,-0.00045766258734964696,-0.2778975054798511,0.27743984289250145,0.5874290178499367,0.8400751004059863,0.6439936676437501,-0.0007790942793816161,-0.47307418774950977,-0.0005447877066329792,-0.3308007883408882,-0.0007106631793821002,-0.43152210874467917,0.397
source_heterogeneity_les_rice_paddy_l250_cv2p0_s19_wind3_n2_op,open_path,2,2.0,250.0,19,-0.018499704606140966,-0.030710495235564038,0.012210790629423072,0.3233129580156781,0.4230744924494038,0.338054324375539,-0.0572191870059346,-0.09498689883649768,-0.043726825739449124,-0.07258886031574394,-0.05472405844922708,-0.0908448525020146,0.55
source_heterogeneity_les_rice_paddy_l250_cv2p0_s19_wind3_n2_point,point,2,2.0,250.0,19,0.0044114529421768215,-0.2381683639352763,0.2425798168774531,0.29867352467331443,0.44135162669021605,0.333326142693598,0.014770150608434465,-0.7974204081054123,0.009995324986698674,-0.5396340458091169,0.013234644323208524,-0.714520505384442,0.2325
source_heterogeneity_les_rice_paddy_l250_cv2p0_s19_wind3_n3_op,open_path,3,2.0,250.0,19,0.0009955250656646195,-0.041868701472464555,0.04286422653812917,0.3003305502936331,0.39172379697319293,0.31312875459830924,0.003314764564215312,-0.1394087329162136,0.00254139542544245,-0.10688322179040295,0.003179283445053484,-0.13371081658142495,0.5175
source_heterogeneity_les_rice_paddy_l250_cv2p0_s19_wind3_n3_point,point,3,2.0,250.0,19,0.07152274198534452,-0.09055620915179814,0.16207895113714266,0.2782121341425866,0.392182873035741,0.30875235161272085,0.2570798797319472,-0.32549338450273035,0.18237089608659784,-0.2309030184078065,0.2316508412381521,-0.2932972289240603,0.44625
source_heterogeneity_les_rice_paddy_l250_cv2p0_s19_wind3_n4_op,open_path,4,2.0,250.0,19,0.005257461078548512,-0.037937540356042396,0.04319500143459091,0.2935622842008491,0.3820718326487198,0.3028785862809117,0.017909184392881573,-0.12923165678219867,0.013760399561781536,-0.09929426122056609,0.017358312263358093,-0.12525659480217052,0.52075
source_heterogeneity_les_rice_paddy_l250_cv2p0_s19_wind3_n4_point,point,4,2.0,250.0,19,-0.0700455178170759,0.08145580534637453,-0.15150132316345044,0.3211608798867218,0.4383482080914811,0.37449217164600773,-0.2181010272539482,0.253629288147128,-0.15979423783217048,0.18582442871393035,-0.18704134056849414,0.21751003495841137,0.70125
source_heterogeneity_les_rice_paddy_l500_cv0p5_s0_wind3_n1_op,open_path,1,0.5,500.0,0,-0.028636466480668633,-0.015831037096831542,-0.01280542938383709,0.12606260525836654,0.1325736718206735,0.1282956656062449,-0.22716067482484528,-0.1255807546130407,-0.21600417403693778,-0.11941312991802384,-0.22320681174496929,-0.12339494886303434,0.483
source_heterogeneity_les_rice_paddy_l500_cv0p5_s0_wind3_n1_point,point,1,0.5,500.0,0,-0.004826787144869078,-0.019399867488261457,0.01457308034339238,0.20851111962119281,0.22180866892703538,0.21435038649475294,-0.023148823686899855,-0.09303996603876889,-0.021761039224561882,-0.08746216990573574,-0.02251821059808181,-0.09050540008583724,0.52
source_heterogeneity_les_rice_paddy_l500_cv0p5_s0_wind3_n2_op,open_path,2,0.5,500.0,0,-0.015262198328812947,-0.0017790973488371158,-0.013483100979975831,0.12745415753414632,0.13401224835636186,0.12970378935538135,-0.11974657103456231,-0.01395872353838655,-0.11388659257643458,-0.013275632419106847,-0.11766964099248751,-0.013716618131814835,0.52575
source_heterogeneity_les_rice_paddy_l500_cv0p5_s0_wind3_n2_point,point,2,0.5,500.0,0,0.02182449250408023,-0.07103611928974163,0.09286061179382185,0.105544134241927,0.1123547959129059,0.10822841065537547,0.20678072410973014,-0.6730465866242598,0.1942462030815127,-0.6322482161313944,0.20165215743188272,-0.6563537139609046,0.265
source_heterogeneity_les_rice_paddy_l500_cv0p5_s0_wind3_n3_op,open_path,3,0.5,500.0,0,-0.011222552226730806,-0.014251619560684419,0.003029067333953613,0.11922982431646792,0.12527803891156294,0.12103260009487347,-0.0941253775309032,-0.11953065973540983,-0.08958116142489347,-0.11375991901298049,-0.09272338376547985,-0.11775025529909333,0.4815
source_heterogeneity_les_rice_paddy_l500_cv0p5_s0_wind3_n3_point,point,3,0.5,500.0,0,0.04661660819137013,0.0038956095330486395,0.04272099865832149,0.10518054451504458,0.11109188399234972,0.10674036425533454,0.44320561760071786,0.03703735848687709,0.41962208683561764,0.03506655385659774,0.4367289592516112,0.03649612365693187,0.54625
source_heterogeneity_les_rice_paddy_l500_cv0p5_s0_wind3_n4_op,open_path,4,0.5,500.0,0,0.013391331658911758,-0.0005314604636439861,0.013922792122555743,0.11664221858543554,0.1225481275142135,0.11849856620924877,0.11480690114877375,-0.004556330204356612,0.10927406179550635,-0.004336748952629617,0.11300838556362693,-0.004484952693060567,0.53
source_heterogeneity_les_rice_paddy_l500_cv0p5_s0_wind3_n4_point,point,4,0.5,500.0,0,-0.04513197261556376,0.03999829342733165,-0.08513026604289542,0.12532816989172554,0.1319258470406783,0.12793703764779277,-0.3601103618967269,0.3191484680729582,-0.34210106380175576,0.3031876946372646,-0.35276705983931617,0.31264045316920563,0.64425
source_heterogeneity_les_rice_paddy_l500_cv0p5_s1_wind3_n1_op,open_path,1,0.5,500.0,1,0.1316709161818647,0.14405797576161022,-0.012387059579745535,0.12606260525836654,0.1325736718206735,0.1282956656062449,1.0444882993811198,1.1427494732983028,0.9931905360513064,1.0866258268570175,1.0263083757324964,1.122859257020746,0.8645
source_heterogeneity_les_rice_paddy_l500_cv0p5_s1_wind3_n1_point,point,1,0.5,500.0,1,0.25973235091549474,0.2465181829253682,0.013214167990126535,0.20851111962119281,0.22180866892703538,0.21435038649475294,1.2456522769018592,1.1822783522203695,1.1709747512209925,1.1114001274966447,1.21171860318457,1.1500710913409184,0.875
source_heterogeneity_les_rice_paddy_l500_cv0p5_s1_wind3_n2_op,open_path,2,0.5,500.0,1,0.1411137143259522,0.14237278215965882,-0.0012590678337066064,0.12745415753414632,0.13401224835636186,0.12970378935538135,1.1071723124304231,1.1170509060994391,1.0529911710062974,1.062386340844494,1.0879690950224152,1.0976763506081162,0.86375
source_heterogeneity_les_rice_paddy_l500_cv0p5_s1_wind3_n2_point,point,2,0.5,500.0,1,0.17525408329801492,0.0909370992475587,0.08431698405045622,0.105544134241927,0.1123547959129059,0.10822841065537547,1.6604815090557246,0.8616025883457793,1.5598273475915232,0.80937443309541,1.619298317666928,0.8402331577899971,0.79975
source_heterogeneity_les_rice_paddy_l500_cv0p5_s1_wind3_n3_op,open_path,3,0.5,500.0,1,0.13861893542379877,0.12855224456430503,0.010066690859493743,0.11922982431646792,0.12527803891156294,0.12103260009487347,1.1626196399976818,1.0781886604403015,1.1064903045110206,1.026135511708109,1.1453024665680152,1.0621290831027108,0.855
source_heterogeneity_les_rice_paddy_l500_cv0p5_s1_wind3_n3_point,point,3,0.5,500.0,1,0.21457907205650184,0.15227546164566735,0.06230361041083449,0.10518054451504458,0.11109188399234972,0.10674036425533454,2.0401023121325386,1.4477531215279698,1.9315458910686825,1.370716349145305,2.0102898613237388,1.4265967959544144,0.91
source_heterogeneity_les_rice_paddy_l500_cv0p5_s1_wind3_n4_op,open_path,4,0.5,500.0,1,0.1642493188911857,0.13411672703982475,0.030132591851360968,0.11664221858543554,0.1225481275142135,0.11849856620924877,1.4081463888727388,1.14981289507615,1.3402841987294796,1.0944004593156227,1.3860869725727205,1.1318004202936676,0.8675
source_heterogeneity_les_rice_paddy_l500_cv0p5_s1_wind3_n4_point,point,4,0.5,500.0,1,0.08739219635322827,0.1316973984368623,-0.04430520208363402,0.12532816989172554,0.1319258470406783,0.12793703764779277,0.6973068898135893,1.0508204065425937,0.6624342258441711,0.9982683559822392,0.683087540246294,1.0293922765307548,0.8495
source_heterogeneity_les_rice_paddy_l500_cv0p5_s2_wind3_n1_op,open_path,1,0.5,500.0,2,0.12228017083569191,0.10958558045597647,0.012694590379715445,0.12606260525836654,0.1325736718206735,0.1282956656062449,0.9699955873914988,0.8692949049512323,0.9223563710379452,0.8266013828462713,0.9531122525291286,0.8541643237762064,0.81025
source_heterogeneity_les_rice_paddy_l500_cv0p5_s2_wind3_n1_point,point,1,0.5,500.0,2,0.19673935390418018,0.16040924929655526,0.036330104607624925,0.20851111962119281,0.22180866892703538,0.21435038649475294,0.9435437029046764,0.7693078891330813,0.886977749137921,0.7231874663533658,0.9178399774380446,0.7483506417679443,0.8025
source_heterogeneity_les_rice_paddy_l500_cv0p5_s2_wind3_n2_op,open_path,2,0.5,500.0,2,0.13221609366572198,0.11708044194018101,0.015135651725540974,0.12745415753414632,0.13401224835636186,0.12970378935538135,1.037361952122275,0.9186082604548534,0.9865970856196399,0.8736547843660064,1.0193695521374249,0.9026755696349545,0.822
source_heterogeneity_les_rice_paddy_l500_cv0p5_s2_wind3_n2_point,point,2,0.5,500.0,2,0.19892932117885054,-0.01146148290400225,0.2103908040828528,0.105544134241927,0.1123547959129059,0.10822841065537547,1.8847975077692818,-0.10859421971978449,1.7705458815754926,-0.10201151460314031,1.8380508405716862,-0.1059008705255618,0.4825
source_heterogeneity_les_rice_paddy_l500_cv0p5_s2_wind3_n3_op,open_path,3,0.5,500.0,2,0.13303667941276104,0.10413290752319251,0.028903771889568525,0.11922982431646792,0.12527803891156294,0.12103260009487347,1.1158003475677867,0.8733796943858263,1.0619313693653452,0.8312143806521641,1.0991805456420665,0.8603707384751393,0.81025
source_heterogeneity_les_rice_paddy_l500_cv0p5_s2_wind3_n3_point,point,3,0.5,500.0,2,0.19199095732630506,0.09044255529088596,0.1015484020354191,0.10518054451504458,0.11109188399234972,0.10674036425533454,1.8253466761511534,0.8598791317147958,1.728217673754875,0.8141238769261869,1.798672495318096,0.8473135343115146,0.80575
source_heterogeneity_les_rice_paddy_l500_cv0p5_s2_wind3_n4_op,open_path,4,0.5,500.0,2,0.1564977909849735,0.11066499373731735,0.04583279724765614,0.11664221858543554,0.1225481275142135,0.11849856620924877,1.34169079500443,0.94875590570373,1.277031270566108,0.9030329225102366,1.3206724434844588,0.9338931033300552,0.82825
source_heterogeneity_les_rice_paddy_l500_cv0p5_s2_wind3_n4_point,point,4,0.5,500.0,2,0.08418440001914841,0.15289901368353015,-0.06871461366438174,0.12532816989172554,0.1319258470406783,0.12793703764779277,0.6717117156651823,1.2199891996797194,0.6381190790701599,1.158976933734486,0.6580142980245158,1.1951114117903607,0.87775
source_heterogeneity_les_rice_paddy_l500_cv0p5_s3_wind3_n1_op,open_path,1,0.5,500.0,3,0.011291591513189073,-0.031085356189761854,0.042376947702950925,0.12606260525836654,0.1325736718206735,0.1282956656062449,0.08957130062516831,-0.24658665530552942,0.08517220167562913,-0.2344760898816292,0.08801226027264514,-0.24229467178701591,0.4355
source_heterogeneity_les_rice_paddy_l500_cv0p5_s3_wind3_n1_point,point,1,0.5,500.0,3,0.10398121062178746,-0.12323828132004058,0.22721949194182806,0.20851111962119281,0.22180866892703538,0.21435038649475294,0.4986842467235927,-0.5910393725952388,0.468787857232002,-0.5556062435079134,0.48509924484942696,-0.5749384609719718,0.3105
source_heterogeneity_les_rice_paddy_l500_cv0p5_s3_wind3_n2_op,open_path,2,0.5,500.0,3,0.0061886740826522174,-0.020936487940265484,0.0271251620229177,0.12745415753414632,0.13401224835636186,0.12970378935538135,0.04855607853352454,-0.16426681047777023,0.04617991384037866,-0.15622816717910534,0.04771390345193066,-0.16141770448125184,0.4685
source_heterogeneity_les_rice_paddy_l500_cv0p5_s3_wind3_n2_point,point,2,0.5,500.0,3,0.05732026217299329,-0.06131752082022534,0.11863778299321863,0.105544134241927,0.1123547959129059,0.10822841065537547,0.5430928263772998,-0.5809656904255243,0.5101719219660749,-0.5457490294206654,0.5296230613190319,-0.5665566042124986,0.296
source_heterogeneity_les_rice_paddy_l500_cv0p5_s3_wind3_n3_op,open_path,3,0.5,500.0,3,0.019424898252975675,-0.009156385688703236,0.02858128394167891,0.11922982431646792,0.12527803891156294,0.12103260009487347,0.16291979263021295,-0.07679610148883331,0.155054297000037,-0.07308851390279959,0.16049310878018927,-0.07565222660279831,0.5005
source_heterogeneity_les_rice_paddy_l500_cv0p5_s3_wind3_n3_point,point,3,0.5,500.0,3,0.07619440361285391,-0.08624171539406437,0.1624361190069183,0.10518054451504458,0.11109188399234972,0.10674036425533454,0.7244153751453092,-0.8199398072304972,0.685868317960122,-0.7763097743486227,0.7138293385488983,-0.8079578517060785,0.204
source_heterogeneity_les_rice_paddy_l500_cv0p5_s3_wind3_n4_op,open_path,4,0.5,500.0,3,0.025895842515925315,-0.02626666676261645,0.05216250927854177,0.11664221858543554,0.1225481275142135,0.11849856620924877,0.22201088790983253,-0.22519004766166392,0.21131161316946143,-0.2143375610498003,0.21853296072964767,-0.22166231713077342,0.4375
source_heterogeneity_les_rice_paddy_l500_cv0p5_s3_wind3_n4_point,point,4,0.5,500.0,3,-0.05431955740313733,0.03352503810109963,-0.08784459550423696,0.12532816989172554,0.1319258470406783,0.12793703764779277,-0.4334185797978658,0.2674980264218558,-0.4117431013074209,0.2541203172321679,-0.42458039049393664,0.2620432575075965,0.62425
source_heterogeneity_les_rice_paddy_l500_cv0p5_s4_wind3_n1_op,open_path,1,0.5,500.0,4,-0.09288500071007035,-0.10551240778129414,0.012627407071223798,0.12606260525836654,0.1325736718206735,0.1282956656062449,-0.736816445445512,-0.8369841918231455,-0.7006293137578006,-0.7958775398784765,-0.7239917285681793,-0.8224159973192285,0.20525
source_heterogeneity_les_rice_paddy_l500_cv0p5_s4_wind3_n1_point,point,1,0.5,500.0,4,-0.10440733025448398,-0.19133379465501593,0.08692646440053195,0.20851111962119281,0.22180866892703538,0.21435038649475294,-0.5007278769792388,-0.9176191418597562,-0.47070897075185586,-0.8626073795066853,-0.48708720316228477,-0.8926216452597793,0.17575
source_heterogeneity_les_rice_paddy_l500_cv0p5_s4_wind3_n2_op,open_path,2,0.5,500.0,4,-0.08102327491846073,-0.10475892115272692,0.02373564623426619,0.12745415753414632,0.13401224835636186,0.12970378935538135,-0.6357052330501948,-0.82193412266415,-0.6045960418707831,-0.7817115408298706,-0.624679319865215,-0.8076781848346246,0.20825
source_heterogeneity_les_rice_paddy_l500_cv0p5_s4_wind3_n2_point,point,2,0.5,500.0,4,-0.011735491607435967,0.021795473930331048,-0.033530965537767014,0.105544134241927,0.1123547959129059,0.10822841065537547,-0.11119037255576907,0.20650578155647875,-0.10445029526405772,0.19398792684583088,-0.10843263368991449,0.2013840339920811,0.6055
source_heterogeneity_les_rice_paddy_l500_cv0p5_s4_wind3_n3_op,open_path,3,0.5,500.0,4,-0.06880503407295335,-0.09520983016597508,0.026404796093021723,0.11922982431646792,0.12527803891156294,0.12103260009487347,-0.5770790527236402,-0.7985403879591625,-0.5492186393620404,-0.7599881910123625,-0.5684834831195839,-0.7866461605496636,0.214
source_heterogeneity_les_rice_paddy_l500_cv0p5_s4_wind3_n3_point,point,3,0.5,500.0,4,-0.003518416787408091,-0.04974833280201429,0.046229916014606194,0.10518054451504458,0.11109188399234972,0.10674036425533454,-0.033451212899024606,-0.47298036943418276,-0.031671231605455395,-0.44781248651287775,-0.032962383180477596,-0.4660686062772924,0.3365
source_heterogeneity_les_rice_paddy_l500_cv0p5_s4_wind3_n4_op,open_path,4,0.5,500.0,4,-0.048554108363716875,-0.09216616963020383,0.04361206126648695,0.11664221858543554,0.1225481275142135,0.11849856620924877,-0.4162653021568946,-0.7901613219290403,-0.39620440841158855,-0.7520814189471325,-0.40974426878700276,-0.7777829941625934,0.2175
source_heterogeneity_les_rice_paddy_l500_cv0p5_s4_wind3_n4_point,point,4,0.5,500.0,4,-0.10565995667987847,-0.1056428134816753,-1.7143198203173338e-05,0.12532816989172554,0.1319258470406783,0.12793703764779277,-0.8430663016236575,-0.8429295151516457,-0.8009041370588967,-0.8007741913463035,-0.8258746538336889,-0.8257406566854169,0.196
source_heterogeneity_les_rice_paddy_l500_cv0p5_s5_wind3_n1_op,open_path,1,0.5,500.0,5,-0.057136200298759765,-0.09506922033782927,0.03793302003906951,0.12606260525836654,0.1325736718206735,0.1282956656062449,-0.45323670871039484,-0.7541429129041398,-0.4309769769071898,-0.7171048295805307,-0.44534786135423904,-0.7410166188280153,0.2305
source_heterogeneity_les_rice_paddy_l500_cv0p5_s5_wind3_n1_point,point,1,0.5,500.0,5,-0.05354768204566057,0.001934483406744918,-0.05548216545240549,0.20851111962119281,0.22180866892703538,0.21435038649475294,-0.2568097190353298,0.0092776030854342,-0.24141383790222934,0.008721405777793437,-0.24981378816861316,0.009024865494199947,0.5605
source_heterogeneity_les_rice_paddy_l500_cv0p5_s5_wind3_n2_op,open_path,2,0.5,500.0,5,-0.03579235174480775,-0.09179345993468084,0.05600110818987309,0.12745415753414632,0.13401224835636186,0.12970378935538135,-0.2808252977955513,-0.7202076551334812,-0.2670826897078069,-0.6849632109043203,-0.27595455709268946,-0.7077160998216616,0.2435
source_heterogeneity_les_rice_paddy_l500_cv0p5_s5_wind3_n2_point,point,2,0.5,500.0,5,0.04084409502857737,-0.1687544601050759,0.20959855513365325,0.105544134241927,0.1123547959129059,0.10822841065537547,0.3869859307856467,-1.5988994681434303,0.3635278289343207,-1.5019782532103867,0.3773879222770304,-1.5592436319002179,0.0385
source_heterogeneity_les_rice_paddy_l500_cv0p5_s5_wind3_n3_op,open_path,3,0.5,500.0,5,-0.03560400501443584,-0.10778171948684123,0.0721777144724054,0.11922982431646792,0.12527803891156294,0.12103260009487347,-0.2986166021677032,-0.9039828759686809,-0.2841998910884105,-0.8603400917133384,-0.2941687197211911,-0.8905180868820027,0.181
source_heterogeneity_les_rice_paddy_l500_cv0p5_s5_wind3_n3_point,point,3,0.5,500.0,5,0.022484573120878655,-0.08695547873766384,0.1094400518585425,0.10518054451504458,0.11109188399234972,0.10674036425533454,0.21377121809502095,-0.8267258848923918,0.20239618154668296,-0.7827347562460276,0.21064733362810265,-0.8146447629657408,0.20275
source_heterogeneity_les_rice_paddy_l500_cv0p5_s5_wind3_n4_op,open_path,4,0.5,500.0,5,-0.008401758622456066,-0.09565963495526905,0.08725787633281298,0.11664221858543554,0.1225481275142135,0.11849856620924877,-0.07203016818736288,-0.8201115866567847,-0.06855884943229022,-0.7805883035150755,-0.07090177452122043,-0.8072640709116263,0.20825
source_heterogeneity_les_rice_paddy_l500_cv0p5_s5_wind3_n4_point,point,4,0.5,500.0,5,-0.059760594948215576,-0.07824084166336076,0.018480246715145185,0.12532816989172554,0.1319258470406783,0.12793703764779277,-0.476832901971236,-0.6242877537504551,-0.4529862516614266,-0.5930668130501812,-0.4671094160608509,-0.6115573965277803,0.2765
source_heterogeneity_les_rice_paddy_l500_cv0p5_s6_wind3_n1_op,open_path,1,0.5,500.0,6,0.03773177031819216,0.05247971027290967,-0.014747939954717515,0.12606260525836654,0.1325736718206735,0.1282956656062449,0.29930977739878156,0.416298791900675,0.2846098308963656,0.3958531852681627,0.2941001174115701,0.40905287037503146,0.68
source_heterogeneity_les_rice_paddy_l500_cv0p5_s6_wind3_n1_point,point,1,0.5,500.0,6,0.05553490804633531,0.03681270780158871,0.0187222002447466,0.20851111962119281,0.22180866892703538,0.21435038649475294,0.26634027071183025,0.17655033395085715,0.25037302786665966,0.16596604623103509,0.2590847115066655,0.17174080440713294,0.622
source_heterogeneity_les_rice_paddy_l500_cv0p5_s6_wind3_n2_op,open_path,2,0.5,500.0,6,0.060188543204913625,0.06666509896733357,-0.006476555762419942,0.12745415753414632,0.13401224835636186,0.12970378935538135,0.4722367976798911,0.5230515838565194,0.44912718011313285,0.49745526834278225,0.46404614317011417,0.5139795783812824,0.71425
source_heterogeneity_les_rice_paddy_l500_cv0p5_s6_wind3_n2_point,point,2,0.5,500.0,6,0.11307840477959526,0.017371044784429666,0.0957073599951656,0.105544134241927,0.1123547959129059,0.10822841065537547,1.0713850238270777,0.16458560117241536,1.006440391447556,0.1546088410671422,1.0448125782763575,0.16050355612948183,0.58875
source_heterogeneity_les_rice_paddy_l500_cv0p5_s6_wind3_n3_op,open_path,3,0.5,500.0,6,0.057788758120001456,0.04306784429154102,0.014720913828460434,0.11922982431646792,0.12527803891156294,0.12103260009487347,0.4846837479741193,0.3612170406057751,0.46128402569261207,0.3437780848560676,0.4774644027700202,0.35583672711138614,0.65625
source_heterogeneity_les_rice_paddy_l500_cv0p5_s6_wind3_n3_point,point,3,0.5,500.0,6,0.11963500955635895,-0.012377194517937005,0.13201220407429595,0.10518054451504458,0.11109188399234972,0.10674036425533454,1.1374252729719123,-0.11767570300196177,1.0769014374137138,-0.11141403019854586,1.1208038345286047,-0.11595608282101617,0.488
source_heterogeneity_les_rice_paddy_l500_cv0p5_s6_wind3_n4_op,open_path,4,0.5,500.0,6,0.09008764594728383,0.058635275043181716,0.03145237090410211,0.11664221858543554,0.1225481275142135,0.11849856620924877,0.7723416704501244,0.502693413707952,0.7351205422280744,0.4784673273476253,0.7602424976873056,0.49481843467744213,0.703
source_heterogeneity_les_rice_paddy_l500_cv0p5_s6_wind3_n4_point,point,4,0.5,500.0,6,0.03319999512422005,0.09260931197094201,-0.05940931684672196,0.12532816989172554,0.1319258470406783,0.12793703764779277,0.26490449156723855,0.7389345272571182,0.2516564863440527,0.7019800444592684,0.25950260952280874,0.7238663148188014,0.77925
source_heterogeneity_les_rice_paddy_l500_cv0p5_s7_wind3_n1_op,open_path,1,0.5,500.0,7,0.2370966739223206,0.23967673064729794,-0.002580056724977353,0.12606260525836654,0.1325736718206735,0.1282956656062449,1.880785133992659,1.9012516055501005,1.788414476767534,1.807875782240519,1.848048979690392,1.8681592204595219,0.9545
source_heterogeneity_les_rice_paddy_l500_cv0p5_s7_wind3_n1_point,point,1,0.5,500.0,7,0.3751460728593826,0.3082809660424263,0.06686510681695634,0.20851111962119281,0.22180866892703538,0.21435038649475294,1.7991657880928342,1.4784869344257887,1.6913048289505224,1.3898508454772622,1.7501534706519681,1.438210451045642,0.91475
source_heterogeneity_les_rice_paddy_l500_cv0p5_s7_wind3_n2_op,open_path,2,0.5,500.0,7,0.24358785301977479,0.24759331633303072,-0.004005463313255936,0.12745415753414632,0.13401224835636186,0.12970378935538135,1.9111801272901985,1.9426068252555657,1.8176536548512519,1.8475424401106761,1.8780318927487714,1.9089135141197646,0.95625
source_heterogeneity_les_rice_paddy_l500_cv0p5_s7_wind3_n2_point,point,2,0.5,500.0,7,0.2855971823703848,0.1561447475382015,0.12945243483218327,0.105544134241927,0.1123547959129059,0.10822841065537547,2.70595030620785,1.479426106052359,2.541922488041999,1.3897470621480215,2.6388374424142,1.442733443027292,0.913
source_heterogeneity_les_rice_paddy_l500_cv0p5_s7_wind3_n3_op,open_path,3,0.5,500.0,7,0.24180554378864652,0.2285869163589601,0.013218627429686408,0.11922982431646792,0.12527803891156294,0.12103260009487347,2.02806256886557,1.9171957827617792,1.9301510934358048,1.8246367706979003,1.9978546573328435,1.888639227611225,0.95475
source_heterogeneity_les_rice_paddy_l500_cv0p5_s7_wind3_n3_point,point,3,0.5,500.0,7,0.31575454996441465,0.15161027841711483,0.16414427154729982,0.10518054451504458,0.11109188399234972,0.10674036425533454,3.0020242947045257,1.4414289174499295,2.8422827898585186,1.3647286639549239,2.958155072518729,1.4203650088212796,0.9095
source_heterogeneity_les_rice_paddy_l500_cv0p5_s7_wind3_n4_op,open_path,4,0.5,500.0,7,0.26324149125438057,0.22393432742188657,0.039307163832493996,0.11664221858543554,0.1225481275142135,0.11849856620924877,2.256828568993372,1.9198394040993318,2.148066205449357,1.8273174136905028,2.2214740623067106,1.8897640248782064,0.95575
source_heterogeneity_les_rice_paddy_l500_cv0p5_s7_wind3_n4_point,point,4,0.5,500.0,7,0.1744384621212524,0.2577223025252824,-0.08328384040402997,0.12532816989172554,0.1319258470406783,0.12793703764779277,1.3918535814570228,2.056379685013639,1.3222462923998939,1.953539115392723,1.363471167758916,2.0144463813112896,0.95975
source_heterogeneity_les_rice_paddy_l500_cv0p5_s8_wind3_n1_op,open_path,1,0.5,500.0,8,-0.15722322832595675,-0.21189505346375948,0.05467182513780272,0.12606260525836654,0.1325736718206735,0.1282956656062449,-1.2471837148195233,-1.680871603672465,-1.1859310085235144,-1.5983192631971488,-1.2254757600969475,-1.651615060122852,0.02325
source_heterogeneity_les_rice_paddy_l500_cv0p5_s8_wind3_n1_point,point,1,0.5,500.0,8,-0.25491813915857603,-0.3638590635963708,0.1089409244377948,0.20851111962119281,0.22180866892703538,0.21435038649475294,-1.2225637636097872,-1.745034338012296,-1.1492704067505681,-1.6404185884910718,-1.1892590600242101,-1.6974966527773334,0.0125
source_heterogeneity_les_rice_paddy_l500_cv0p5_s8_wind3_n2_op,open_path,2,0.5,500.0,8,-0.14483558832889162,-0.20873586565691016,0.06390027732801853,0.12745415753414632,0.13401224835636186,0.12970378935538135,-1.1363739805042345,-1.6377328891840002,-1.080763811556602,-1.5575879683911071,-1.1166642782659955,-1.609327427473882,0.0245
source_heterogeneity_les_rice_paddy_l500_cv0p5_s8_wind3_n2_point,point,2,0.5,500.0,8,-0.03382061338371809,-0.0685326797971909,0.034712066413472804,0.105544134241927,0.1123547959129059,0.10822841065537547,-0.32044048327872854,-0.6493272249512333,-0.30101619702940696,-0.6099666617730799,-0.31249293211383117,-0.6332226388819009,0.2725
source_heterogeneity_les_rice_paddy_l500_cv0p5_s8_wind3_n3_op,open_path,3,0.5,500.0,8,-0.1252982372343466,-0.19053824441974299,0.06524000718539638,0.11922982431646792,0.12527803891156294,0.12103260009487347,-1.0508967697693783,-1.5980753600206892,-1.0001612279610947,-1.520922949266862,-1.0352437040609674,-1.574272090910931,0.0295
source_heterogeneity_les_rice_paddy_l500_cv0p5_s8_wind3_n3_point,point,3,0.5,500.0,8,-0.06890582847671853,-0.17135862161219637,0.10245279313547784,0.10518054451504458,0.11109188399234972,0.10674036425533454,-0.6551195260912775,-1.6291855342856298,-0.6202597885680262,-1.5424945140366588,-0.6455461245371836,-1.6053778981144184,0.02825
source_heterogeneity_les_rice_paddy_l500_cv0p5_s8_wind3_n4_op,open_path,4,0.5,500.0,8,-0.10866660251567072,-0.18671704947677176,0.07805044696110104,0.11664221858543554,0.1225481275142135,0.11849856620924877,-0.9316232478558094,-1.6007673014210488,-0.8867259314351191,-1.5236222149140202,-0.9170288383387151,-1.5756903686670816,0.03
source_heterogeneity_les_rice_paddy_l500_cv0p5_s8_wind3_n4_point,point,4,0.5,500.0,8,-0.15380674945975548,-0.19528764544750615,0.04148089598775068,0.12532816989172554,0.1319258470406783,0.12793703764779277,-1.2272320707517979,-1.5582103019314855,-1.1658575852261184,-1.4802834306403259,-1.2022065876121137,-1.5264355736071349,0.03225
source_heterogeneity_les_rice_paddy_l500_cv0p5_s9_wind3_n1_op,open_path,1,0.5,500.0,9,-0.1562893110489819,-0.17265554304142816,0.016366231992446273,0.12606260525836654,0.1325736718206735,0.1282956656062449,-1.2397753539097929,-1.3696015776254102,-1.178886493091837,-1.3023365851627886,-1.2181963459985696,-1.3457628691161645,0.05875
source_heterogeneity_les_rice_paddy_l500_cv0p5_s9_wind3_n1_point,point,1,0.5,500.0,9,-0.21175939239637973,-0.23180441502319052,0.020045022626810793,0.20851111962119281,0.22180866892703538,0.21435038649475294,-1.0155784151036555,-1.1117124853787903,-0.9546939414980151,-1.0450647224227438,-0.987912342306709,-1.0814275579991308,0.1135
source_heterogeneity_les_rice_paddy_l500_cv0p5_s9_wind3_n2_op,open_path,2,0.5,500.0,9,-0.13823966874248644,-0.16022391170933548,0.021984242966849032,0.12745415753414632,0.13401224835636186,0.12970378935538135,-1.0846226707469355,-1.2571101234293576,-1.0315450299354962,-1.195591549835596,-1.0658105628950998,-1.2353063276380511,0.0785
source_heterogeneity_les_rice_paddy_l500_cv0p5_s9_wind3_n2_point,point,2,0.5,500.0,9,-0.08137454943893473,-0.10505705773894153,0.023682508300006802,0.105544134241927,0.1123547959129059,0.10822841065537547,-0.7710002078600499,-0.9953850916824141,-0.7242641382394914,-0.9350473816923547,-0.7518778936711017,-0.9706975931991437,0.15775
source_heterogeneity_les_rice_paddy_l500_cv0p5_s9_wind3_n3_op,open_path,3,0.5,500.0,9,-0.12829869908435676,-0.15942366919322104,0.03112497010886428,0.11922982431646792,0.12527803891156294,0.12103260009487347,-1.0760621331104003,-1.3371123383530943,-1.0241116495679357,-1.272558786666212,-1.060034230313053,-1.3171961031015946,0.0665
source_heterogeneity_les_rice_paddy_l500_cv0p5_s9_wind3_n3_point,point,3,0.5,500.0,9,-0.07594864745261547,-0.12553974983687483,0.04959110238425936,0.10518054451504458,0.11109188399234972,0.10674036425533454,-0.7220788578609431,-1.193564365118096,-0.6836561297119206,-1.1300532975525022,-0.711526965290638,-1.1761225541311637,0.09875
source_heterogeneity_les_rice_paddy_l500_cv0p5_s9_wind3_n4_op,open_path,4,0.5,500.0,9,-0.10453000831627106,-0.15069552727823282,0.04616551896196176,0.11664221858543554,0.1225481275142135,0.11849856620924877,-0.8961592944985628,-1.2919466819627976,-0.8529710770500949,-1.2296844540587102,-0.882120448037223,-1.271707600344544,0.0735
source_heterogeneity_les_rice_paddy_l500_cv0p5_s9_wind3_n4_point,point,4,0.5,500.0,9,-0.14907685270067156,-0.15000190912249214,0.0009250564218205859,0.12532816989172554,0.1319258470406783,0.12793703764779277,-1.189491977976405,-1.196873051382486,-1.1300048932390396,-1.1370168354972943,-1.1652360836357345,-1.1724666435957614,0.0925
source_heterogeneity_les_rice_paddy_l500_cv0p5_s10_wind3_n1_op,open_path,1,0.5,500.0,10,0.053229452086661126,0.050207031198110846,0.00302242088855028,0.12606260525836654,0.1325736718206735,0.1282956656062449,0.4222461686998047,0.3982706139954116,0.4015084696353755,0.37871042197596866,0.4148967296372181,0.39133848334520027,0.67375
source_heterogeneity_les_rice_paddy_l500_cv0p5_s10_wind3_n1_point,point,1,0.5,500.0,10,0.11832570888916702,0.13026616399496216,-0.01194045510579514,0.20851111962119281,0.22180866892703538,0.21435038649475294,0.5674791306292547,0.6247444463950884,0.5334584507519434,0.5872906799590127,0.5520200398242039,0.6077253515852696,0.7665
source_heterogeneity_les_rice_paddy_l500_cv0p5_s10_wind3_n2_op,open_path,2,0.5,500.0,10,0.06839532567970855,0.06793754567614552,0.0004577800035630297,0.12745415753414632,0.13401224835636186,0.12970378935538135,0.5366268704211137,0.5330351476211698,0.5103662278527966,0.506950271407191,0.5273194100159176,0.5237899834213812,0.7175
source_heterogeneity_les_rice_paddy_l500_cv0p5_s10_wind3_n2_point,point,2,0.5,500.0,10,0.11309417027366178,-0.023984120559987773,0.13707829083364956,0.105544134241927,0.1123547959129059,0.10822841065537547,1.0715343973017835,-0.22724257233482684,1.0065807102825324,-0.21346770616342492,1.0449582469965306,-0.2216065117722075,0.4335
source_heterogeneity_les_rice_paddy_l500_cv0p5_s10_wind3_n3_op,open_path,3,0.5,500.0,10,0.06632356569706148,0.045486456282120925,0.020837109414940554,0.11922982431646792,0.12527803891156294,0.12103260009487347,0.5562665723722025,0.3815023341927241,0.5294109508202074,0.36308403833038133,0.5479810038375827,0.37581987205484796,0.66175
source_heterogeneity_les_rice_paddy_l500_cv0p5_s10_wind3_n3_point,point,3,0.5,500.0,10,0.13866437273029011,0.024107688737006625,0.11455668399328349,0.10518054451504458,0.11109188399234972,0.10674036425533454,1.31834621478363,0.2292029276722214,1.2481953473742435,0.2170067503641111,1.2990809399768384,0.22585353633737296,0.6225
source_heterogeneity_les_rice_paddy_l500_cv0p5_s10_wind3_n4_op,open_path,4,0.5,500.0,10,0.09503618421463834,0.06169696563277287,0.033339218581865476,0.11664221858543554,0.1225481275142135,0.11849856620924877,0.8147666030977311,0.5289419764215341,0.7755009084379177,0.5034509044262392,0.8020028195684684,0.5206557986855831,0.7135
source_heterogeneity_les_rice_paddy_l500_cv0p5_s10_wind3_n4_point,point,4,0.5,500.0,10,0.032626854034252376,0.09528073753543119,-0.06265388350117881,0.12532816989172554,0.1319258470406783,0.12793703764779277,0.26033136893676506,0.7602499710779056,0.24731206784817641,0.7222294923454394,0.2550227411398506,0.7447470981603975,0.785
source_heterogeneity_les_rice_paddy_l500_cv0p5_s11_wind3_n1_op,open_path,1,0.5,500.0,11,0.028548398064371438,-0.003979202377621043,0.03252760044199248,0.12606260525836654,0.1325736718206735,0.1282956656062449,0.22646206625558163,-0.031565287497157694,0.21533987610290814,-0.030015027289909665,0.22252036286237423,-0.03101587539078446,0.521
source_heterogeneity_les_rice_paddy_l500_cv0p5_s11_wind3_n1_point,point,1,0.5,500.0,11,0.07522441945910473,-0.0757687639272377,0.15099318338634243,0.20851111962119281,0.22180866892703538,0.21435038649475294,0.36076934216154394,-0.36337996776809145,0.33914102556492065,-0.34159514275865416,0.35094137542386067,-0.35348088317579235,0.4025
source_heterogeneity_les_rice_paddy_l500_cv0p5_s11_wind3_n2_op,open_path,2,0.5,500.0,11,0.031326983037028355,-0.02173571704924708,0.053062700086275436,0.12745415753414632,0.13401224835636186,0.12970378935538135,0.2457902013014799,-0.17053752870653788,0.2337620883258705,-0.16219201838512576,0.24152712262857734,-0.1675796609896446,0.4655
source_heterogeneity_les_rice_paddy_l500_cv0p5_s11_wind3_n2_point,point,2,0.5,500.0,11,0.12299460094025268,0.05987502432686953,0.06311957661338315,0.105544134241927,0.1123547959129059,0.10822841065537547,1.1653381007259571,0.567298455351623,1.0946982720309906,0.5329102673399262,1.136435434979233,0.5532283433185172,0.7245
source_heterogeneity_les_rice_paddy_l500_cv0p5_s11_wind3_n3_op,open_path,3,0.5,500.0,11,0.04563618462114931,-0.004925313065140831,0.05056149768629014,0.11922982431646792,0.12527803891156294,0.12103260009487347,0.382758130214288,-0.041309404701190613,0.3642792066162936,-0.039315055598992406,0.377056963044474,-0.04069410275644777,0.51875
source_heterogeneity_les_rice_paddy_l500_cv0p5_s11_wind3_n3_point,point,3,0.5,500.0,11,0.11776890941338994,-0.008244256086993001,0.12601316550038294,0.10518054451504458,0.11109188399234972,0.10674036425533454,1.1196833973087559,-0.07838194910479646,1.0601036293659403,-0.07421114658169572,1.1033212246837938,-0.07723653694184372,0.50425
source_heterogeneity_les_rice_paddy_l500_cv0p5_s11_wind3_n4_op,open_path,4,0.5,500.0,11,0.05949991407053197,-0.013875251496660987,0.07337516556719295,0.11664221858543554,0.1225481275142135,0.11849856620924877,0.5101061587486077,-0.11895565486434867,0.4855228331712452,-0.11322287641687298,0.5021150548392713,-0.11709214668605862,0.48075
source_heterogeneity_les_rice_paddy_l500_cv0p5_s11_wind3_n4_point,point,4,0.5,500.0,11,-0.015911710660806003,-0.037956184008292454,0.02204447334748645,0.12532816989172554,0.1319258470406783,0.12793703764779277,-0.12696036872279048,-0.30285437057832926,-0.12061101761127788,-0.28770847305296404,-0.12437141701381671,-0.29667862181383947,0.40775
source_heterogeneity_les_rice_paddy_l500_cv0p5_s12_wind3_n1_op,open_path,1,0.5,500.0,12,0.002285283131475896,-0.0181866690269055,0.020471952158381396,0.12606260525836654,0.1325736718206735,0.1282956656062449,0.018128160423086497,-0.14426696155955007,0.017237835386856425,-0.13718160459118758,0.01781262929403796,-0.14175591155762515,0.47625
source_heterogeneity_les_rice_paddy_l500_cv0p5_s12_wind3_n1_point,point,1,0.5,500.0,12,0.08147201561048847,0.13050196283439583,-0.049029947223907355,0.20851111962119281,0.22180866892703538,0.21435038649475294,0.39073223412977043,0.6258753157696428,0.3673076260030618,0.5883537531047753,0.38008802756454474,0.6088254141663998,0.7665
source_heterogeneity_les_rice_paddy_l500_cv0p5_s12_wind3_n2_op,open_path,2,0.5,500.0,12,0.010708802559877065,-0.02046135672187268,0.031170159281749744,0.12745415753414632,0.13401224835636186,0.12970378935538135,0.08402081789295938,-0.16053895077052205,0.07990913286821737,-0.15268273589039694,0.08256352889224791,-0.1577545021896752,0.47
source_heterogeneity_les_rice_paddy_l500_cv0p5_s12_wind3_n2_point,point,2,0.5,500.0,12,0.056033088070747014,-0.07300835648459536,0.1290414445553424,0.105544134241927,0.1123547959129059,0.10822841065537547,0.5308972258212724,-0.6917329608981062,0.498715587665543,-0.6498018699725935,0.5177299355265361,-0.6745766295790022,0.259
source_heterogeneity_les_rice_paddy_l500_cv0p5_s12_wind3_n3_op,open_path,3,0.5,500.0,12,0.016093734707759516,-0.02385232241465504,0.03994605712241456,0.11922982431646792,0.12527803891156294,0.12103260009487347,0.13498078018669582,-0.20005332182109556,0.12846413343938523,-0.1903950813876726,0.13297024681899064,-0.19707353552644485,0.44775
source_heterogeneity_les_rice_paddy_l500_cv0p5_s12_wind3_n3_point,point,3,0.5,500.0,12,0.08984965762819774,0.03570525061263489,0.054144407015562855,0.10518054451504458,0.11109188399234972,0.10674036425533454,0.8542421798866617,0.33946630317670357,0.8087868744253648,0.32140287237449056,0.8417589564643757,0.3345056095857426,0.65925
source_heterogeneity_les_rice_paddy_l500_cv0p5_s12_wind3_n4_op,open_path,4,0.5,500.0,12,0.03786513238883453,-0.018036010013525193,0.05590114240235972,0.11664221858543554,0.1225481275142135,0.11849856620924877,0.32462630467800907,-0.1546267743554155,0.3089817295204516,-0.1471749130677931,0.319540848468757,-0.15220445774573,0.46625
source_heterogeneity_les_rice_paddy_l500_cv0p5_s12_wind3_n4_point,point,4,0.5,500.0,12,-0.03119929824734413,-0.05290812719479038,0.021708828947446246,0.12532816989172554,0.1319258470406783,0.12793703764779277,-0.24894082690506103,-0.4221567045980099,-0.23649117248209953,-0.40104443808101203,-0.2438644728763766,-0.4135481653127301,0.36
source_heterogeneity_les_rice_paddy_l500_cv0p5_s13_wind3_n1_op,open_path,1,0.5,500.0,13,0.11081333996438965,0.10713380946339698,0.0036795305009926643,0.12606260525836654,0.1325736718206735,0.1282956656062449,0.8790341889038119,0.8498460684976737,0.8358623431225614,0.8081077335499323,0.8637340898521807,0.8350540055827277,0.80825
source_heterogeneity_les_rice_paddy_l500_cv0p5_s13_wind3_n1_point,point,1,0.5,500.0,13,0.20019744640017664,0.15462466370639055,0.04557278269378609,0.20851111962119281,0.22180866892703538,0.21435038649475294,0.9601283939383194,0.7415655528937781,0.9025681790013004,0.697108298130831,0.9339728734525854,0.721364053664422,0.7965
source_heterogeneity_les_rice_paddy_l500_cv0p5_s13_wind3_n2_op,open_path,2,0.5,500.0,13,0.11802965125763261,0.114897592973403,0.003132058284229605,0.12745415753414632,0.13401224835636186,0.12970378935538135,0.926055717139013,0.9014817185749372,0.880737788562216,0.8573663555578169,0.9099938547997065,0.8858460770069703,0.81875
source_heterogeneity_les_rice_paddy_l500_cv0p5_s13_wind3_n2_point,point,2,0.5,500.0,13,0.17806820016714378,0.13461269064149906,0.043455509525644725,0.105544134241927,0.1123547959129059,0.10822841065537547,1.6871444485865787,1.2754161243384825,1.5848740476123242,1.1981036461126842,1.6452999641115909,1.2437833081568321,0.88275
source_heterogeneity_les_rice_paddy_l500_cv0p5_s13_wind3_n3_op,open_path,3,0.5,500.0,13,0.1198855479452052,0.10920918036942749,0.01067636757577771,0.11922982431646792,0.12527803891156294,0.12103260009487347,1.0054996611166416,0.9159552234142109,0.956955815933833,0.8717344342093439,0.9905227835412184,0.9023121066871406,0.8205
source_heterogeneity_les_rice_paddy_l500_cv0p5_s13_wind3_n3_point,point,3,0.5,500.0,13,0.17203300273891836,0.05217790975890129,0.11985509298001706,0.10518054451504458,0.11109188399234972,0.10674036425533454,1.6355971870283623,0.4960794793322066,1.54856499463782,0.46968246359468074,1.6116958560062316,0.48883016394890755,0.71275
source_heterogeneity_les_rice_paddy_l500_cv0p5_s13_wind3_n4_op,open_path,4,0.5,500.0,13,0.14027542280869437,0.10205658234671224,0.03821884046198214,0.11664221858543554,0.1225481275142135,0.11849856620924877,1.2026127804311995,0.8749540568105713,1.1446557826224215,0.8327877742144645,1.1837731653308892,0.8612474024917506,0.8105
source_heterogeneity_les_rice_paddy_l500_cv0p5_s13_wind3_n4_point,point,4,0.5,500.0,13,0.06451775564434527,0.09241382315446399,-0.02789606751011872,0.12532816989172554,0.1319258470406783,0.12793703764779277,0.5147905351213852,0.7373747118010486,0.48904560472105,0.7004982361490459,0.5042930243700102,0.7223383068230543,0.77925
source_heterogeneity_les_rice_paddy_l500_cv0p5_s14_wind3_n1_op,open_path,1,0.5,500.0,14,-0.15014451657270608,-0.17596402601066508,0.025819509437958993,0.12606260525836654,0.1325736718206735,0.1282956656062449,-1.1910313630674492,-1.3958463388093962,-1.1325364569806882,-1.3272923921778659,-1.1703007725414356,-1.3715508250350423,0.05625
source_heterogeneity_les_rice_paddy_l500_cv0p5_s14_wind3_n1_point,point,1,0.5,500.0,14,-0.20342622066399388,-0.33441620787695986,0.13098998721296598,0.20851111962119281,0.22180866892703538,0.21435038649475294,-0.9756132959890255,-1.6038291314367399,-0.9171247528242981,-1.5076787101903897,-0.9490359405952064,-1.5601381147271502,0.0255
source_heterogeneity_les_rice_paddy_l500_cv0p5_s14_wind3_n2_op,open_path,2,0.5,500.0,14,-0.13736923165818787,-0.16459263130225038,0.027223399644062507,0.12745415753414632,0.13401224835636186,0.12970378935538135,-1.0777932577160945,-1.2913869150023942,-1.025049824497379,-1.228190955087702,-1.059099601799633,-1.2689886095099003,0.07275
source_heterogeneity_les_rice_paddy_l500_cv0p5_s14_wind3_n2_point,point,2,0.5,500.0,14,-0.0731772736101331,-0.08372408907786719,0.010546815467734089,0.105544134241927,0.1123547959129059,0.10822841065537547,-0.6933334015739522,-0.7932614131445318,-0.6513052960094196,-0.7451759259370434,-0.6761373761936376,-0.7735869774939617,0.2215
source_heterogeneity_les_rice_paddy_l500_cv0p5_s14_wind3_n3_op,open_path,3,0.5,500.0,14,-0.12332998121794014,-0.15480553176707287,0.03147555054913273,0.11922982431646792,0.12527803891156294,0.12103260009487347,-1.0343886852553712,-1.2983792658804687,-0.9844501262108837,-1.2356956822763978,-1.0189815068111057,-1.2790399582073417,0.0725
source_heterogeneity_les_rice_paddy_l500_cv0p5_s14_wind3_n3_point,point,3,0.5,500.0,14,-0.07597177612387179,-0.1680555615765647,0.09208378545269291,0.10518054451504458,0.11109188399234972,0.10674036425533454,-0.7222987528174006,-1.5977818174589005,-0.6838643237799761,-1.5127618286511169,-0.711743646875132,-1.574433090508831,0.03075
source_heterogeneity_les_rice_paddy_l500_cv0p5_s14_wind3_n4_op,open_path,4,0.5,500.0,14,-0.10626577789064778,-0.1563464195633879,0.05008064167274012,0.11664221858543554,0.1225481275142135,0.11849856620924877,-0.9110404378395165,-1.3403930537284037,-0.8671350598834957,-1.2757960707743525,-0.8967684697804704,-1.3193950320656718,0.06375
source_heterogeneity_les_rice_paddy_l500_cv0p5_s14_wind3_n4_point,point,4,0.5,500.0,14,-0.15505192822881772,-0.1270871449500613,-0.027964783278756428,0.12532816989172554,0.1319258470406783,0.12793703764779277,-1.2371674170521387,-1.0140349536728683,-1.1752960599222733,-0.9633225618848971,-1.2119393342190048,-0.993356945624525,0.14175
source_heterogeneity_les_rice_paddy_l500_cv0p5_s15_wind3_n1_op,open_path,1,0.5,500.0,15,-0.1045815008690342,-0.16098853839953375,0.056407037530499554,0.12606260525836654,0.1325736718206735,0.1282956656062449,-0.8295997108317203,-1.2770522873899532,-0.7888557315550325,-1.214332651337407,-0.8151600474953505,-1.2548244528667656,0.076
source_heterogeneity_les_rice_paddy_l500_cv0p5_s15_wind3_n1_point,point,1,0.5,500.0,15,-0.18585234474164153,-0.2893230804845049,0.10347073574286336,0.20851111962119281,0.22180866892703538,0.21435038649475294,-0.8913306162246117,-1.3875666727516744,-0.8378948651586662,-1.3043813025165332,-0.8670492635019857,-1.3497670109943432,0.05425
source_heterogeneity_les_rice_paddy_l500_cv0p5_s15_wind3_n2_op,open_path,2,0.5,500.0,15,-0.08854400851616014,-0.16530499401099152,0.07676098549483139,0.12745415753414632,0.13401224835636186,0.12970378935538135,-0.6947125949378172,-1.2969760830807309,-0.6607157898038262,-1.2335066088244175,-0.6826632356403586,-1.2744808369327192,0.0715
source_heterogeneity_les_rice_paddy_l500_cv0p5_s15_wind3_n2_point,point,2,0.5,500.0,15,0.023663517178034433,0.010109682159847394,0.013553835018187039,0.105544134241927,0.1123547959129059,0.10822841065537547,0.22420494846064304,0.09578630051267559,0.210614215314651,0.08997997884918166,0.2186442269154686,0.09341061278298711,0.56425
source_heterogeneity_les_rice_paddy_l500_cv0p5_s15_wind3_n3_op,open_path,3,0.5,500.0,15,-0.07256692138534142,-0.1494305534944814,0.07686363210913998,0.11922982431646792,0.12527803891156294,0.12103260009487347,-0.6086306157151532,-1.2532984456796032,-0.5792469455605728,-1.1927912888225234,-0.5995650868316355,-1.2346306150355169,0.0815
source_heterogeneity_les_rice_paddy_l500_cv0p5_s15_wind3_n3_point,point,3,0.5,500.0,15,-0.009481811565618082,-0.14168270345637657,0.13220089189075848,0.10518054451504458,0.11109188399234972,0.10674036425533454,-0.0901479604363699,-1.347042878601098,-0.08535107358761727,-1.275365025460667,-0.08883060903686406,-1.3273582533169568,0.06975
source_heterogeneity_les_rice_paddy_l500_cv0p5_s15_wind3_n4_op,open_path,4,0.5,500.0,15,-0.05145479157582813,-0.14830046132349553,0.0968456697476674,0.11664221858543554,0.1225481275142135,0.11849856620924877,-0.44113351237519244,-1.271413242323333,-0.41987415572596365,-1.2101405735986883,-0.43422290430896454,-1.251495828748017,0.0775
source_heterogeneity_les_rice_paddy_l500_cv0p5_s15_wind3_n4_point,point,4,0.5,500.0,15,-0.09866934752769556,-0.1768782673918551,0.07820891986415955,0.12532816989172554,0.1319258470406783,0.12793703764779277,-0.7872878668294504,-1.411320914880231,-0.7479152094984968,-1.3407400548075774,-0.7712336422805851,-1.3825415270189094,0.05125
source_heterogeneity_les_rice_paddy_l500_cv0p5_s16_wind3_n1_op,open_path,1,0.5,500.0,16,0.03866032955010602,0.04273545130980458,-0.004075121759698555,0.12606260525836654,0.1325736718206735,0.1282956656062449,0.3066756352597291,0.3390018096343309,0.29161393072374225,0.3223524755926721,0.3013377682513399,0.33310128684288454,0.655
source_heterogeneity_les_rice_paddy_l500_cv0p5_s16_wind3_n1_point,point,1,0.5,500.0,16,0.07242950946142543,0.1861872350843841,-0.11375772562295866,0.20851111962119281,0.22180866892703538,0.21435038649475294,0.34736521291051464,0.89293671926291,0.3265404810902649,0.8394046814537756,0.33790239731244165,0.8686116135785076,0.8295
source_heterogeneity_les_rice_paddy_l500_cv0p5_s16_wind3_n2_op,open_path,2,0.5,500.0,16,0.059172951580371475,0.060859037414347616,-0.001686085833976142,0.12745415753414632,0.13401224835636186,0.12970378935538135,0.4642685081851364,0.4774974672602801,0.4415488308428369,0.45413041091970086,0.4562160587169955,0.4692155696977916,0.69925
source_heterogeneity_les_rice_paddy_l500_cv0p5_s16_wind3_n2_point,point,2,0.5,500.0,16,0.09054048600117104,0.044496984443748,0.04604350155742304,0.105544134241927,0.1123547959129059,0.10822841065537547,0.8578447930951352,0.42159599643645324,0.8058444258254479,0.39603992052320347,0.8365685632164838,0.41113959055942145,0.676
source_heterogeneity_les_rice_paddy_l500_cv0p5_s16_wind3_n3_op,open_path,3,0.5,500.0,16,0.057489560503224825,0.040140029049283765,0.01734953145394106,0.11922982431646792,0.12527803891156294,0.12103260009487347,0.48217432872023797,0.33666097622304103,0.4588957570113962,0.3204075462708964,0.4749923612164049,0.3316464243337689,0.6505
source_heterogeneity_les_rice_paddy_l500_cv0p5_s16_wind3_n3_point,point,3,0.5,500.0,16,0.12896767218196475,0.13720952235711717,-0.008241850175152415,0.10518054451504458,0.11109188399234972,0.10674036425533454,1.2261552055714806,1.3045142805615662,1.1609099382169632,1.2350994278444862,1.2082371376723062,1.285451134763763,0.8925
source_heterogeneity_les_rice_paddy_l500_cv0p5_s16_wind3_n4_op,open_path,4,0.5,500.0,16,0.09131583681125213,0.06299348830949963,0.028322348501752498,0.11664221858543554,0.1225481275142135,0.11849856620924877,0.7828712272337919,0.5400573572197578,0.7451426526338483,0.5140306064831016,0.7706071029585585,0.531597050704087,0.716
source_heterogeneity_les_rice_paddy_l500_cv0p5_s16_wind3_n4_point,point,4,0.5,500.0,16,0.0342395589514798,0.04533494564161754,-0.011095386690137737,0.12532816989172554,0.1319258470406783,0.12793703764779277,0.2731992255297456,0.3617298942510981,0.2595363965404164,0.34363960253852954,0.2676281988468452,0.3543535669977245,0.66025
source_heterogeneity_les_rice_paddy_l500_cv0p5_s17_wind3_n1_op,open_path,1,0.5,500.0,17,0.11932115797779602,0.12822658033081516,-0.008905422353019138,0.12606260525836654,0.1325736718206735,0.1282956656062449,0.94652302110722,1.0171658761772655,0.900036608620122,0.9672099940345738,0.9300482398525237,0.9994615151252128,0.84225
source_heterogeneity_les_rice_paddy_l500_cv0p5_s17_wind3_n1_point,point,1,0.5,500.0,17,0.26261139987352106,-0.06625066356368976,0.3288620634372108,0.20851111962119281,0.22180866892703538,0.21435038649475294,1.2594599288067396,-0.31773204078539763,1.1839546269488135,-0.2986838336128473,1.2251501113106205,-0.3090764828889707,0.42275
source_heterogeneity_les_rice_paddy_l500_cv0p5_s17_wind3_n2_op,open_path,2,0.5,500.0,17,0.10829496951694312,0.1288000596726148,-0.020505090155671674,0.12745415753414632,0.13401224835636186,0.12970378935538135,0.8496778105330126,1.010559891999662,0.8080975496282099,0.9611066245983206,0.8349406756360893,0.9930323571326788,0.843
source_heterogeneity_les_rice_paddy_l500_cv0p5_s17_wind3_n2_point,point,2,0.5,500.0,17,0.12875234631204918,0.10595163162020552,0.022800714691843665,0.105544134241927,0.1123547959129059,0.10822841065537547,1.2198910648783625,1.003860919237297,1.145944374389271,0.9430094261604647,1.189635378847304,0.9789632036414195,0.83475
source_heterogeneity_les_rice_paddy_l500_cv0p5_s17_wind3_n3_op,open_path,3,0.5,500.0,17,0.12142561137398396,0.14160669015992766,-0.020181078785943704,0.11922982431646792,0.12527803891156294,0.12103260009487347,1.0184164244986877,1.1876784267002318,0.9692489795414301,1.1303392948215891,1.0032471522449522,1.169988003636432,0.87275
source_heterogeneity_les_rice_paddy_l500_cv0p5_s17_wind3_n3_point,point,3,0.5,500.0,17,0.18141332011379768,0.006775611514210234,0.17463770859958744,0.10518054451504458,0.11109188399234972,0.10674036425533454,1.7247801953321233,0.06441886705807155,1.6330024624147217,0.06099105776869202,1.6995756139620934,0.06347750039527911,0.5585
source_heterogeneity_les_rice_paddy_l500_cv0p5_s17_wind3_n4_op,open_path,4,0.5,500.0,17,0.12611225441246873,0.11396332217472674,0.012148932237741994,0.11664221858543554,0.1225481275142135,0.11849856620924877,1.0811887491671532,0.9770332179617569,1.029083487202543,0.9299474784835773,1.0642513107692413,0.9617274353639559,0.83475
source_heterogeneity_les_rice_paddy_l500_cv0p5_s17_wind3_n4_point,point,4,0.5,500.0,17,0.029790249491904904,0.16501010031832813,-0.13521985082642324,0.12532816989172554,0.1319258470406783,0.12793703764779277,0.23769795344208344,1.3166241912004693,0.2258105607062679,1.250779161322713,0.2328508619522414,1.2897758409304154,0.892
source_heterogeneity_les_rice_paddy_l500_cv0p5_s18_wind3_n1_op,open_path,1,0.5,500.0,18,-0.01978732201408674,-0.040276453156889186,0.020489131142802448,0.12606260525836654,0.1325736718206735,0.1282956656062449,-0.1569642478317216,-0.31949564325076574,-0.14925529135869575,-0.3038043120007217,-0.15423219421002463,-0.3139346365800272,0.40325
source_heterogeneity_les_rice_paddy_l500_cv0p5_s18_wind3_n1_point,point,1,0.5,500.0,18,-0.09853252170821485,-0.08124875162222203,-0.017283770085992814,0.20851111962119281,0.22180866892703538,0.21435038649475294,-0.47255283980643936,-0.38966148073938983,-0.44422304225010883,-0.3663010648558062,-0.4596797016301476,-0.3790464433065574,0.391
source_heterogeneity_les_rice_paddy_l500_cv0p5_s18_wind3_n2_op,open_path,2,0.5,500.0,18,-0.0017112420633175862,-0.03043751060045091,0.028726268537133323,0.12745415753414632,0.13401224835636186,0.12970378935538135,-0.013426333800520602,-0.23881143769120577,-0.012769295973358318,-0.22712484100343036,-0.013193462363916568,-0.23466940134689343,0.43675
source_heterogeneity_les_rice_paddy_l500_cv0p5_s18_wind3_n2_point,point,2,0.5,500.0,18,0.09293706318477622,0.012803661451668249,0.08013340173310797,0.105544134241927,0.1123547959129059,0.10822841065537547,0.8805516654459167,0.12131097141144621,0.8271748653864164,0.11395740918432416,0.8587122606901207,0.1183022218855093,0.57225
source_heterogeneity_les_rice_paddy_l500_cv0p5_s18_wind3_n3_op,open_path,3,0.5,500.0,18,0.009604716237610167,-0.030582192294192026,0.04018690853180219,0.11922982431646792,0.12527803891156294,0.12103260009487347,0.08055632298942818,-0.25649783910625157,0.07666719818619118,-0.24411455159974846,0.07935643975326769,-0.25267731396516024,0.4235
source_heterogeneity_les_rice_paddy_l500_cv0p5_s18_wind3_n3_point,point,3,0.5,500.0,18,0.07504790444314248,0.01643054741499407,0.05861735702814841,0.10518054451504458,0.11109188399234972,0.10674036425533454,0.7135150781845205,0.15621280048273486,0.6755480395697548,0.14790052004272022,0.7030883299556646,0.15393002946561452,0.5965
source_heterogeneity_les_rice_paddy_l500_cv0p5_s18_wind3_n4_op,open_path,4,0.5,500.0,18,0.03567184083201726,-0.014741763113974373,0.050413603945991634,0.11664221858543554,0.1225481275142135,0.11849856620924877,0.3058227223780824,-0.12638445404034088,0.29108434013306267,-0.12029366268582585,0.30103183500994196,-0.12440456948603808,0.47575
source_heterogeneity_les_rice_paddy_l500_cv0p5_s18_wind3_n4_point,point,4,0.5,500.0,18,-0.01048974297348601,-0.013045809969040867,0.0025560669955548565,0.12532816989172554,0.1319258470406783,0.12793703764779277,-0.08369820593844456,-0.10409319772491293,-0.07951241707966128,-0.09888744519501393,-0.0819914480305851,-0.10197054902080531,0.492
source_heterogeneity_les_rice_paddy_l500_cv0p5_s19_wind3_n1_op,open_path,1,0.5,500.0,19,-0.01538404101406405,-0.04340207424621504,0.02801803323215099,0.12606260525836654,0.1325736718206735,0.1282956656062449,-0.12203492845903277,-0.3442898404111359,-0.11604144927714875,-0.32738079627848804,-0.11991083986640325,-0.33829727638205115,0.395
source_heterogeneity_les_rice_paddy_l500_cv0p5_s19_wind3_n1_point,point,1,0.5,500.0,19,-0.013075705542142869,-0.17332263890518318,0.1602469333630403,0.20851111962119281,0.22180866892703538,0.21435038649475294,-0.06270987161690858,-0.8312393085801016,-0.05895038099905897,-0.7814060638098783,-0.06100154870708828,-0.808594944658175,0.20825
source_heterogeneity_les_rice_paddy_l500_cv0p5_s19_wind3_n2_op,open_path,2,0.5,500.0,19,-0.016080252377684817,-0.04854716559082251,0.032466913213137695,0.12745415753414632,0.13401224835636186,0.12970378935538135,-0.12616498895594477,-0.3808990348378099,-0.11999091556858767,-0.3622591679958026,-0.12397673543388774,-0.3742925772030138,0.37275
source_heterogeneity_les_rice_paddy_l500_cv0p5_s19_wind3_n2_point,point,2,0.5,500.0,19,0.06460170009968556,0.07501675525324075,-0.010415055153555189,0.105544134241927,0.1123547959129059,0.10822841065537547,0.6120823346904937,0.7107619555747953,0.5749794619338091,0.6676773754401326,0.5969014947968927,0.6931336679433612,0.7645
source_heterogeneity_les_rice_paddy_l500_cv0p5_s19_wind3_n3_op,open_path,3,0.5,500.0,19,0.004429590199568541,-0.026537997589501653,0.030967587789070196,0.11922982431646792,0.12527803891156294,0.12103260009487347,0.037151696104250065,-0.22257851793073763,0.03535807423275124,-0.21183279862989812,0.036598323064168915,-0.21926321973335605,0.43925
source_heterogeneity_les_rice_paddy_l500_cv0p5_s19_wind3_n3_point,point,3,0.5,500.0,19,0.0728431907027152,0.0019558959377542363,0.07088729476496096,0.10518054451504458,0.11109188399234972,0.10674036425533454,0.6925538467078007,0.01859560574412574,0.6557021816979133,0.017606110072711775,0.6824334094313785,0.01832386418576876,0.53925
source_heterogeneity_les_rice_paddy_l500_cv0p5_s19_wind3_n4_op,open_path,4,0.5,500.0,19,0.015937062507473086,-0.03254186456311729,0.04847892707059038,0.11664221858543554,0.1225481275142135,0.11849856620924877,0.13663202484270184,-0.27898873116239414,0.13004737673878092,-0.26554354785504974,0.1344916062472088,-0.27461821357107197,0.41575
source_heterogeneity_les_rice_paddy_l500_cv0p5_s19_wind3_n4_point,point,4,0.5,500.0,19,-0.05310863452785018,-0.05740526926729068,0.0042966347394404955,0.12532816989172554,0.1319258470406783,0.12793703764779277,-0.42375656305946374,-0.45803963559736544,-0.40256428682602696,-0.43513284587507867,-0.41511539976450623,-0.4486993784030379,0.34225
source_heterogeneity_les_rice_paddy_l500_cv1p0_s0_wind3_n1_op,open_path,1,1.0,500.0,0,-0.09433279283959047,-0.053644906525592055,-0.04068788631399841,0.2221809597350492,0.2604978039012791,0.22144164188423754,-0.42457640363099663,-0.24144691151556644,-0.3621250982804438,-0.20593227935972114,-0.42599391892562183,-0.24225302011459915,0.4475
source_heterogeneity_les_rice_paddy_l500_cv1p0_s0_wind3_n1_point,point,1,1.0,500.0,0,-0.10437360724055281,-0.10925765729976175,0.004884050059208944,0.3674936003259508,0.4465640565363944,0.37356674641483073,-0.28401476147605825,-0.2973049250459191,-0.23372594751598977,-0.24466290042950958,-0.2793974791445975,-0.2924715819818597,0.45875
source_heterogeneity_les_rice_paddy_l500_cv1p0_s0_wind3_n2_op,open_path,2,1.0,500.0,0,-0.07717637451296591,-0.03157562238176238,-0.04560075213120353,0.22463352224968697,0.26322573402208294,0.22520217419337327,-0.34356570533218117,-0.1405650504231738,-0.29319464071279333,-0.11995644156552487,-0.34269817682442644,-0.14021011340081244,0.49025
source_heterogeneity_les_rice_paddy_l500_cv1p0_s0_wind3_n2_point,point,2,1.0,500.0,0,-0.05397354267246956,-0.10977842652683548,0.05580488385436592,0.1860178678063603,0.22676478438353195,0.19098614789549118,-0.2901524638947835,-0.5901499023798721,-0.2380155402841695,-0.4841070311039344,-0.28260448868786137,-0.5747978465271047,0.30525
source_heterogeneity_les_rice_paddy_l500_cv1p0_s0_wind3_n3_op,open_path,3,1.0,500.0,0,-0.07351435000955618,-0.046047856027348406,-0.027466493982207775,0.21013842083765766,0.24571813834096937,0.20977659055644773,-0.349837738936611,-0.2191310653415572,-0.2991816172216982,-0.1874011269100955,-0.3504411517727216,-0.2195090305605745,0.4465
source_heterogeneity_les_rice_paddy_l500_cv1p0_s0_wind3_n3_point,point,3,1.0,500.0,0,-0.024046607921365346,0.006351700347183483,-0.030398308268548828,0.18537705355138773,0.22052171627683456,0.1810826469320795,-0.12971728410118175,0.034263681645057276,-0.10904417182740475,0.028803060553046853,-0.13279355216397268,0.035076250843438794,0.56725
source_heterogeneity_les_rice_paddy_l500_cv1p0_s0_wind3_n4_op,open_path,4,1.0,500.0,0,-0.04584067666637268,-0.02485438275994056,-0.020986293906432123,0.20557785568387246,0.24030781089086983,0.20426601724585744,-0.22298450635103534,-0.12090009732449204,-0.1907581634422618,-0.1034272779890105,-0.2244165587817684,-0.12167654265283626,0.49475
source_heterogeneity_les_rice_paddy_l500_cv1p0_s0_wind3_n4_point,point,4,1.0,500.0,0,-0.09439240898441043,0.04399613661187676,-0.1383885455962872,0.22088654293088092,0.25994040335232116,0.22868200570224503,-0.42733435786510265,0.1991797962343224,-0.36313096297104575,0.16925470624989664,-0.41276710292332264,0.1923900242031367,0.62225
source_heterogeneity_les_rice_paddy_l500_cv1p0_s1_wind3_n1_op,open_path,1,1.0,500.0,1,0.22045084525746733,0.2566143091888168,-0.03616346393134945,0.2221809597350492,0.2604978039012791,0.22144164188423754,0.9922130389586712,1.1549788491994515,0.8462675767547416,0.9850920251368643,0.9955256986972298,1.1588349282695725,0.87675
source_heterogeneity_les_rice_paddy_l500_cv1p0_s1_wind3_n1_point,point,1,1.0,500.0,1,0.4105963360563585,0.47324745941690405,-0.06265112336054557,0.3674936003259508,0.4465640565363944,0.37356674641483073,1.1172883981984378,1.2877706142288035,0.9194567499251821,1.0597526883096444,1.0991244268846347,1.2668350809024687,0.89475
source_heterogeneity_les_rice_paddy_l500_cv1p0_s1_wind3_n2_op,open_path,2,1.0,500.0,1,0.2325723862950472,0.25335536197454156,-0.02078297567949436,0.22463352224968697,0.26322573402208294,0.22520217419337327,1.0353414039269524,1.1278608795214875,0.8835472988956918,0.9625022527367582,1.0327270912373403,1.1250129483962892,0.86975
source_heterogeneity_les_rice_paddy_l500_cv1p0_s1_wind3_n2_point,point,2,1.0,500.0,1,0.24570473912263607,0.14302770417095584,0.10267703495168023,0.1860178678063603,0.22676478438353195,0.19098614789549118,1.320866334079306,0.7688922889915281,1.0835224692872532,0.6307315510200655,1.2865055493819753,0.7488904601040569,0.79775
source_heterogeneity_les_rice_paddy_l500_cv1p0_s1_wind3_n3_op,open_path,3,1.0,500.0,1,0.2205322908588674,0.22460933281137646,-0.004077041952509047,0.21013842083765766,0.24571813834096937,0.20977659055644773,1.0494620164165007,1.068863713337307,0.89750106503268,0.9140934174737179,1.0512721666125349,1.0707073282847424,0.85925
source_heterogeneity_les_rice_paddy_l500_cv1p0_s1_wind3_n3_point,point,3,1.0,500.0,1,0.30661355951112423,0.27276285342633416,0.03385070608479007,0.18537705355138773,0.22052171627683456,0.1810826469320795,1.6539995303470985,1.4713949121578984,1.3904007491317238,1.2368979256624235,1.6932244182742087,1.5062892996513468,0.92275
source_heterogeneity_les_rice_paddy_l500_cv1p0_s1_wind3_n4_op,open_path,4,1.0,500.0,1,0.25258144041353836,0.23867842465715802,0.013903015756380338,0.20557785568387246,0.24030781089086983,0.20426601724585744,1.2286412832418376,1.1610123272429984,1.0510746174964838,0.9932195868803791,1.2365318706416437,1.1684685875569862,0.87325
source_heterogeneity_les_rice_paddy_l500_cv1p0_s1_wind3_n4_point,point,4,1.0,500.0,1,0.17180580009268337,0.23263740207320588,-0.06083160198052251,0.22088654293088092,0.25994040335232116,0.22868200570224503,0.777801118225859,1.0531986194650256,0.6609430387773122,0.8949643805772317,0.7512869216145619,1.0172964915136828,0.85375
source_heterogeneity_les_rice_paddy_l500_cv1p0_s2_wind3_n1_op,open_path,1,1.0,500.0,2,0.20067478377681958,0.18899631644066558,0.011678467336153991,0.2221809597350492,0.2604978039012791,0.22144164188423754,0.9032042350349204,0.8506413720871658,0.7703511537197809,0.7255198071162611,0.9062197248416619,0.8534813724848856,0.82475
source_heterogeneity_les_rice_paddy_l500_cv1p0_s2_wind3_n1_point,point,1,1.0,500.0,2,0.3033865590027908,0.34823389623802836,-0.04484733723523754,0.3674936003259508,0.4465640565363944,0.37356674641483073,0.8255560334484742,0.9475917292958573,0.6793797094998961,0.7798072664848424,0.8121348110195342,0.9321865492045931,0.84675
source_heterogeneity_les_rice_paddy_l500_cv1p0_s2_wind3_n2_op,open_path,2,1.0,500.0,2,0.21405282884796306,0.20262169892683965,0.011431129921123412,0.22463352224968697,0.26322573402208294,0.22520217419337327,0.9528979766877218,0.9020100691009932,0.8131911176663502,0.7697640190067473,0.950491839675417,0.8997324277733458,0.833
source_heterogeneity_les_rice_paddy_l500_cv1p0_s2_wind3_n2_point,point,2,1.0,500.0,2,0.28335509642349754,-0.046130052132344224,0.32948514855584177,0.1860178678063603,0.22676478438353195,0.19098614789549118,1.5232681664670125,-0.2479872104563869,1.2495551158607292,-0.2034268780214282,1.4836421360702623,-0.24153611474266123,0.44875
source_heterogeneity_les_rice_paddy_l500_cv1p0_s2_wind3_n3_op,open_path,3,1.0,500.0,2,0.2068319486527739,0.17529447721840974,0.03153747143436417,0.21013842083765766,0.24571813834096937,0.20977659055644773,0.9842652658580785,0.8341857548926448,0.8417447325999383,0.7133965705664079,0.9859629623311974,0.8356245887752696,0.814
source_heterogeneity_les_rice_paddy_l500_cv1p0_s2_wind3_n3_point,point,3,1.0,500.0,2,0.25871722399995145,0.16921360010388886,0.08950362389606259,0.18537705355138773,0.22052171627683456,0.1810826469320795,1.3956270155531054,0.9128076903918518,1.1732051988710612,0.7673330452927573,1.4287245541368252,0.934455084298373,0.845
source_heterogeneity_les_rice_paddy_l500_cv1p0_s2_wind3_n4_op,open_path,4,1.0,500.0,2,0.23513340906817315,0.18975167114494595,0.045381737923227194,0.20557785568387246,0.24030781089086983,0.20426601724585744,1.1437681762268683,0.9230161026523049,0.9784676086744158,0.7896192405960422,1.1511136910510342,0.9289439021888707,0.8365
source_heterogeneity_les_rice_paddy_l500_cv1p0_s2_wind3_n4_point,point,4,1.0,500.0,2,0.16084066536198982,0.25451216671485144,-0.09367150135286162,0.22088654293088092,0.25994040335232116,0.22868200570224503,0.7281596390067073,1.152230295869552,0.618759774501033,0.9791173801091925,0.703337653822278,1.112952310931882,0.871
source_heterogeneity_les_rice_paddy_l500_cv1p0_s3_wind3_n1_op,open_path,1,1.0,500.0,3,0.0030559149358983803,-0.060979333019902035,0.06403524795580041,0.2221809597350492,0.2604978039012791,0.22144164188423754,0.013754171102431816,-0.2744579602708526,0.011731058343418824,-0.2340877047969717,0.013800091572189086,-0.27537428146319487,0.431
source_heterogeneity_les_rice_paddy_l500_cv1p0_s3_wind3_n1_point,point,1,1.0,500.0,3,0.108104301772805,-0.2470213604030899,0.3551256621758949,0.3674936003259508,0.4465640565363944,0.37356674641483073,0.2941664880066515,-0.6721786724557726,0.2420801678739557,-0.5531599706412063,0.2893841671141669,-0.6612509351375261,0.27825
source_heterogeneity_les_rice_paddy_l500_cv1p0_s3_wind3_n2_op,open_path,2,1.0,500.0,3,-0.011041772125358435,-0.034754973019549495,0.023713200894191058,0.22463352224968697,0.26322573402208294,0.22520217419337327,-0.049154605309020494,-0.15471855078209693,-0.04194792035201278,-0.13203486030219894,-0.04903048633925377,-0.15432787513723828,0.48425
source_heterogeneity_les_rice_paddy_l500_cv1p0_s3_wind3_n2_point,point,2,1.0,500.0,3,0.033126500113907706,-0.10777933187781917,0.14090583199172688,0.1860178678063603,0.22676478438353195,0.19098614789549118,0.1780823557680573,-0.5794031140600677,0.1460830887122234,-0.4752913119681307,0.17344975265973078,-0.564330623270106,0.31075
source_heterogeneity_les_rice_paddy_l500_cv1p0_s3_wind3_n3_op,open_path,3,1.0,500.0,3,0.00729688230954712,-0.013559392524132186,0.020856274833679307,0.21013842083765766,0.24571813834096937,0.20977659055644773,0.0347241702895651,-0.06452600371736632,0.029696148435821385,-0.05518270900016576,0.034784063799452584,-0.06463730051177258,0.521
source_heterogeneity_les_rice_paddy_l500_cv1p0_s3_wind3_n3_point,point,3,1.0,500.0,3,0.05337810729930701,-0.14620732913585713,0.19958543643516413,0.18537705355138773,0.22052171627683456,0.1810826469320795,0.2879434443298574,-0.7887024113010163,0.2420537450937402,-0.663006490264723,0.29477207343522027,-0.8074066268243615,0.214
source_heterogeneity_les_rice_paddy_l500_cv1p0_s3_wind3_n4_op,open_path,4,1.0,500.0,3,0.004246143814969169,-0.04085332813253806,0.04509947194750723,0.20557785568387246,0.24030781089086983,0.20426601724585744,0.020654675090583108,-0.1987243616129565,0.017669603826974464,-0.17000416249928155,0.020787323668520208,-0.20000061039701195,0.4585
source_heterogeneity_les_rice_paddy_l500_cv1p0_s3_wind3_n4_point,point,4,1.0,500.0,3,-0.08007690640969206,0.08542792176744309,-0.16550482817713513,0.22088654293088092,0.25994040335232116,0.22868200570224503,-0.36252505628986853,0.38675023219578797,-0.308058714139781,0.3286442610141478,-0.3501670634897091,0.3735664356498357,0.6895
source_heterogeneity_les_rice_paddy_l500_cv1p0_s4_wind3_n1_op,open_path,1,1.0,500.0,4,-0.18626976338164883,-0.1905609742589735,0.004291210877324675,0.2221809597350492,0.2604978039012791,0.22144164188423754,-0.8383696046851878,-0.8576836398862326,-0.7150531044485869,-0.7315262217380936,-0.8411686338517331,-0.8605471520058209,0.176
source_heterogeneity_les_rice_paddy_l500_cv1p0_s4_wind3_n1_point,point,1,1.0,500.0,4,-0.24220379509203926,-0.34878456623059717,0.1065807711385579,0.3674936003259508,0.4465640565363944,0.37356674641483073,-0.6590694229157054,-0.9490901771384331,-0.5423718983802718,-0.7810403930307626,-0.6483548051760522,-0.9336606364938222,0.148
source_heterogeneity_les_rice_paddy_l500_cv1p0_s4_wind3_n2_op,open_path,2,1.0,500.0,4,-0.1718245806929542,-0.18662889642832578,0.014804315735371582,0.22463352224968697,0.26322573402208294,0.22520217419337327,-0.7649106819505148,-0.8308149850443164,-0.652765130777598,-0.7090070320125647,-0.7629792265922549,-0.8287171165056073,0.18725
source_heterogeneity_les_rice_paddy_l500_cv1p0_s4_wind3_n2_point,point,2,1.0,500.0,4,-0.1032454194532981,0.017659308638572263,-0.12090472809187036,0.1860178678063603,0.22676478438353195,0.19098614789549118,-0.5550295822161228,0.09493339992992038,-0.45529741195915585,0.07787500465109569,-0.5405911402003597,0.09246381914690247,0.58825
source_heterogeneity_les_rice_paddy_l500_cv1p0_s4_wind3_n3_op,open_path,3,1.0,500.0,4,-0.1564852465075912,-0.1710062966467677,0.014521050139176483,0.21013842083765766,0.24571813834096937,0.20977659055644773,-0.7446769890237437,-0.8137792982601623,-0.6368485760316374,-0.6959449465202759,-0.7459614349365802,-0.815182934345348,0.191
source_heterogeneity_les_rice_paddy_l500_cv1p0_s4_wind3_n3_point,point,3,1.0,500.0,4,-0.09529926355572317,-0.10285733215039664,0.007558068594673464,0.18537705355138773,0.22052171627683456,0.1810826469320795,-0.5140833869673389,-0.5548547146472145,-0.4321536452949065,-0.466427224887337,-0.5262749643342027,-0.5680131911754989,0.30925
source_heterogeneity_les_rice_paddy_l500_cv1p0_s4_wind3_n4_op,open_path,4,1.0,500.0,4,-0.1359697831352021,-0.1658459040401165,0.0298761209049144,0.20557785568387246,0.24030781089086983,0.20426601724585744,-0.661402866971673,-0.8067303916971788,-0.565815079547912,-0.6901394649857284,-0.6656505324209018,-0.811911380445148,0.19725
source_heterogeneity_les_rice_paddy_l500_cv1p0_s4_wind3_n4_point,point,4,1.0,500.0,4,-0.18325354425517687,-0.18109011458510021,-0.0021634296700766553,0.22088654293088092,0.25994040335232116,0.22868200570224503,-0.8296274722019619,-0.8198331694736439,-0.7049829187454036,-0.696660127666464,-0.8013465847145919,-0.7918861566261066,0.1905
source_heterogeneity_les_rice_paddy_l500_cv1p0_s5_wind3_n1_op,open_path,1,1.0,500.0,5,-0.11475942049055517,-0.16620976931891993,0.05145034882836476,0.2221809597350492,0.2604978039012791,0.22144164188423754,-0.5165132990126867,-0.7480828668537802,-0.4405389173032936,-0.6380467198944544,-0.5182377601343277,-0.7505804595045812,0.2235
source_heterogeneity_les_rice_paddy_l500_cv1p0_s5_wind3_n1_point,point,1,1.0,500.0,5,-0.1408611413677639,-0.01727478371162476,-0.12358635765613914,0.3674936003259508,0.4465640565363944,0.37356674641483073,-0.3833022976259347,-0.04700703276547614,-0.3154332268931364,-0.038683775504930025,-0.3770708788178467,-0.046242830437701256,0.56875
source_heterogeneity_les_rice_paddy_l500_cv1p0_s5_wind3_n2_op,open_path,2,1.0,500.0,5,-0.08590880856144899,-0.16489093076913616,0.07898212220768717,0.22463352224968697,0.26322573402208294,0.22520217419337327,-0.3824398411291381,-0.7340441850253093,-0.3263693380155673,-0.6264240515150501,-0.381474152588252,-0.7321906698269709,0.22825
source_heterogeneity_les_rice_paddy_l500_cv1p0_s5_wind3_n2_point,point,2,1.0,500.0,5,0.003036171745505446,-0.2778512129701759,0.28088738471568137,0.1860178678063603,0.22676478438353195,0.19098614789549118,0.016321936066195645,-1.4936802375318683,0.013389079586406618,-1.2252837834830668,0.015897340089642827,-1.454823902318915,0.03875
source_heterogeneity_les_rice_paddy_l500_cv1p0_s5_wind3_n3_op,open_path,3,1.0,500.0,5,-0.0893252571844803,-0.1886280756875966,0.0993028185031163,0.21013842083765766,0.24571813834096937,0.20977659055644773,-0.4250781786044185,-0.8976372570788524,-0.3635273235731935,-0.7676603646811287,-0.42581136888314625,-0.8991855344166232,0.1575
source_heterogeneity_les_rice_paddy_l500_cv1p0_s5_wind3_n3_point,point,3,1.0,500.0,5,-0.035394337421963566,-0.1564129699324286,0.12101863251046502,0.18537705355138773,0.22052171627683456,0.1810826469320795,-0.1909315999142905,-0.8437558313498056,-0.1605027297063608,-0.7092860176005238,-0.19545957617484616,-0.863765648351142,0.19125
source_heterogeneity_les_rice_paddy_l500_cv1p0_s5_wind3_n4_op,open_path,4,1.0,500.0,5,-0.05839777085611352,-0.17059517974749336,0.11219740889137983,0.20557785568387246,0.24030781089086983,0.20426601724585744,-0.2840664460763456,-0.8298324699418319,-0.24301237084063615,-0.7099027664355245,-0.2858907793058164,-0.8351618249949163,0.18825
source_heterogeneity_les_rice_paddy_l500_cv1p0_s5_wind3_n4_point,point,4,1.0,500.0,5,-0.09952609600673963,-0.14681749690048038,0.047291400893740745,0.22088654293088092,0.25994040335232116,0.22868200570224503,-0.45057564252740834,-0.6646737956617937,-0.3828804399900955,-0.5648121454266004,-0.43521612337232773,-0.6420159577034837,0.24875
source_heterogeneity_les_rice_paddy_l500_cv1p0_s6_wind3_n1_op,open_path,1,1.0,500.0,6,0.03384946596604137,0.06614550610541944,-0.03229604013937808,0.2221809597350492,0.2604978039012791,0.22144164188423754,0.15235088554125814,0.2977100566326564,0.12994146384001498,0.25391963047215027,0.1528595330038998,0.2987040086164018,0.66525
source_heterogeneity_les_rice_paddy_l500_cv1p0_s6_wind3_n1_point,point,1,1.0,500.0,6,0.005256515539891626,-0.011093118626424096,0.01634963416631572,0.3674936003259508,0.4465640565363944,0.37356674641483073,0.014303692731599479,-0.030185882465939496,0.01177102246128317,-0.024841046797325527,0.014071154861451395,-0.02969514479778036,0.57425
source_heterogeneity_les_rice_paddy_l500_cv1p0_s6_wind3_n2_op,open_path,2,1.0,500.0,6,0.06401518481896189,0.08849319853538745,-0.024478013716425565,0.22463352224968697,0.26322573402208294,0.22520217419337327,0.2849760987489974,0.3939447578844647,0.24319500924477022,0.33618748890244693,0.284256513278572,0.3929500185881928,0.69825
source_heterogeneity_les_rice_paddy_l500_cv1p0_s6_wind3_n2_point,point,2,1.0,500.0,6,0.1267778731567307,0.023766262499818287,0.10301161065691242,0.1860178678063603,0.22676478438353195,0.19098614789549118,0.6815359978682431,0.12776333144812918,0.559072139447846,0.10480579056588397,0.6638066401868283,0.1244397185958394,0.59875
source_heterogeneity_les_rice_paddy_l500_cv1p0_s6_wind3_n3_op,open_path,3,1.0,500.0,6,0.059248176670905935,0.05447245393039697,0.004775722740508963,0.21013842083765766,0.24571813834096937,0.20977659055644773,0.2819483292713905,0.2592217725500071,0.24112251977381718,0.22168674359240254,0.2824346439883774,0.2596688876766698,0.64725
source_heterogeneity_les_rice_paddy_l500_cv1p0_s6_wind3_n3_point,point,3,1.0,500.0,6,0.11856316730126083,-0.0336318040866065,0.15219497138786733,0.18537705355138773,0.22052171627683456,0.1810826469320795,0.6395784431237297,-0.18142377086214473,0.5376484878814436,-0.15251016840621,0.6547461576797666,-0.18572626729507175,0.47925
source_heterogeneity_les_rice_paddy_l500_cv1p0_s6_wind3_n4_op,open_path,4,1.0,500.0,6,0.09764287356907347,0.08249697176993616,0.015145901799137315,0.20557785568387246,0.24030781089086983,0.20426601724585744,0.4749678570401274,0.4012930842940397,0.40632417734193294,0.34329708828066446,0.47801819845319227,0.4038702711408019,0.69625
source_heterogeneity_les_rice_paddy_l500_cv1p0_s6_wind3_n4_point,point,4,1.0,500.0,6,0.0506413146195599,0.14227773236159616,-0.09163641774203626,0.22088654293088092,0.25994040335232116,0.22868200570224503,0.22926391960150516,0.6441213234348877,0.19481894298256153,0.5473475093779633,0.22144862016601924,0.6221640916813044,0.76725
source_heterogeneity_les_rice_paddy_l500_cv1p0_s7_wind3_n1_op,open_path,1,1.0,500.0,7,0.41933817072583957,0.44561433113250243,-0.026276160406662863,0.2221809597350492,0.2604978039012791,0.22144164188423754,1.8873722177899508,2.0056368991469724,1.6097570284498686,1.7106260569527758,1.8936735076461177,2.012333034296481,0.957
source_heterogeneity_les_rice_paddy_l500_cv1p0_s7_wind3_n1_point,point,1,1.0,500.0,7,0.6377391741121922,0.5402043119493383,0.0975348621628539,0.3674936003259508,0.4465640565363944,0.37356674641483073,1.7353749114176282,1.4699693041462507,1.4281023400283834,1.209690533849117,1.7071625893703308,1.4460717318491279,0.91675
source_heterogeneity_les_rice_paddy_l500_cv1p0_s7_wind3_n2_op,open_path,2,1.0,500.0,7,0.4237246428307684,0.46288200969200244,-0.039157366861234055,0.22463352224968697,0.26322573402208294,0.22520217419337327,1.8862930099977937,2.0606096768473185,1.6097386693780504,1.758498314808269,1.8815299823301475,2.055406486859855,0.95725
source_heterogeneity_les_rice_paddy_l500_cv1p0_s7_wind3_n2_point,point,2,1.0,500.0,7,0.43933043875990585,0.27677626128434873,0.16255417747555712,0.1860178678063603,0.22676478438353195,0.19098614789549118,2.361764726909123,1.4879014825203005,1.9373838841610311,1.2205434015549406,2.300326194339027,1.4491954748247107,0.9165
source_heterogeneity_les_rice_paddy_l500_cv1p0_s7_wind3_n3_op,open_path,3,1.0,500.0,7,0.4133868365669975,0.4260852024895669,-0.012698365922569399,0.21013842083765766,0.24571813834096937,0.20977659055644773,1.9672120639298003,2.027640641778396,1.6823619101059752,1.7340404960187032,1.9706051827349214,2.0311379899889914,0.9565
source_heterogeneity_les_rice_paddy_l500_cv1p0_s7_wind3_n3_point,point,3,1.0,500.0,7,0.4910417590069012,0.258142842152811,0.2328989168540902,0.18537705355138773,0.22052171627683456,0.1810826469320795,2.6488810216782372,1.392528563850823,2.2267274502365386,1.1706005490577098,2.711699698044955,1.4255526221109152,0.9155
source_heterogeneity_les_rice_paddy_l500_cv1p0_s7_wind3_n4_op,open_path,4,1.0,500.0,7,0.4356474718955078,0.4153601200008133,0.020287351894694494,0.20557785568387246,0.24030781089086983,0.20426601724585744,2.1191361805301883,2.020451661094927,1.812872708050871,1.7284503506606341,2.132745709586908,2.033427417840531,0.9575
source_heterogeneity_les_rice_paddy_l500_cv1p0_s7_wind3_n4_point,point,4,1.0,500.0,7,0.3298319653037349,0.49500169136106814,-0.16516972605733327,0.22088654293088092,0.25994040335232116,0.22868200570224503,1.493218921022929,2.240977131485834,1.268875330845291,1.90428915619611,1.4423170913289607,2.1645852276002167,0.9615
source_heterogeneity_les_rice_paddy_l500_cv1p0_s8_wind3_n1_op,open_path,1,1.0,500.0,8,-0.23930068884745037,-0.3036981770969839,0.06439748824953351,0.2221809597350492,0.2604978039012791,0.22144164188423754,-1.0770530883151124,-1.3668956037418507,-0.9186284308874182,-1.1658377635002115,-1.0806489999408013,-1.3714592003239723,0.035
source_heterogeneity_les_rice_paddy_l500_cv1p0_s8_wind3_n1_point,point,1,1.0,500.0,8,-0.38182944205369573,-0.5029822833394104,0.12115284128571469,0.3674936003259508,0.4465640565363944,0.37356674641483073,-1.039009772455982,-1.3686831087487974,-0.8550384574504534,-1.1263384859959458,-1.0221183917416719,-1.3464321655141889,0.02725
source_heterogeneity_les_rice_paddy_l500_cv1p0_s8_wind3_n2_op,open_path,2,1.0,500.0,8,-0.22496349222626086,-0.3015792068477865,0.07661571462152564,0.22463352224968697,0.26322573402208294,0.22520217419337327,-1.0014689258008744,-1.3425387441175056,-0.8546409531804663,-1.145705635386265,-0.9989401435933409,-1.3391487356992875,0.03875
source_heterogeneity_les_rice_paddy_l500_cv1p0_s8_wind3_n2_point,point,2,1.0,500.0,8,-0.1057544792377072,-0.12168674601570541,0.015932266777998208,0.1860178678063603,0.22676478438353195,0.19098614789549118,-0.5685178552191278,-0.6541669757357832,-0.4663620038058576,-0.5366210028885883,-0.5537285316397749,-0.6371495909865315,0.2815
source_heterogeneity_les_rice_paddy_l500_cv1p0_s8_wind3_n3_op,open_path,3,1.0,500.0,8,-0.20209085025862822,-0.2775195155886242,0.07542866532999598,0.21013842083765766,0.24571813834096937,0.20977659055644773,-0.9617034783694002,-1.3206509998617615,-0.8224498672466662,-1.1294221804803268,-0.9633622594521508,-1.3229289066643872,0.04625
source_heterogeneity_les_rice_paddy_l500_cv1p0_s8_wind3_n3_point,point,3,1.0,500.0,8,-0.14907953963536077,-0.24781821715261187,0.0987386775172511,0.18537705355138773,0.22052171627683456,0.1810826469320795,-0.8041962949531667,-1.3368332941159573,-0.6760311054726783,-1.1237814639602675,-0.8232679506351458,-1.368536529320579,0.0535
source_heterogeneity_les_rice_paddy_l500_cv1p0_s8_wind3_n4_op,open_path,4,1.0,500.0,8,-0.18578085864591545,-0.2718181566571861,0.08603729801127066,0.20557785568387246,0.24030781089086983,0.20426601724585744,-0.9037007319095698,-1.3222151566517686,-0.7730953811163611,-1.131124933681935,-0.9095044841565938,-1.3307066947412107,0.049
source_heterogeneity_les_rice_paddy_l500_cv1p0_s8_wind3_n4_point,point,4,1.0,500.0,8,-0.221357074059734,-0.28739169752909677,0.06603462346936276,0.22088654293088092,0.25994040335232116,0.22868200570224503,-1.0021301937302731,-1.3010828713953226,-0.8515685565037321,-1.105606107487524,-0.9679689198981032,-1.2567307018607077,0.046
source_heterogeneity_les_rice_paddy_l500_cv1p0_s9_wind3_n1_op,open_path,1,1.0,500.0,9,-0.28427252740945064,-0.28485438019684106,0.0005818527873904245,0.2221809597350492,0.2604978039012791,0.22144164188423754,-1.2794639457334491,-1.2820827695430335,-1.091266502642692,-1.0935001214244109,-1.2837356379341651,-1.2863632051001213,0.05125
source_heterogeneity_les_rice_paddy_l500_cv1p0_s9_wind3_n1_point,point,1,1.0,500.0,9,-0.4044786930995324,-0.4306457358497443,0.026167042750211922,0.3674936003259508,0.4465640565363944,0.37356674641483073,-1.1006414608057866,-1.171845538174761,-0.9057573872754532,-0.9643537798135512,-1.0827481219390314,-1.1527946209953326,0.06925
source_heterogeneity_les_rice_paddy_l500_cv1p0_s9_wind3_n2_op,open_path,2,1.0,500.0,9,-0.26196287100617466,-0.2676907038100196,0.005727832803844923,0.22463352224968697,0.26322573402208294,0.22520217419337327,-1.1661788872054233,-1.1916774536993338,-0.9952023573204194,-1.016962512440224,-1.1632342003112113,-1.1886683810617338,0.06925
source_heterogeneity_les_rice_paddy_l500_cv1p0_s9_wind3_n2_point,point,2,1.0,500.0,9,-0.2096642251926247,-0.1419349471548092,-0.0677292780378155,0.1860178678063603,0.22676478438353195,0.19098614789549118,-1.1271187422214712,-0.7630178155926384,-0.9245889998423004,-0.6259126501527313,-1.097798073331236,-0.7431688042238377,0.23575
source_heterogeneity_les_rice_paddy_l500_cv1p0_s9_wind3_n3_op,open_path,3,1.0,500.0,9,-0.2487970678265193,-0.25977190635678415,0.010974838530264847,0.21013842083765766,0.24571813834096937,0.20977659055644773,-1.1839675335655413,-1.236194244352254,-1.0125303305093314,-1.0571946707341284,-1.1860096837619818,-1.2383264770760178,0.06425
source_heterogeneity_les_rice_paddy_l500_cv1p0_s9_wind3_n3_point,point,3,1.0,500.0,9,-0.20573210844782452,-0.19179675274354174,-0.013935355704282781,0.18537705355138773,0.22052171627683456,0.1810826469320795,-1.1098035301914768,-1.0346304953561818,-0.9329335537619173,-0.8697408853047716,-1.1361227148672646,-1.059166938373067,0.12225
source_heterogeneity_les_rice_paddy_l500_cv1p0_s9_wind3_n4_op,open_path,4,1.0,500.0,9,-0.22422855092960783,-0.24796891174149369,0.023740360811885852,0.20557785568387246,0.24030781089086983,0.20426601724585744,-1.0907232697008742,-1.2062043886808904,-0.9330889000168038,-1.0318803655287883,-1.097728119208998,-1.2139508817222144,0.07225
source_heterogeneity_les_rice_paddy_l500_cv1p0_s9_wind3_n4_point,point,4,1.0,500.0,9,-0.2538451803739431,-0.24348417469971548,-0.010361005674227625,0.22088654293088092,0.25994040335232116,0.22868200570224503,-1.1492107079306118,-1.1023042484571173,-0.9765514598739903,-0.9366923016184558,-1.110035656694658,-1.0647281754942433,0.09175
source_heterogeneity_les_rice_paddy_l500_cv1p0_s10_wind3_n1_op,open_path,1,1.0,500.0,10,0.0943513289853019,0.09937348955330111,-0.005022160567999215,0.2221809597350492,0.2604978039012791,0.22144164188423754,0.42465983177773586,0.44726375145648845,0.36219625490991947,0.38147534476321615,0.42607762561038853,0.4487570120404469,0.717
source_heterogeneity_les_rice_paddy_l500_cv1p0_s10_wind3_n1_point,point,1,1.0,500.0,10,0.16265060712425103,0.21483971036489913,-0.0521891032406481,0.3674936003259508,0.4465640565363944,0.37356674641483073,0.44259439342613593,0.5846080317435343,0.3642268219833658,0.4810949453281625,0.4353990516694281,0.5751039470904307,0.77775
source_heterogeneity_les_rice_paddy_l500_cv1p0_s10_wind3_n2_op,open_path,2,1.0,500.0,10,0.11562035888478304,0.13159511630633422,-0.015974757421551175,0.22463352224968697,0.26322573402208294,0.22520217419337327,0.5147066106912909,0.585821363563281,0.43924413133209556,0.49993256470620856,0.5134069388935112,0.5843421218186734,0.75325
source_heterogeneity_les_rice_paddy_l500_cv1p0_s10_wind3_n2_point,point,2,1.0,500.0,10,0.16624962967573972,-0.007242953472165022,0.17349258314790475,0.1860178678063603,0.22676478438353195,0.19098614789549118,0.8937293585624861,-0.03893686965439657,0.733136893930401,-0.03194038038955319,0.8704800400849625,-0.03792397276962941,0.53925
source_heterogeneity_les_rice_paddy_l500_cv1p0_s10_wind3_n3_op,open_path,3,1.0,500.0,10,0.10634895965350195,0.09242362154480319,0.013925338108698768,0.21013842083765766,0.24571813834096937,0.20977659055644773,0.5060900297507318,0.4398225758829939,0.432808747337681,0.37613674826297144,0.5069629522121776,0.44058119783357513,0.70975
source_heterogeneity_les_rice_paddy_l500_cv1p0_s10_wind3_n3_point,point,3,1.0,500.0,10,0.18506389108659563,0.04144287140908465,0.14362101967751098,0.18537705355138773,0.22052171627683456,0.1810826469320795,0.9983106729835617,0.22355987763931318,0.8392093722609771,0.18793102152832353,1.0219857850653653,0.22886163920847172,0.63775
source_heterogeneity_les_rice_paddy_l500_cv1p0_s10_wind3_n4_op,open_path,4,1.0,500.0,10,0.14275617249216557,0.12267297200017072,0.020083200491994857,0.20557785568387246,0.24030781089086983,0.20426601724585744,0.6944141528146349,0.5967226946311338,0.5940554822705907,0.5104826661497065,0.6988738235413002,0.6005549706905962,0.755
source_heterogeneity_les_rice_paddy_l500_cv1p0_s10_wind3_n4_point,point,4,1.0,500.0,10,0.08624815717283967,0.19077781998628224,-0.10452966281344257,0.22088654293088092,0.25994040335232116,0.22868200570224503,0.39046361099430194,0.8636914565047985,0.33179973586460737,0.7339290757647379,0.3771532303470301,0.8342493734932697,0.8195
source_heterogeneity_les_rice_paddy_l500_cv1p0_s11_wind3_n1_op,open_path,1,1.0,500.0,11,0.011142813663166813,-0.02945023517369535,0.04059304883686216,0.2221809597350492,0.2604978039012791,0.22144164188423754,0.05015197376253401,-0.13255067044815522,0.042775077164910025,-0.11305367927345797,0.05031941403772607,-0.13299321176949624,0.49925
source_heterogeneity_les_rice_paddy_l500_cv1p0_s11_wind3_n1_point,point,1,1.0,500.0,11,0.053255153746981254,-0.1737310319814008,0.22698618572838206,0.3674936003259508,0.4465640565363944,0.37356674641483073,0.1449145065376547,-0.4727457344217939,0.11925535198697979,-0.389039443364251,0.1425586036714402,-0.46506021654421975,0.3715
source_heterogeneity_les_rice_paddy_l500_cv1p0_s11_wind3_n2_op,open_path,2,1.0,500.0,11,0.009823282485829145,-0.05928508715920314,0.06910836964503228,0.22463352224968697,0.26322573402208294,0.22520217419337327,0.043730260681708356,-0.26391914512788506,0.03731885304574755,-0.22522527054375885,0.043619838578442115,-0.26325273000382804,0.433
source_heterogeneity_les_rice_paddy_l500_cv1p0_s11_wind3_n2_point,point,2,1.0,500.0,11,0.11981980181193415,0.0967452895150207,0.023074512296913444,0.1860178678063603,0.22676478438353195,0.19098614789549118,0.6441306054355134,0.520086003865661,0.5283880481604253,0.42663277624004176,0.6273743050595496,0.5065565779564303,0.7315
source_heterogeneity_les_rice_paddy_l500_cv1p0_s11_wind3_n3_op,open_path,3,1.0,500.0,11,0.029611907601717943,-0.027364934466381302,0.05697684206809925,0.21013842083765766,0.24571813834096937,0.20977659055644773,0.14091619934935462,-0.1302233754174924,0.12051168791058944,-0.11136717318120207,0.14115925672721724,-0.1304479894243386,0.491
source_heterogeneity_les_rice_paddy_l500_cv1p0_s11_wind3_n3_point,point,3,1.0,500.0,11,0.1039116161615718,-0.033186579675724914,0.1370981958372967,0.18537705355138773,0.22052171627683456,0.1810826469320795,0.5605419558185329,-0.17902204744302605,0.4712080874208557,-0.15049120892050263,0.5738353062651386,-0.18326758658532608,0.48025
source_heterogeneity_les_rice_paddy_l500_cv1p0_s11_wind3_n4_op,open_path,4,1.0,500.0,11,0.039094063533647604,-0.0438711235761276,0.08296518710977521,0.20557785568387246,0.24030781089086983,0.20426601724585744,0.190166705473203,-0.21340393609120265,0.16268328269779486,-0.1825622039229122,0.19138799522679997,-0.21477446012629553,0.45175
source_heterogeneity_les_rice_paddy_l500_cv1p0_s11_wind3_n4_point,point,4,1.0,500.0,11,-0.03889590798325294,-0.08405486951348752,0.04515896153023458,0.22088654293088092,0.25994040335232116,0.22868200570224503,-0.17608998478202503,-0.3805341348467285,-0.14963394486440698,-0.3233620800363236,-0.1700873134456293,-0.3675622367198012,0.371
source_heterogeneity_les_rice_paddy_l500_cv1p0_s12_wind3_n1_op,open_path,1,1.0,500.0,12,-0.013162181304749056,-0.03758712376342109,0.024424942458672036,0.2221809597350492,0.2604978039012791,0.22144164188423754,-0.059240815776675726,-0.1691734692668703,-0.050527033654906094,-0.14428959937668223,-0.05943860058457214,-0.16973828157881168,0.482
source_heterogeneity_les_rice_paddy_l500_cv1p0_s12_wind3_n1_point,point,1,1.0,500.0,12,0.08788728400232107,0.2239513582068487,-0.13606407420452762,0.3674936003259508,0.4465640565363944,0.37356674641483073,0.2391532367485281,0.6094020630786866,0.19680778763070547,0.501498844183392,0.2352652768100665,0.5994948971131381,0.782
source_heterogeneity_les_rice_paddy_l500_cv1p0_s12_wind3_n2_op,open_path,2,1.0,500.0,12,-0.0049952427723015886,-0.041067519818997186,0.0360722770466956,0.22463352224968697,0.26322573402208294,0.22520217419337327,-0.022237298878077624,-0.18282008583451492,-0.018977030459653006,-0.1560163559675054,-0.022181148073696425,-0.18235845176047874,0.46875
source_heterogeneity_les_rice_paddy_l500_cv1p0_s12_wind3_n2_point,point,2,1.0,500.0,12,0.030282957209746438,-0.11917355090114132,0.14945650811088776,0.1860178678063603,0.22676478438353195,0.19098614789549118,0.16279595915630105,-0.6406564719105255,0.13354347453936344,-0.5255381748322113,0.15856101368313613,-0.6239905470335673,0.28875
source_heterogeneity_les_rice_paddy_l500_cv1p0_s12_wind3_n3_op,open_path,3,1.0,500.0,12,-0.0007722514911271329,-0.04503195124587937,0.04425969975475224,0.21013842083765766,0.24571813834096937,0.20977659055644773,-0.0036749657109288714,-0.21429661014093557,-0.0031428346980861568,-0.18326669553141023,-0.00368130442523963,-0.2146662367160646,0.44925
source_heterogeneity_les_rice_paddy_l500_cv1p0_s12_wind3_n3_point,point,3,1.0,500.0,12,0.0778451374306365,0.06317674386282139,0.014668393567815102,0.18537705355138773,0.22052171627683456,0.1810826469320795,0.41992865858695566,0.3408013163037376,0.35300440584687215,0.2864876300142328,0.42988734011511687,0.3488834790807853,0.67925
source_heterogeneity_les_rice_paddy_l500_cv1p0_s12_wind3_n4_op,open_path,4,1.0,500.0,12,0.02214899199560893,-0.036263910926723056,0.058412902922331984,0.20557785568387246,0.24030781089086983,0.20426601724585744,0.10774016453245121,-0.1763998890157115,0.09216925539581139,-0.150906084959475,0.10843209406168669,-0.1775327654382927,0.4675
source_heterogeneity_les_rice_paddy_l500_cv1p0_s12_wind3_n4_point,point,4,1.0,500.0,12,-0.047000435725736436,-0.10028803266968567,0.05328759694394923,0.22088654293088092,0.25994040335232116,0.22868200570224503,-0.21278089240793477,-0.4540250906143588,-0.1808123520606853,-0.38581163749967745,-0.20552747725561435,-0.43854798440182263,0.341
source_heterogeneity_les_rice_paddy_l500_cv1p0_s13_wind3_n1_op,open_path,1,1.0,500.0,13,0.18485019369940647,0.19377206323297658,-0.008921869533570104,0.2221809597350492,0.2604978039012791,0.22144164188423754,0.8319803547515517,0.872136223842267,0.7096036547373704,0.7438529627927705,0.8347580523993772,0.8750479881930892,0.828
source_heterogeneity_les_rice_paddy_l500_cv1p0_s13_wind3_n1_point,point,1,1.0,500.0,13,0.3064354853233793,0.27146765980993676,0.03496782551344252,0.3674936003259508,0.4465640565363944,0.37356674641483073,0.8338525760763844,0.7387003734735973,0.6862072323960205,0.6079030675139268,0.8202964751661678,0.7266911801311216,0.81
source_heterogeneity_les_rice_paddy_l500_cv1p0_s13_wind3_n2_op,open_path,2,1.0,500.0,13,0.19025013113952854,0.20475374324221288,-0.014503612102684332,0.22463352224968697,0.26322573402208294,0.22520217419337327,0.846935618665409,0.9115012808044869,0.7227641774704588,0.7778636993943585,0.8447970443489918,0.9091996734738359,0.83375
source_heterogeneity_les_rice_paddy_l500_cv1p0_s13_wind3_n2_point,point,2,1.0,500.0,13,0.25264423294945165,0.2572267716864669,-0.0045825387370152515,0.1860178678063603,0.22676478438353195,0.19098614789549118,1.3581718569769203,1.3828067954968348,1.114124636399227,1.134332971434462,1.322840612962675,1.3468347025210594,0.905
source_heterogeneity_les_rice_paddy_l500_cv1p0_s13_wind3_n3_op,open_path,3,1.0,500.0,13,0.18817126588231056,0.1973268853175939,-0.009155619435283341,0.21013842083765766,0.24571813834096937,0.20977659055644773,0.8954634051793993,0.9390328742883183,0.7658012841575244,0.8030619418244752,0.8970079329784726,0.9406525522898905,0.8395
source_heterogeneity_les_rice_paddy_l500_cv1p0_s13_wind3_n3_point,point,3,1.0,500.0,13,0.22613860100960295,0.08105602163807601,0.14508257937152694,0.18537705355138773,0.22052171627683456,0.1810826469320795,1.219884536286018,0.4372494873838674,1.025470891609229,0.3675648049842011,1.2488143112598913,0.4476189353940608,0.714
source_heterogeneity_les_rice_paddy_l500_cv1p0_s13_wind3_n4_op,open_path,4,1.0,500.0,13,0.20807097311122638,0.18096595582378328,0.027105017287443106,0.20557785568387246,0.24030781089086983,0.20426601724585744,1.0121273637136663,0.8802794212527629,0.8658518936187095,0.7530589836131657,1.0186274541241447,0.8859327570183645,0.8275
source_heterogeneity_les_rice_paddy_l500_cv1p0_s13_wind3_n4_point,point,4,1.0,500.0,13,0.12611768607922824,0.15515099923501094,-0.029033313155782697,0.22088654293088092,0.25994040335232116,0.22868200570224503,0.5709613831870807,0.7024013195931101,0.48517923513525263,0.5968714260426861,0.5514980756441307,0.6784574009597634,0.78225
source_heterogeneity_les_rice_paddy_l500_cv1p0_s14_wind3_n1_op,open_path,1,1.0,500.0,14,-0.2619405904230412,-0.2904003900821711,0.028459799659129925,0.2221809597350492,0.2604978039012791,0.22144164188423754,-1.1789515660361056,-1.3070444489414106,-1.0055385746065977,-1.1147901661091324,-1.1828876818027532,-1.3114082230025323,0.04725
source_heterogeneity_les_rice_paddy_l500_cv1p0_s14_wind3_n1_point,point,1,1.0,500.0,14,-0.36586423312826655,-0.49425900018010405,0.1283947670518375,0.3674936003259508,0.4465640565363944,0.37356674641483073,-0.9955662705520884,-1.344945870463371,-0.8192872394745658,-1.1068042600957126,-0.9793811591623552,-1.3230808280543511,0.02975
source_heterogeneity_les_rice_paddy_l500_cv1p0_s14_wind3_n2_op,open_path,2,1.0,500.0,14,-0.24440920607353253,-0.27289183410395046,0.028482628030417928,0.22463352224968697,0.26322573402208294,0.22520217419337327,-1.088035319153587,-1.214831301094157,-0.9285156217022009,-1.03672171384678,-1.085287950478075,-1.2117637633002056,0.0635
source_heterogeneity_les_rice_paddy_l500_cv1p0_s14_wind3_n2_point,point,2,1.0,500.0,14,-0.184754352646987,-0.1516890553343605,-0.0330652973126265,0.1860178678063603,0.22676478438353195,0.19098614789549118,-0.9932075602506714,-0.8154542201949375,-0.8147400538811536,-0.668926860697231,-0.9673704333158536,-0.7942411374115242,0.216
source_heterogeneity_les_rice_paddy_l500_cv1p0_s14_wind3_n3_op,open_path,3,1.0,500.0,14,-0.22893232699894128,-0.26194134202724817,0.03300901502830689,0.21013842083765766,0.24571813834096937,0.20977659055644773,-1.0894358398924242,-1.2465180854747682,-0.9316867226190061,-1.0660236309611248,-1.0913149383907974,-1.2486681251345997,0.062
source_heterogeneity_les_rice_paddy_l500_cv1p0_s14_wind3_n3_point,point,3,1.0,500.0,14,-0.19027569443923512,-0.26797492574076387,0.07769923130152875,0.18537705355138773,0.22052171627683456,0.1810826469320795,-1.0264252818458433,-1.4455668628182154,-0.8628433410175815,-1.215186106226193,-1.0507671367903284,-1.4798487336076764,0.0365
source_heterogeneity_les_rice_paddy_l500_cv1p0_s14_wind3_n4_op,open_path,4,1.0,500.0,14,-0.21136180073860245,-0.2600738797399478,0.04871207900134533,0.20557785568387246,0.24030781089086983,0.20426601724585744,-1.028135058785827,-1.265087034178801,-0.8795461119430174,-1.0822531268367894,-1.0347379539113666,-1.2732116836983178,0.05775
source_heterogeneity_les_rice_paddy_l500_cv1p0_s14_wind3_n4_point,point,4,1.0,500.0,14,-0.24719404206637627,-0.22355013602394497,-0.0236439060424313,0.22088654293088092,0.25994040335232116,0.22868200570224503,-1.1190996010278789,-1.0120586481083076,-0.9509642936551553,-0.8600053440747605,-1.080950997028751,-0.9775589265865456,0.11675
source_heterogeneity_les_rice_paddy_l500_cv1p0_s15_wind3_n1_op,open_path,1,1.0,500.0,15,-0.15422687648277225,-0.22895412384887828,0.07472724736610603,0.2221809597350492,0.2604978039012791,0.22144164188423754,-0.6941498347414099,-1.030484898984621,-0.5920467434774216,-0.8789099962456692,-0.6964673634573078,-1.033925335364737,0.11875
source_heterogeneity_les_rice_paddy_l500_cv1p0_s15_wind3_n1_point,point,1,1.0,500.0,15,-0.283616582419607,-0.40863996106422584,0.12502337864461882,0.3674936003259508,0.4465640565363944,0.37356674641483073,-0.7717592419787759,-1.11196483612716,-0.6351083977052968,-0.9150757995027354,-0.7592126042842751,-1.0938874109807615,0.0875
source_heterogeneity_les_rice_paddy_l500_cv1p0_s15_wind3_n2_op,open_path,2,1.0,500.0,15,-0.133382639113738,-0.23420344412214383,0.10082080500840584,0.22463352224968697,0.26322573402208294,0.22520217419337327,-0.593778870481669,-1.0426023764245642,-0.5067234007695769,-0.889743721267373,-0.5922795354506967,-1.0399697292488903,0.11425
source_heterogeneity_les_rice_paddy_l500_cv1p0_s15_wind3_n2_point,point,2,1.0,500.0,15,-0.006205239250068643,0.014541416087621497,-0.02074665533769014,0.1860178678063603,0.22676478438353195,0.19098614789549118,-0.033358296830539605,0.07817214689697835,-0.027364210306894895,0.06412554809668904,-0.03249051995888304,0.0761385904048845,0.5825
source_heterogeneity_les_rice_paddy_l500_cv1p0_s15_wind3_n3_op,open_path,3,1.0,500.0,15,-0.11577885112688424,-0.21402100024446194,0.0982421491175777,0.21013842083765766,0.24571813834096937,0.20977659055644773,-0.5509646958674403,-1.0184762947743087,-0.4711856109141784,-0.8710020419716713,-0.551915019782581,-1.0202329996724402,0.1205
source_heterogeneity_les_rice_paddy_l500_cv1p0_s15_wind3_n3_point,point,3,1.0,500.0,15,-0.05305050226446178,-0.20817499043330903,0.15512448816884725,0.18537705355138773,0.22052171627683456,0.1810826469320795,-0.286176208155967,-1.1229814394239552,-0.24056815428492404,-0.9440112926201522,-0.2929629269466111,-1.1496131405202583,0.0985
source_heterogeneity_les_rice_paddy_l500_cv1p0_s15_wind3_n4_op,open_path,4,1.0,500.0,15,-0.09238185896248997,-0.21236128246756736,0.11997942350507738,0.20557785568387246,0.24030781089086983,0.20426601724585744,-0.4493765082585075,-1.032996874887761,-0.3844313616773906,-0.8837052848190867,-0.45226249675832214,-1.039630993597757,0.117
source_heterogeneity_les_rice_paddy_l500_cv1p0_s15_wind3_n4_point,point,4,1.0,500.0,15,-0.12993688623761437,-0.24938120169029387,0.1194443154526795,0.22088654293088092,0.25994040335232116,0.22868200570224503,-0.5882517083816817,-1.1290013342656615,-0.4998718343200343,-0.9593783747126243,-0.5681989968497935,-1.0905151934647634,0.085
source_heterogeneity_les_rice_paddy_l500_cv1p0_s16_wind3_n1_op,open_path,1,1.0,500.0,16,0.03835119012155793,0.05640346102918396,-0.018052270907626032,0.2221809597350492,0.2604978039012791,0.22144164188423754,0.17261240642443765,0.25386271216239725,0.14722270033451756,0.21652182929941013,0.17318870017052476,0.25471027287031156,0.6525
source_heterogeneity_les_rice_paddy_l500_cv1p0_s16_wind3_n1_point,point,1,1.0,500.0,16,0.043651105286448354,0.26623229336038384,-0.22258118807393548,0.3674936003259508,0.4465640565363944,0.37356674641483073,0.11878058624077188,0.7244542302893096,0.09774881038346812,0.5961794046419995,0.11684954751827822,0.7126766392229775,0.80675
source_heterogeneity_les_rice_paddy_l500_cv1p0_s16_wind3_n2_op,open_path,2,1.0,500.0,16,0.06612789636183417,0.08658233451604662,-0.020454438154212454,0.22463352224968697,0.26322573402208294,0.22520217419337327,0.29438124683960126,0.3854381734699763,0.25122124403036694,0.3289280770275406,0.2936379126830829,0.38446491392086374,0.696
source_heterogeneity_les_rice_paddy_l500_cv1p0_s16_wind3_n2_point,point,2,1.0,500.0,16,0.0819643288191328,0.1160782645159251,-0.03411393569679229,0.1860178678063603,0.22676478438353195,0.19098614789549118,0.4406261064364823,0.6240167457287464,0.3614508709628601,0.5118884082089198,0.42916373633539223,0.607783683764562,0.76
source_heterogeneity_les_rice_paddy_l500_cv1p0_s16_wind3_n3_op,open_path,3,1.0,500.0,16,0.06128902446057614,0.05923270919022573,0.002056315270350405,0.21013842083765766,0.24571813834096937,0.20977659055644773,0.2916602504970995,0.28187472311874817,0.24942816543534435,0.2410595717115185,0.29216331668849477,0.2823609108771701,0.6545
source_heterogeneity_les_rice_paddy_l500_cv1p0_s16_wind3_n3_point,point,3,1.0,500.0,16,0.13582512261412827,0.23681435017497288,-0.10098922756084461,0.18537705355138773,0.22052171627683456,0.1810826469320795,0.7326965231782404,1.2774739140479778,0.615926290196375,1.0738822197342468,0.7500725492767596,1.3077694311802126,0.90375
source_heterogeneity_les_rice_paddy_l500_cv1p0_s16_wind3_n4_op,open_path,4,1.0,500.0,16,0.10350850548226724,0.09643965009370806,0.007068855388559184,0.20557785568387246,0.24030781089086983,0.20426601724585744,0.5035002682459999,0.4691149723927864,0.43073300488461114,0.4013171679113829,0.5067338506810115,0.47212772537505315,0.7155
source_heterogeneity_les_rice_paddy_l500_cv1p0_s16_wind3_n4_point,point,4,1.0,500.0,16,0.05694111321206962,0.0553607578116594,0.0015803554004102174,0.22088654293088092,0.25994040335232116,0.22868200570224503,0.2577844374606716,0.2506298350143617,0.21905449279038045,0.21297480921664907,0.2489969118348983,0.2420862001872669,0.64375
source_heterogeneity_les_rice_paddy_l500_cv1p0_s17_wind3_n1_op,open_path,1,1.0,500.0,17,0.2178816942904757,0.2545266466033603,-0.03664495231288456,0.2221809597350492,0.2604978039012791,0.22144164188423754,0.9806497125149681,1.145582622862388,0.8364051098605284,0.9770778977461871,0.9839237662642384,1.149407331148757,0.87475
source_heterogeneity_les_rice_paddy_l500_cv1p0_s17_wind3_n1_point,point,1,1.0,500.0,17,0.4471824273419392,-0.13653159905595785,0.583714026397897,0.3674936003259508,0.4465640565363944,0.37356674641483073,1.216844121762414,-0.37152102495080264,1.0013847303572547,-0.30573799448821226,1.1970616539978673,-0.36548113654726927,0.4185
source_heterogeneity_les_rice_paddy_l500_cv1p0_s17_wind3_n2_op,open_path,2,1.0,500.0,17,0.1905775446616102,0.261547987976666,-0.07097044331505581,0.22463352224968697,0.26322573402208294,0.22520217419337327,0.8483931639097814,1.1643319543640842,0.7240080282029795,0.9936262081226596,0.8462509091851302,1.161391931110238,0.8755
source_heterogeneity_les_rice_paddy_l500_cv1p0_s17_wind3_n2_point,point,2,1.0,500.0,17,0.1657554104652164,0.19898459708122065,-0.03322918661600424,0.1860178678063603,0.22676478438353195,0.19098614789549118,0.8910725212578151,1.0697069019646994,0.7309574584776394,0.8774933798568737,0.8678923172790459,1.041879734597853,0.859
source_heterogeneity_les_rice_paddy_l500_cv1p0_s17_wind3_n3_op,open_path,3,1.0,500.0,17,0.20705872079862334,0.28080767190025385,-0.07374895110163052,0.21013842083765766,0.24571813834096937,0.20977659055644773,0.9853444218969669,1.336298573011509,0.8426676280254879,1.14280400216362,0.9870439797376102,1.3386034693165285,0.9
source_heterogeneity_les_rice_paddy_l500_cv1p0_s17_wind3_n3_point,point,3,1.0,500.0,17,0.2594863365744363,-0.0045936762290276455,0.26408001280346394,0.18537705355138773,0.22052171627683456,0.1810826469320795,1.3997759248153387,-0.024780177163373936,1.1766928942666448,-0.02083094720368002,1.4329718555073059,-0.025367843395566456,0.5425
source_heterogeneity_les_rice_paddy_l500_cv1p0_s17_wind3_n4_op,open_path,4,1.0,500.0,17,0.1982954198524319,0.2287289303337815,-0.030433510481349596,0.20557785568387246,0.24030781089086983,0.20426601724585744,0.9645757768646097,1.1126146324121098,0.8251725947538306,0.9518164619195562,0.97077048118954,1.1197600727608066,0.8675
source_heterogeneity_les_rice_paddy_l500_cv1p0_s17_wind3_n4_point,point,4,1.0,500.0,17,0.07857535734672062,0.3515518476640699,-0.2729764903173493,0.22088654293088092,0.25994040335232116,0.22868200570224503,0.3557272267659518,1.5915494126506218,0.3022822013560555,1.3524324927186455,0.34360096285419817,1.5372956284186492,0.92075
source_heterogeneity_les_rice_paddy_l500_cv1p0_s18_wind3_n1_op,open_path,1,1.0,500.0,18,-0.03319085687844915,-0.049734627312265293,0.016543770433816142,0.2221809597350492,0.2604978039012791,0.22144164188423754,-0.14938659423394898,-0.2238473871549292,-0.1274131926694764,-0.1909214840487225,-0.14988534494248487,-0.22459473696580037,0.4575
source_heterogeneity_les_rice_paddy_l500_cv1p0_s18_wind3_n1_point,point,1,1.0,500.0,18,-0.21215084389532116,-0.17877196344833884,-0.03337888044698231,0.3674936003259508,0.4465640565363944,0.37356674641483073,-0.577291260874074,-0.4864627936099456,-0.47507371180024904,-0.400327704013879,-0.5679061263652634,-0.4785542748760079,0.36575
source_heterogeneity_les_rice_paddy_l500_cv1p0_s18_wind3_n2_op,open_path,2,1.0,500.0,18,-0.008446785399027592,-0.03274619402744522,0.024299408628417625,0.22463352224968697,0.26322573402208294,0.22520217419337327,-0.037602515040648,-0.14577607874147488,-0.03208951218393777,-0.12440346742350816,-0.03750756594283425,-0.14540798349187872,0.48875
source_heterogeneity_les_rice_paddy_l500_cv1p0_s18_wind3_n2_point,point,2,1.0,500.0,18,0.11036495190411176,0.10195945934573675,0.008405492558375013,0.1860178678063603,0.22676478438353195,0.19098614789549118,0.5933029617294548,0.5481164822933777,0.48669352344167005,0.44962651331826997,0.5778688827448584,0.5338578764441576,0.7395
source_heterogeneity_les_rice_paddy_l500_cv1p0_s18_wind3_n3_op,open_path,3,1.0,500.0,18,0.007488186133123413,-0.027547962678998485,0.0350361488121219,0.21013842083765766,0.24571813834096937,0.20977659055644773,0.03563454081016631,-0.1310943642251916,0.030474698301402866,-0.11211204376280806,0.03569600456018687,-0.13132048054516235,0.491
source_heterogeneity_les_rice_paddy_l500_cv1p0_s18_wind3_n3_point,point,3,1.0,500.0,18,0.0757986093323464,0.043674224922864574,0.03212438440948183,0.18537705355138773,0.22052171627683456,0.1810826469320795,0.4088888450874775,0.23559671537641413,0.34372401327219726,0.19804954205978342,0.41858571550910095,0.24118393265615287,0.6425
source_heterogeneity_les_rice_paddy_l500_cv1p0_s18_wind3_n4_op,open_path,4,1.0,500.0,18,0.03793084883166219,-0.004555980281396186,0.04248682911305837,0.20557785568387246,0.24030781089086983,0.20426601724585744,0.18450843698841954,-0.022161824123713737,0.15784276295907665,-0.01895893547740393,0.1856933881763019,-0.022304151923188204,0.5365
source_heterogeneity_les_rice_paddy_l500_cv1p0_s18_wind3_n4_point,point,4,1.0,500.0,18,0.007436255902615319,-0.00710003617160705,0.01453629207422237,0.22088654293088092,0.25994040335232116,0.22868200570224503,0.033665499961861634,-0.032143362277297124,0.028607541600742525,-0.027314092307472948,0.03251788823427446,-0.031047638181255235,0.5295
source_heterogeneity_les_rice_paddy_l500_cv1p0_s19_wind3_n1_op,open_path,1,1.0,500.0,19,-0.048214198650282154,-0.0922746530242718,0.04406045437398965,0.2221809597350492,0.2604978039012791,0.22144164188423754,-0.21700418752253833,-0.415313054432339,-0.1850848564871353,-0.35422430301654734,-0.2177286902320159,-0.41669964257449815,0.368
source_heterogeneity_les_rice_paddy_l500_cv1p0_s19_wind3_n1_point,point,1,1.0,500.0,19,-0.08472692438308675,-0.3087010771201026,0.22397415273701582,0.3674936003259508,0.4465640565363944,0.37356674641483073,-0.23055346897997045,-0.8400175590712279,-0.18973072987611042,-0.6912806183158269,-0.22680531711192767,-0.8263612328526226,0.193
source_heterogeneity_les_rice_paddy_l500_cv1p0_s19_wind3_n2_op,open_path,2,1.0,500.0,19,-0.05564954594122853,-0.09979149232934939,0.04414194638812086,0.22463352224968697,0.26322573402208294,0.22520217419337327,-0.24773482329753246,-0.44424131950541257,-0.21141377437116346,-0.3791099403714742,-0.24710927476856506,-0.44311957771625204,0.3485
source_heterogeneity_les_rice_paddy_l500_cv1p0_s19_wind3_n2_point,point,2,1.0,500.0,19,0.04161349951212409,0.10133441121973961,-0.05972091170761552,0.1860178678063603,0.22676478438353195,0.19098614789549118,0.2237070019286677,0.5447563312854767,0.1835095322461636,0.4468701412135962,0.21788752729279226,0.5305851358140928,0.7395
source_heterogeneity_les_rice_paddy_l500_cv1p0_s19_wind3_n3_op,open_path,3,1.0,500.0,19,-0.02518296331535788,-0.0626260802739804,0.03744311695862251,0.21013842083765766,0.24571813834096937,0.20977659055644773,-0.11983988085078914,-0.29802298896289003,-0.10248719726344697,-0.2548695863350457,-0.12004658502914091,-0.29853702983664737,0.41175
source_heterogeneity_les_rice_paddy_l500_cv1p0_s19_wind3_n3_point,point,3,1.0,500.0,19,0.045184619853709966,-0.010241068304997223,0.05542568815870719,0.18537705355138773,0.22052171627683456,0.1810826469320795,0.24374440626862426,-0.055244530586728374,0.20489873113896373,-0.04644018048608408,0.24952484746182121,-0.05655466428452663,0.5325
source_heterogeneity_les_rice_paddy_l500_cv1p0_s19_wind3_n4_op,open_path,4,1.0,500.0,19,-0.020022312118368666,-0.07160718089403592,0.05158486877566726,0.20557785568387246,0.24030781089086983,0.20426601724585744,-0.09739527660585193,-0.3483214700135307,-0.08331943953108262,-0.2979810794687595,-0.09802076913395502,-0.35055846224214826,0.3885
source_heterogeneity_les_rice_paddy_l500_cv1p0_s19_wind3_n4_point,point,4,1.0,500.0,19,-0.0884095537282126,-0.11248135789580763,0.024071804167595023,0.22088654293088092,0.25994040335232116,0.22868200570224503,-0.4002487093832485,-0.5092268474273008,-0.3401147054787901,-0.4327197944036091,-0.38660476785972436,-0.49186798738447207,0.31725
source_heterogeneity_les_rice_paddy_l500_cv2p0_s0_wind3_n1_op,open_path,1,2.0,500.0,0,-0.1919508957248182,-0.11807204267978898,-0.07387885304502921,0.3385565509366224,0.495984593916932,0.3535455159351553,-0.5669684878162387,-0.3487513160006524,-0.38700979441503847,-0.23805586731503156,-0.5429312127381765,-0.3339656065711349,0.437
source_heterogeneity_les_rice_paddy_l500_cv2p0_s0_wind3_n1_point,point,1,2.0,500.0,0,-0.2569074757196822,-0.28040563904068594,0.02349816332100374,0.5599821243278599,0.8917106473808194,0.6149193473901124,-0.45877799407980263,-0.5007403394836105,-0.288106322913475,-0.31445810349389514,-0.41779052295243024,-0.4560039299963563,0.39725
source_heterogeneity_les_rice_paddy_l500_cv2p0_s0_wind3_n2_op,open_path,2,2.0,500.0,0,-0.17138161547145067,-0.09045343673845412,-0.08092817873299656,0.34229373483798997,0.5008430041949449,0.3626961216045481,-0.5006858087909988,-0.2642567699384459,-0.3421863019668798,-0.18060237635513943,-0.47252122441582123,-0.24939179481239826,0.47575
source_heterogeneity_les_rice_paddy_l500_cv2p0_s0_wind3_n2_point,point,2,2.0,500.0,0,-0.1555662052969824,-0.1333205312792164,-0.022245674017766004,0.2834516864640727,0.456492335442958,0.30174515659976026,-0.5488279404423311,-0.470346579843386,-0.34078601811797893,-0.29205426012213026,-0.5155549373186061,-0.44183155342590946,0.37775
source_heterogeneity_les_rice_paddy_l500_cv2p0_s0_wind3_n3_op,open_path,3,2.0,500.0,0,-0.16494744453693852,-0.09847682846498279,-0.06647061607195573,0.32020628168545484,0.46629039595852595,0.3359977059072661,-0.5151286966286619,-0.3075418381758,-0.3537440315446894,-0.21119205825063098,-0.49091836532498023,-0.2930878001058792,0.44575
source_heterogeneity_les_rice_paddy_l500_cv2p0_s0_wind3_n3_point,point,3,2.0,500.0,0,-0.12633649043040374,0.02229423297488487,-0.1486307234052886,0.2824752217651478,0.4301239427559969,0.29628632699375834,-0.4472480440618644,0.07892456136708685,-0.2937211298234393,0.05183211339511985,-0.4264000020259631,0.07524556803242063,0.616
source_heterogeneity_les_rice_paddy_l500_cv2p0_s0_wind3_n4_op,open_path,4,2.0,500.0,0,-0.1355430678129129,-0.07277218045940001,-0.06277088735351288,0.313256949885698,0.45574122389826655,0.3261767153715792,-0.4326897387667542,-0.2323082711682959,-0.2974123487305368,-0.15967873135752292,-0.4155510231884663,-0.22310660764517856,0.48075
source_heterogeneity_les_rice_paddy_l500_cv2p0_s0_wind3_n4_point,point,4,2.0,500.0,0,-0.17182454869183839,0.025391612365182004,-0.1972161610570204,0.3365841348969392,0.49920342512867244,0.3818021253082357,-0.5104950913519748,0.07543912422656765,-0.3441974554712834,0.05086425911167812,-0.45003560038625073,0.06650463861269211,0.61675
source_heterogeneity_les_rice_paddy_l500_cv2p0_s1_wind3_n1_op,open_path,1,2.0,500.0,1,0.3256422498560029,0.3886953784263256,-0.06305312857032275,0.3385565509366224,0.495984593916932,0.3535455159351553,0.9618548185084829,1.1480958715788938,0.6565571871584015,0.7836843788971088,0.9210758874841161,1.099421038895646,0.87075
source_heterogeneity_les_rice_paddy_l500_cv2p0_s1_wind3_n1_point,point,1,2.0,500.0,1,0.5854235316312623,0.771876549524752,-0.18645301789348978,0.5599821243278599,0.8917106473808194,0.6149193473901124,1.045432534715174,1.378394980824123,0.6565173729289875,0.865613247741237,0.9520330334635939,1.2552484367272054,0.90125
source_heterogeneity_les_rice_paddy_l500_cv2p0_s1_wind3_n2_op,open_path,2,2.0,500.0,1,0.3426230751020697,0.3838699374749483,-0.04124686237287861,0.34229373483798997,0.5008430041949449,0.3626961216045481,1.0009621568569917,1.1214635221314717,0.6840927640644638,0.766447637802151,0.9446560210964585,1.0583789420651326,0.86575
source_heterogeneity_les_rice_paddy_l500_cv2p0_s1_wind3_n2_point,point,2,2.0,500.0,1,0.3354847925363462,0.18915934274997348,0.14632544978637274,0.2834516864640727,0.456492335442958,0.30174515659976026,1.1835695766053191,0.6673424494651906,0.7349187850236479,0.4143757256437229,1.1118150041471544,0.6268844374555366,0.787
source_heterogeneity_les_rice_paddy_l500_cv2p0_s1_wind3_n3_op,open_path,3,2.0,500.0,1,0.31799689281811455,0.33383841443719914,-0.015841521619084586,0.32020628168545484,0.46629039595852595,0.3359977059072661,0.9931001076689975,1.042572971023521,0.6819717831940907,0.7159452935995969,0.9464257857340262,0.9935734934134851,0.85475
source_heterogeneity_les_rice_paddy_l500_cv2p0_s1_wind3_n3_point,point,3,2.0,500.0,1,0.41829469907555394,0.4143958157797516,0.0038988832958023467,0.2824752217651478,0.4301239427559969,0.29628632699375834,1.4808190837472024,1.4670165163169027,0.9724980581070477,0.9634335004104442,1.4117921110965268,1.3986329372144175,0.916
source_heterogeneity_les_rice_paddy_l500_cv2p0_s1_wind3_n4_op,open_path,4,2.0,500.0,1,0.3590892741547731,0.36213622419213926,-0.0030469500373661584,0.313256949885698,0.45574122389826655,0.3261767153715792,1.1463090421004178,1.1560357218707404,0.7879236183271656,0.7946093203826073,1.1009040720325485,1.1102454808265363,0.872
source_heterogeneity_les_rice_paddy_l500_cv2p0_s1_wind3_n4_point,point,4,2.0,500.0,1,0.2762613909733235,0.35083572002848395,-0.07457432905516048,0.3365841348969392,0.49920342512867244,0.3818021253082357,0.8207795981171652,1.0423418208226258,0.5534044380847659,0.7027910915035371,0.7235721664731245,0.9188940992542878,0.8575
source_heterogeneity_les_rice_paddy_l500_cv2p0_s2_wind3_n1_op,open_path,1,2.0,500.0,2,0.29265156194245234,0.27862407472809164,0.014027487214360701,0.3385565509366224,0.495984593916932,0.3535455159351553,0.8644096861597476,0.8229764686498413,0.5900416374454283,0.561759534762396,0.8277620525559948,0.7880854435138552,0.81775
source_heterogeneity_les_rice_paddy_l500_cv2p0_s2_wind3_n1_point,point,1,2.0,500.0,2,0.44008112213311695,0.6635422115718613,-0.22346108943874438,0.5599821243278599,0.8917106473808194,0.6149193473901124,0.7858842327535746,1.1849346304907562,0.4935245793304666,0.7441227863779055,0.7156729154822381,1.07907193746321,0.88425
source_heterogeneity_les_rice_paddy_l500_cv2p0_s2_wind3_n2_op,open_path,2,2.0,500.0,2,0.3121702583563614,0.2978194344152814,0.014350823941080004,0.34229373483798997,0.5008430041949449,0.3626961216045481,0.9119952443888983,0.8700697795600654,0.6232896451416825,0.5946363070279806,0.8606936765006943,0.8211266034435225,0.82475
source_heterogeneity_les_rice_paddy_l500_cv2p0_s2_wind3_n2_point,point,2,2.0,500.0,2,0.38404513296230763,-0.11398648683337308,0.4980316197956807,0.2834516864640727,0.456492335442958,0.30174515659976026,1.3548874510259268,-0.4021372681013164,0.8412959060739736,-0.24970076819091855,1.2727466359027972,-0.37775746964040463,0.4145
source_heterogeneity_les_rice_paddy_l500_cv2p0_s2_wind3_n3_op,open_path,3,2.0,500.0,2,0.292383009677288,0.2489648678982354,0.043418141779052566,0.32020628168545484,0.46629039595852595,0.3359977059072661,0.913108288001988,0.7775140031225205,0.6270406000455001,0.5339266475485794,0.8701934701839436,0.7409719278468784,0.80875
source_heterogeneity_les_rice_paddy_l500_cv2p0_s2_wind3_n3_point,point,3,2.0,500.0,2,0.3342706353277771,0.2842093198850053,0.050061315442771814,0.2824752217651478,0.4301239427559969,0.29628632699375834,1.1833626795262506,1.006138938874077,0.7771495657413426,0.6607614495113868,1.1282013541408509,0.9592387295381084,0.861
source_heterogeneity_les_rice_paddy_l500_cv2p0_s2_wind3_n4_op,open_path,4,2.0,500.0,2,0.32822340553704776,0.27569204849209805,0.05253135704494971,0.313256949885698,0.45574122389826655,0.3261767153715792,1.0477769309086702,0.8800827837744486,0.7201968756074519,0.6049311188790764,1.0062747893059656,0.8452229589044417,0.823
source_heterogeneity_les_rice_paddy_l500_cv2p0_s2_wind3_n4_point,point,4,2.0,500.0,2,0.2514286000592211,0.3453620201892881,-0.093933420130067,0.3365841348969392,0.49920342512867244,0.3818021253082357,0.7470007465925498,1.0260793197963314,0.5036596052889941,0.6918262231479464,0.6585311694015277,0.9045576158343045,0.856
source_heterogeneity_les_rice_paddy_l500_cv2p0_s3_wind3_n1_op,open_path,1,2.0,500.0,3,-0.008296863123211432,-0.10328843939267682,0.09499157626946539,0.3385565509366224,0.495984593916932,0.3535455159351553,-0.024506579773033547,-0.3050847461286087,-0.016728066204009955,-0.2082492897147843,-0.023467595399323863,-0.29215033068506296,0.4605
source_heterogeneity_les_rice_paddy_l500_cv2p0_s3_wind3_n1_point,point,1,2.0,500.0,3,0.09240944483460133,-0.40116472512243345,0.4935741699570348,0.5599821243278599,0.8917106473808194,0.6149193473901124,0.165022133421704,-0.7163884482990361,0.10363164901757238,-0.4498821745604991,0.15027896784645423,-0.6523859215441624,0.2535
source_heterogeneity_les_rice_paddy_l500_cv2p0_s3_wind3_n2_op,open_path,2,2.0,500.0,3,-0.03159811185789392,-0.04907148438520211,0.01747337252730819,0.34229373483798997,0.5008430041949449,0.3626961216045481,-0.09231285484336875,-0.14336074368532625,-0.06308985369314428,-0.09797777741565868,-0.08712007097871788,-0.13529641333938866,0.52875
source_heterogeneity_les_rice_paddy_l500_cv2p0_s3_wind3_n2_point,point,2,2.0,500.0,3,0.006103058756573185,-0.17096837861618286,0.17707143737275605,0.2834516864640727,0.456492335442958,0.30174515659976026,0.021531213423726596,-0.6031658542904912,0.01336946599695058,-0.3745262852010066,0.020225871478256677,-0.5665985845232907,0.315
source_heterogeneity_les_rice_paddy_l500_cv2p0_s3_wind3_n3_op,open_path,3,2.0,500.0,3,-0.006974425438622294,-0.01781848241188491,0.010844056973262618,0.32020628168545484,0.46629039595852595,0.3359977059072661,-0.021781038778850112,-0.05564688587024152,-0.01495725732091345,-0.038213273458606194,-0.020757360291463436,-0.05303155973571658,0.56075
source_heterogeneity_les_rice_paddy_l500_cv2p0_s3_wind3_n3_point,point,3,2.0,500.0,3,0.023387562947739242,-0.2097454894569728,0.23313305240471205,0.2824752217651478,0.4301239427559969,0.29628632699375834,0.08279509544799599,-0.742527037048782,0.05437400856572792,-0.4876396512899036,0.07893568084980152,-0.7079148457005624,0.23775
source_heterogeneity_les_rice_paddy_l500_cv2p0_s3_wind3_n4_op,open_path,4,2.0,500.0,3,-0.020521913584763355,-0.053286090171792845,0.03276417658702949,0.313256949885698,0.45574122389826655,0.3261767153715792,-0.06551143906703887,-0.17010345721375378,-0.04502975045624661,-0.11692181303240566,-0.06291654988733598,-0.16336570840468959,0.51
source_heterogeneity_les_rice_paddy_l500_cv2p0_s3_wind3_n4_point,point,4,2.0,500.0,3,-0.1051449133180177,0.17071332311953388,-0.2758582364375516,0.3365841348969392,0.49920342512867244,0.3818021253082357,-0.312388203770248,0.5071936119978016,-0.21062538441300963,0.341971457979343,-0.2753911158381644,0.44712512530335957,0.75425
source_heterogeneity_les_rice_paddy_l500_cv2p0_s4_wind3_n1_op,open_path,1,2.0,500.0,4,-0.29626544857995263,-0.2879719750634398,-0.008293473516512828,0.3385565509366224,0.495984593916932,0.3535455159351553,-0.8750840819955463,-0.8505875141590392,-0.5973279255314359,-0.5806066934241704,-0.8379838952173033,-0.8145258872870487,0.16575
source_heterogeneity_les_rice_paddy_l500_cv2p0_s4_wind3_n1_point,point,1,2.0,500.0,4,-0.40170588334673407,-0.534355428140684,0.13264954479394997,0.5599821243278599,0.8917106473808194,0.6149193473901124,-0.7173548331188198,-0.9542365817160052,-0.4504890510465993,-0.5992475582861118,-0.6532659690277836,-0.868984575633595,0.11325
source_heterogeneity_les_rice_paddy_l500_cv2p0_s4_wind3_n2_op,open_path,2,2.0,500.0,4,-0.2788649901231581,-0.27764420899779746,-0.001220781125360615,0.34229373483798997,0.5008430041949449,0.3626961216045481,-0.8146949877862849,-0.8111285154816182,-0.5567912255685905,-0.5543537728835463,-0.7688667551488402,-0.7655009040888401,0.1845
source_heterogeneity_les_rice_paddy_l500_cv2p0_s4_wind3_n2_point,point,2,2.0,500.0,4,-0.2160641085500588,-0.003938903781893481,-0.21212520476816532,0.2834516864640727,0.456492335442958,0.30174515659976026,-0.762260797405574,-0.013896208666208568,-0.4733137706253068,-0.00862863070432795,-0.7160483070707571,-0.013053743186069123,0.5815
source_heterogeneity_les_rice_paddy_l500_cv2p0_s4_wind3_n3_op,open_path,3,2.0,500.0,4,-0.26057466131756823,-0.2569688217334538,-0.003605839584114423,0.32020628168545484,0.46629039595852595,0.3359977059072661,-0.8137712350488365,-0.8025102455231641,-0.5588248515861454,-0.5510918173753461,-0.7755251203693805,-0.7647933816678383,0.18775
source_heterogeneity_les_rice_paddy_l500_cv2p0_s4_wind3_n3_point,point,3,2.0,500.0,4,-0.20749715992407788,-0.17828030075378698,-0.029216859170290904,0.2824752217651478,0.4301239427559969,0.29628632699375834,-0.7345676503144504,-0.6311360679345203,-0.4824124846307103,-0.41448587960824773,-0.7003264782058238,-0.6017162606276553,0.2835
source_heterogeneity_les_rice_paddy_l500_cv2p0_s4_wind3_n4_op,open_path,4,2.0,500.0,4,-0.23994994207381748,-0.2493617842323755,0.009411842158558031,0.313256949885698,0.45574122389826655,0.3261767153715792,-0.7659844168225829,-0.7960295352532905,-0.5265048002929413,-0.5471565247036763,-0.7356439953123799,-0.7644990352800124,0.1955
source_heterogeneity_les_rice_paddy_l500_cv2p0_s4_wind3_n4_point,point,4,2.0,500.0,4,-0.27542750123595483,-0.2579608884866176,-0.01746661274933725,0.3365841348969392,0.49920342512867244,0.3818021253082357,-0.8183020905613679,-0.7664083411584572,-0.5517339973477984,-0.5167450291834972,-0.7213880776949506,-0.6756402633389249,0.2035
source_heterogeneity_les_rice_paddy_l500_cv2p0_s5_wind3_n1_op,open_path,1,2.0,500.0,5,-0.1805909489261728,-0.24543926346344241,0.06484831453726961,0.3385565509366224,0.495984593916932,0.3535455159351553,-0.5334144278897127,-0.72495795099646,-0.3641059644615057,-0.49485259516860886,-0.5107997154156961,-0.6942225326044272,0.228
source_heterogeneity_les_rice_paddy_l500_cv2p0_s5_wind3_n1_point,point,1,2.0,500.0,5,-0.23455043988551405,-0.05084672296749346,-0.1837037169180206,0.5599821243278599,0.8917106473808194,0.6149193473901124,-0.41885344137911945,-0.09080061801709152,-0.263034248356738,-0.05702154966618734,-0.3814328511226893,-0.08268844228645755,0.59725
source_heterogeneity_les_rice_paddy_l500_cv2p0_s5_wind3_n2_op,open_path,2,2.0,500.0,5,-0.14543668179393612,-0.25076293575014386,0.10532625395620773,0.34229373483798997,0.5008430041949449,0.3626961216045481,-0.4248885299135619,-0.7325957510406427,-0.2903837741084376,-0.5006817179232048,-0.40098769501733866,-0.6913857656949353,0.22425
source_heterogeneity_les_rice_paddy_l500_cv2p0_s5_wind3_n2_point,point,2,2.0,500.0,5,-0.0439854610658097,-0.39568333969597835,0.35169787863016866,0.2834516864640727,0.456492335442958,0.30174515659976026,-0.1551779832905839,-1.3959463238054537,-0.09635531125211193,-0.8667907628986289,-0.1457702306193194,-1.311316291385645,0.046
source_heterogeneity_les_rice_paddy_l500_cv2p0_s5_wind3_n3_op,open_path,3,2.0,500.0,5,-0.15132936906562908,-0.28052222892475864,0.12919285985912957,0.32020628168545484,0.46629039595852595,0.3359977059072661,-0.4725996263067787,-0.8760672259400625,-0.32453889331035896,-0.601604132008993,-0.45038810207649255,-0.8348932864505377,0.15325
source_heterogeneity_les_rice_paddy_l500_cv2p0_s5_wind3_n3_point,point,3,2.0,500.0,5,-0.10055002300866386,-0.24165326133039491,0.14110323832173105,0.2824752217651478,0.4301239427559969,0.29628632699375834,-0.3559605064838642,-0.8554848096775987,-0.23376988122166553,-0.5618223895698857,-0.3393677461558396,-0.8156071992329422,0.188
source_heterogeneity_les_rice_paddy_l500_cv2p0_s5_wind3_n4_op,open_path,4,2.0,500.0,5,-0.11803809945429708,-0.25847643765000977,0.1404383381957127,0.313256949885698,0.45574122389826655,0.3261767153715792,-0.3768091960844512,-0.8251259477062626,-0.2590024629429755,-0.567156149358366,-0.3618838926617694,-0.7924429472396717,0.1805
source_heterogeneity_les_rice_paddy_l500_cv2p0_s5_wind3_n4_point,point,4,2.0,500.0,5,-0.15063472442425632,-0.23166520659530937,0.08103048217105305,0.3365841348969392,0.49920342512867244,0.3818021253082357,-0.4475395861138259,-0.6882832034440494,-0.3017501820734291,-0.46406974578669286,-0.3945361076831257,-0.6067677240096081,0.2405
source_heterogeneity_les_rice_paddy_l500_cv2p0_s6_wind3_n1_op,open_path,1,2.0,500.0,6,0.01623354074259968,0.06283539928849921,-0.04660185854589953,0.3385565509366224,0.495984593916932,0.3535455159351553,0.04794927375556408,0.18559794254361353,0.032729929400425066,0.1266882077773225,0.04591640965848685,0.177729306288314,0.663
source_heterogeneity_les_rice_paddy_l500_cv2p0_s6_wind3_n1_point,point,1,2.0,500.0,6,-0.07512750577309836,-0.11282746916070321,0.037699963387604854,0.5599821243278599,0.8917106473808194,0.6149193473901124,-0.13416054282674297,-0.20148405504216538,-0.08425099105160057,-0.12652923848347683,-0.12217456824534835,-0.1834833619068487,0.55475
source_heterogeneity_les_rice_paddy_l500_cv2p0_s6_wind3_n2_op,open_path,2,2.0,500.0,6,0.05277696557215561,0.09221701843354495,-0.03944005286138934,0.34229373483798997,0.5008430041949449,0.3626961216045481,0.1541861863090638,0.26940901643201826,0.10537626587594912,0.18412360292777694,0.145512903029327,0.25425421707180607,0.68925
source_heterogeneity_les_rice_paddy_l500_cv2p0_s6_wind3_n2_point,point,2,2.0,500.0,6,0.137381000131495,0.031059314293961682,0.10632168583753333,0.2834516864640727,0.456492335442958,0.30174515659976026,0.4846716625512403,0.10957533779887539,0.3009491933707653,0.06803907071916823,0.45528816992320253,0.10293227120513244,0.6295
source_heterogeneity_les_rice_paddy_l500_cv2p0_s6_wind3_n3_op,open_path,3,2.0,500.0,6,0.048740186584458736,0.05206432423639254,-0.0033241376519338034,0.32020628168545484,0.46629039595852595,0.3359977059072661,0.1522149607056654,0.16259619880766857,0.10452753693171479,0.11165643703505183,0.14506106954763204,0.1549544039171567,0.64275
source_heterogeneity_les_rice_paddy_l500_cv2p0_s6_wind3_n3_point,point,3,2.0,500.0,6,0.1054874095512558,-0.06559273906245316,0.17108014861370896,0.2824752217651478,0.4301239427559969,0.29628632699375834,0.37343951406456066,-0.23220705395883362,0.2452488668158082,-0.15249729796990857,0.3560319864287157,-0.22138294307396428,0.47825
source_heterogeneity_les_rice_paddy_l500_cv2p0_s6_wind3_n4_op,open_path,4,2.0,500.0,6,0.0913609658713986,0.09329153202188098,-0.0019305661504823851,0.313256949885698,0.45574122389826655,0.3261767153715792,0.29164864787432365,0.297811531574707,0.20046675850370904,0.20470286015360795,0.2800965291692282,0.2860153028262721,0.6905
source_heterogeneity_les_rice_paddy_l500_cv2p0_s6_wind3_n4_point,point,4,2.0,500.0,6,0.05491509520111033,0.17974315327762752,-0.1248280580765172,0.3365841348969392,0.49920342512867244,0.3818021253082357,0.16315414039917572,0.534021466379169,0.11000544554948849,0.3600599359495535,0.143831297839886,0.4707756750503095,0.7595
source_heterogeneity_les_rice_paddy_l500_cv2p0_s7_wind3_n1_op,open_path,1,2.0,500.0,7,0.6505412308480786,0.7147556123376032,-0.06421438148952463,0.3385565509366224,0.495984593916932,0.3535455159351553,1.921514231664829,2.111185296400911,1.3116158018348285,1.4410843020202986,1.8400494463275727,2.0216791901518514,0.953
source_heterogeneity_les_rice_paddy_l500_cv2p0_s7_wind3_n1_point,point,1,2.0,500.0,7,0.9754019418135739,0.787852815076418,0.18754912673715585,0.5599821243278599,0.8917106473808194,0.6149193473901124,1.7418447829639878,1.4069249371523578,1.0938547663175011,0.8835296711893502,1.5862274393437923,1.2812295115128236,0.90325
source_heterogeneity_les_rice_paddy_l500_cv2p0_s7_wind3_n2_op,open_path,2,2.0,500.0,7,0.6506817564062757,0.7470800941368043,-0.09639833773052864,0.34229373483798997,0.5008430041949449,0.3626961216045481,1.9009455627759237,2.182570167375113,1.2991730960726537,1.4916452618473945,1.794013549214959,2.059796203035649,0.955
source_heterogeneity_les_rice_paddy_l500_cv2p0_s7_wind3_n2_point,point,2,2.0,500.0,7,0.6212676429913359,0.4185186766270048,0.20274896636433104,0.2834516864640727,0.456492335442958,0.30174515659976026,2.191793778831798,1.4765079786535393,1.3609596366793058,0.9168142466639547,2.058915046034676,1.386993850516497,0.91325
source_heterogeneity_les_rice_paddy_l500_cv2p0_s7_wind3_n3_op,open_path,3,2.0,500.0,7,0.6294395302994691,0.685976401024452,-0.056536870724982924,0.32020628168545484,0.46629039595852595,0.3359977059072661,1.9657313622528505,2.142295264832751,1.349887400115902,1.471135599124512,1.8733447259702174,2.041610371035624,0.9555
source_heterogeneity_les_rice_paddy_l500_cv2p0_s7_wind3_n3_point,point,3,2.0,500.0,7,0.7074851517163162,0.36639113423202097,0.34109401748429524,0.2824752217651478,0.4301239427559969,0.29628632699375834,2.5045918976373978,1.2970735342466306,1.64484019927638,0.8518268754917215,2.387842729344781,1.2366116855596225,0.8975
source_heterogeneity_les_rice_paddy_l500_cv2p0_s7_wind3_n4_op,open_path,4,2.0,500.0,7,0.6508253786730519,0.664261512175057,-0.013436133502005121,0.313256949885698,0.45574122389826655,0.3261767153715792,2.077608745505971,2.1205004786563695,1.4280590487428306,1.4575409845376148,1.995315263174547,2.0365080671633256,0.95525
source_heterogeneity_les_rice_paddy_l500_cv2p0_s7_wind3_n4_point,point,4,2.0,500.0,7,0.5223813749002945,0.8271887451540365,-0.30480737025374205,0.3365841348969392,0.49920342512867244,0.3818021253082357,1.5520083115630083,2.4575987380014763,1.0464298692775351,1.6570173671000434,1.3681992327270744,2.1665378224027227,0.96325
source_heterogeneity_les_rice_paddy_l500_cv2p0_s8_wind3_n1_op,open_path,1,2.0,500.0,8,-0.3037114213738464,-0.3715327027458396,0.06782128137199323,0.3385565509366224,0.495984593916932,0.3535455159351553,-0.8970773731408346,-1.0974021968205552,-0.6123404337528925,-0.7490811353871695,-0.8590447557240434,-1.0508765802420286,0.0695
source_heterogeneity_les_rice_paddy_l500_cv2p0_s8_wind3_n1_point,point,1,2.0,500.0,8,-0.46372143830155865,-0.6025072377579522,0.13878579945639358,0.5599821243278599,0.8917106473808194,0.6149193473901124,-0.8281004306309924,-1.075940126626604,-0.520035775801967,-0.6756757245499636,-0.7541174956841422,-0.9798150608127055,0.061
source_heterogeneity_les_rice_paddy_l500_cv2p0_s8_wind3_n2_op,open_path,2,2.0,500.0,8,-0.2883441426852402,-0.37154971780786883,0.0832055751226286,0.34229373483798997,0.5008430041949449,0.3626961216045481,-0.8423880233207176,-1.0854704015652694,-0.5757176206318877,-0.7418486725298238,-0.7950020017021998,-1.0244105069669698,0.07175
source_heterogeneity_les_rice_paddy_l500_cv2p0_s8_wind3_n2_point,point,2,2.0,500.0,8,-0.17176052045003992,-0.17203328962697462,0.00027276917693469516,0.2834516864640727,0.456492335442958,0.30174515659976026,-0.6059604816350614,-0.6069227944028469,-0.37626156479357287,-0.3768590976670876,-0.5692237860104774,-0.5701277580245054,0.3135
source_heterogeneity_les_rice_paddy_l500_cv2p0_s8_wind3_n3_op,open_path,3,2.0,500.0,8,-0.2640696847862493,-0.3435037721806392,0.0794340873943899,0.32020628168545484,0.46629039595852595,0.3359977059072661,-0.824686147305662,-1.0727577559458061,-0.5663202310727775,-0.736673487504538,-0.7859270469517177,-1.022339635483835,0.083
source_heterogeneity_les_rice_paddy_l500_cv2p0_s8_wind3_n3_point,point,3,2.0,500.0,8,-0.21377434791656644,-0.30905458326380264,0.0952802353472362,0.2824752217651478,0.4301239427559969,0.29628632699375834,-0.7567897339126622,-1.0940944884742958,-0.4970063897090182,-0.7185244822307528,-0.7215127005204998,-1.0430943148797862,0.0975
source_heterogeneity_les_rice_paddy_l500_cv2p0_s8_wind3_n4_op,open_path,4,2.0,500.0,8,-0.24795438813973505,-0.3376773386319153,0.08972295049218024,0.313256949885698,0.45574122389826655,0.3261767153715792,-0.7915367503584814,-1.0779564148700542,-0.5440683772664046,-0.7409409571149389,-0.7601842082972305,-1.0352588726244134,0.0845
source_heterogeneity_les_rice_paddy_l500_cv2p0_s8_wind3_n4_point,point,4,2.0,500.0,8,-0.2777931670829122,-0.35821151736300716,0.08041835028009497,0.3365841348969392,0.49920342512867244,0.3818021253082357,-0.825330543782081,-1.0642555017416082,-0.5564728787894624,-0.7175662251729866,-0.7275841297600028,-0.9382124760929934,0.078
source_heterogeneity_les_rice_paddy_l500_cv2p0_s9_wind3_n1_op,open_path,1,2.0,500.0,9,-0.41904669164525216,-0.38447768961231404,-0.03456900203293811,0.3385565509366224,0.495984593916932,0.3535455159351553,-1.2377450398934902,-1.1356380154176609,-0.8448784433724458,-0.7751807099006521,-1.1852694285680336,-1.0874913477415793,0.06
source_heterogeneity_les_rice_paddy_l500_cv2p0_s9_wind3_n1_point,point,1,2.0,500.0,9,-0.5888832916351177,-0.6475229361930577,0.05863964455794002,0.5599821243278599,0.8917106473808194,0.6149193473901124,-1.0516108747970259,-1.1563278684480724,-0.660397286232723,-0.7261581299886875,-0.9576593973412952,-1.053020918826711,0.0375
source_heterogeneity_les_rice_paddy_l500_cv2p0_s9_wind3_n2_op,open_path,2,2.0,500.0,9,-0.3947308669047792,-0.3663858378635627,-0.028345029041216496,0.34229373483798997,0.5008430041949449,0.3626961216045481,-1.1531933737893512,-1.0703842944626951,-0.7881329350686842,-0.7315382960225059,-1.0883239257108985,-1.0101730237497206,0.0765
source_heterogeneity_les_rice_paddy_l500_cv2p0_s9_wind3_n2_point,point,2,2.0,500.0,9,-0.3512171418013875,-0.13813177877428023,-0.2130853630271073,0.2834516864640727,0.456492335442958,0.30174515659976026,-1.2390723307476388,-0.48732036311870147,-0.7693823412403704,-0.3025938620420513,-1.1639528725468415,-0.45777629152636407,0.37025
source_heterogeneity_les_rice_paddy_l500_cv2p0_s9_wind3_n3_op,open_path,3,2.0,500.0,9,-0.3781416303002718,-0.3452500658199177,-0.03289156448035413,0.32020628168545484,0.46629039595852595,0.3359977059072661,-1.1809313306093352,-1.0782114079793845,-0.8109573638610937,-0.7404185649378587,-1.125429202795323,-1.0275369734673285,0.081
source_heterogeneity_les_rice_paddy_l500_cv2p0_s9_wind3_n3_point,point,3,2.0,500.0,9,-0.3453084811718302,-0.23042779394910648,-0.11488068722272374,0.2824752217651478,0.4301239427559969,0.29628632699375834,-1.2224381275428204,-0.8157451563687453,-0.8028115778891173,-0.5357241739965748,-1.1654553373268035,-0.7777199720524421,0.20825
source_heterogeneity_les_rice_paddy_l500_cv2p0_s9_wind3_n4_op,open_path,4,2.0,500.0,9,-0.3545140071573311,-0.33445101646219877,-0.020062990695132343,0.313256949885698,0.45574122389826655,0.3261767153715792,-1.131703565672484,-1.0676571312599261,-0.7778844409222634,-0.7338616717649774,-1.086877114307409,-1.0253675406633287,0.087
source_heterogeneity_les_rice_paddy_l500_cv2p0_s9_wind3_n4_point,point,4,2.0,500.0,9,-0.3714830157807631,-0.32607337513252976,-0.04540964064823333,0.3365841348969392,0.49920342512867244,0.3818021253082357,-1.103685460084177,-0.9687722662043242,-0.7441515764540504,-0.6531873755643455,-0.9729726241855207,-0.8540376114179168,0.11325
source_heterogeneity_les_rice_paddy_l500_cv2p0_s10_wind3_n1_op,open_path,1,2.0,500.0,10,0.1590839166144243,0.1678227444075066,-0.008738827793082299,0.3385565509366224,0.495984593916932,0.3535455159351553,0.4698887561747542,0.495700774193328,0.3207436653588233,0.33836281704268767,0.4499672869379633,0.47468497504091495,0.7565
source_heterogeneity_les_rice_paddy_l500_cv2p0_s10_wind3_n1_point,point,1,2.0,500.0,10,0.21320911573763568,0.2809478984426643,-0.06773878270502864,0.5599821243278599,0.8917106473808194,0.6149193473901124,0.38074271744575444,0.5017086907548752,0.23910123352668827,0.31506621488470465,0.34672695962902134,0.4568857682476325,0.77675
source_heterogeneity_les_rice_paddy_l500_cv2p0_s10_wind3_n2_op,open_path,2,2.0,500.0,10,0.1884945901735513,0.21841797008484773,-0.029923379911296427,0.34229373483798997,0.5008430041949449,0.3626961216045481,0.5506808071224766,0.6381009871192252,0.3763546432609906,0.436100670779924,0.51970390347617,0.6022065224149031,0.78325
source_heterogeneity_les_rice_paddy_l500_cv2p0_s10_wind3_n2_point,point,2,2.0,500.0,10,0.27478502360071067,0.051501730277778185,0.22328329332293248,0.2834516864640727,0.456492335442958,0.30174515659976026,0.9694245500124744,0.18169491570234841,0.601948822063075,0.11282058049847302,0.9106526404504648,0.1706795590627853,0.652
source_heterogeneity_les_rice_paddy_l500_cv2p0_s10_wind3_n3_op,open_path,3,2.0,500.0,10,0.1716186655076244,0.1605218184327776,0.011096847074846788,0.32020628168545484,0.46629039595852595,0.3359977059072661,0.5359628318479052,0.5013075245989754,0.3680510407143126,0.34425289438527307,0.5107733252053525,0.4777467691314563,0.7515
source_heterogeneity_les_rice_paddy_l500_cv2p0_s10_wind3_n3_point,point,3,2.0,500.0,10,0.2582043192302518,0.04935474093545082,0.20884957829480094,0.2824752217651478,0.4301239427559969,0.29628632699375834,0.9140777644735331,0.17472237255728135,0.6003021305343315,0.1147453931980928,0.8714688991898407,0.16657785540164513,0.64625
source_heterogeneity_les_rice_paddy_l500_cv2p0_s10_wind3_n4_op,open_path,4,2.0,500.0,10,0.2173897668461522,0.20897289142767644,0.008416875418475744,0.313256949885698,0.45574122389826655,0.3261767153715792,0.6939663012280299,0.6670973828479368,0.4770026397583013,0.45853409889100727,0.6664784964754539,0.6406738481918164,0.788
source_heterogeneity_les_rice_paddy_l500_cv2p0_s10_wind3_n4_point,point,4,2.0,500.0,10,0.16881036700688024,0.33292241586629834,-0.1641120488594181,0.3365841348969392,0.49920342512867244,0.3818021253082357,0.501539881131264,0.9891209399047817,0.338159472690654,0.6669073149497837,0.44214098303040245,0.871976329617139,0.85075
source_heterogeneity_les_rice_paddy_l500_cv2p0_s11_wind3_n1_op,open_path,1,2.0,500.0,11,-0.027130097798597055,-0.07321140242612897,0.04608130462753192,0.3385565509366224,0.495984593916932,0.3535455159351553,-0.08013461185004746,-0.21624571204895723,-0.05469947682113052,-0.14760821873106506,-0.07673721367059583,-0.20707772868361557,0.498
source_heterogeneity_les_rice_paddy_l500_cv2p0_s11_wind3_n1_point,point,1,2.0,500.0,11,0.009380200553339189,-0.31664186444227926,0.3260220649956185,0.5599821243278599,0.8917106473808194,0.6149193473901124,0.016750892833584885,-0.5654499504289371,0.010519332230574144,-0.35509485657969525,0.015254359117421417,-0.5149323497239024,0.35675
source_heterogeneity_les_rice_paddy_l500_cv2p0_s11_wind3_n2_op,open_path,2,2.0,500.0,11,-0.033179742151302316,-0.11431678508186492,0.0811370429305626,0.34229373483798997,0.5008430041949449,0.3626961216045481,-0.09693353624192544,-0.3339727650462894,-0.06624778997289867,-0.2282487408716385,-0.09148082974947988,-0.3151861248919167,0.442
source_heterogeneity_les_rice_paddy_l500_cv2p0_s11_wind3_n2_point,point,2,2.0,500.0,11,0.0927192648433225,0.1413476906696561,-0.0486284258263336,0.2834516864640727,0.456492335442958,0.30174515659976026,0.3271078256755216,0.49866590117315046,0.20311242411847338,0.30963869422363727,0.30727672943664464,0.46843399994367435,0.74375
source_heterogeneity_les_rice_paddy_l500_cv2p0_s11_wind3_n3_op,open_path,3,2.0,500.0,11,-0.006950528560880241,-0.06328950226584361,0.056338973704963366,0.32020628168545484,0.46629039595852595,0.3359977059072661,-0.021706409144427362,-0.19765228193747358,-0.014906008404038528,-0.1357298001725793,-0.020686238145919238,-0.18836289996370165,0.49575
source_heterogeneity_les_rice_paddy_l500_cv2p0_s11_wind3_n3_point,point,3,2.0,500.0,11,0.06736531382593892,-0.07263649745653936,0.1400018112824783,0.2824752217651478,0.4301239427559969,0.29628632699375834,0.2384822052886005,-0.25714289912808685,0.15661837700616982,-0.16887341121055655,0.22736558419504138,-0.24515642754607958,0.4675
source_heterogeneity_les_rice_paddy_l500_cv2p0_s11_wind3_n4_op,open_path,4,2.0,500.0,11,-0.002532618517122627,-0.08923940398024466,0.08670678546312204,0.313256949885698,0.45574122389826655,0.3261767153715792,-0.008084795941627905,-0.28487605466632604,-0.005557141606500742,-0.19581156871638464,-0.007764559509520715,-0.27359219642206367,0.45775
source_heterogeneity_les_rice_paddy_l500_cv2p0_s11_wind3_n4_point,point,4,2.0,500.0,11,-0.08177779082570277,-0.1445054839779496,0.06272769315224683,0.3365841348969392,0.49920342512867244,0.3818021253082357,-0.24296389029370866,-0.4293294573203714,-0.1638165659713254,-0.2894721404219182,-0.2141889355898218,-0.3784826599938063,0.383
source_heterogeneity_les_rice_paddy_l500_cv2p0_s12_wind3_n1_op,open_path,1,2.0,500.0,12,-0.03323587135851719,-0.06554382329374242,0.03230795193522523,0.3385565509366224,0.495984593916932,0.3535455159351553,-0.09816933468447026,-0.19359785865142567,-0.06700988652902305,-0.13214890965891526,-0.09400733388063409,-0.1853900568371626,0.50875
source_heterogeneity_les_rice_paddy_l500_cv2p0_s12_wind3_n1_point,point,1,2.0,500.0,12,0.09048193608374643,0.31893156058112715,-0.2284496244973807,0.5599821243278599,0.8917106473808194,0.6149193473901124,0.16158004363505507,0.5695388240543161,0.10147006357893656,0.357662613447434,0.14714439620053713,0.5186559211948051,0.7905
source_heterogeneity_les_rice_paddy_l500_cv2p0_s12_wind3_n2_op,open_path,2,2.0,500.0,12,-0.025986685229638047,-0.06937579498323311,0.04338910975359506,0.34229373483798997,0.5008430041949449,0.3626961216045481,-0.07591925467738324,-0.2026791259152586,-0.051885890412723346,-0.1385180473764384,-0.07164864381420553,-0.19127801719058457,0.5
source_heterogeneity_les_rice_paddy_l500_cv2p0_s12_wind3_n2_point,point,2,2.0,500.0,12,0.0016539246136631901,-0.16151724709170984,0.163171171705373,0.2834516864640727,0.456492335442958,0.30174515659976026,0.005834943634645913,-0.5698228474367607,0.0036231158449972706,-0.3538224731308607,0.00548119688912516,-0.5352770162470213,0.33175
source_heterogeneity_les_rice_paddy_l500_cv2p0_s12_wind3_n3_op,open_path,3,2.0,500.0,12,-0.022333249935142047,-0.07182405728948056,0.049490807354338515,0.32020628168545484,0.46629039595852595,0.3359977059072661,-0.06974644537760959,-0.2243055848605581,-0.047895582085135786,-0.15403289004448834,-0.0664684595831911,-0.21376353477039423,0.48325
source_heterogeneity_les_rice_paddy_l500_cv2p0_s12_wind3_n3_point,point,3,2.0,500.0,12,0.06044216577568216,0.09007504091307325,-0.029632875137391088,0.2824752217651478,0.4301239427559969,0.29628632699375834,0.2139733368399097,0.3188776712881471,0.14052267211260577,0.2094164773435352,0.20399917332991022,0.3040134920399847,0.6955
source_heterogeneity_les_rice_paddy_l500_cv2p0_s12_wind3_n4_op,open_path,4,2.0,500.0,12,0.0010667281650810969,-0.06161678020590682,0.06268350837098792,0.313256949885698,0.45574122389826655,0.3261767153715792,0.003405281719911808,-0.19669724878694536,0.0023406444472076522,-0.13520124354530919,0.0032703994945374455,-0.18890612757478176,0.49725
source_heterogeneity_les_rice_paddy_l500_cv2p0_s12_wind3_n4_point,point,4,2.0,500.0,12,-0.06843688790081316,-0.15948715208900527,0.0910502641881921,0.3365841348969392,0.49920342512867244,0.3818021253082357,-0.20332772940046112,-0.47384037318883027,-0.13709218417957203,-0.3194832888975002,-0.1792470061437265,-0.41772201231265654,0.3575
source_heterogeneity_les_rice_paddy_l500_cv2p0_s13_wind3_n1_op,open_path,1,2.0,500.0,13,0.27225938386966425,0.29676828635261865,-0.024508902482954398,0.3385565509366224,0.495984593916932,0.3535455159351553,0.8041769775727395,0.8765693221165096,0.5489270981575337,0.5983417428532501,0.7700829782822081,0.8394061668909688,0.828
source_heterogeneity_les_rice_paddy_l500_cv2p0_s13_wind3_n1_point,point,1,2.0,500.0,13,0.43109373145186136,0.400563417470597,0.03053031398126438,0.5599821243278599,0.8917106473808194,0.6149193473901124,0.7698348085116078,0.7153146503585068,0.4834457598079524,0.4492078440996005,0.7010573553776479,0.6514080572853965,0.8205
source_heterogeneity_les_rice_paddy_l500_cv2p0_s13_wind3_n2_op,open_path,2,2.0,500.0,13,0.27440196011917994,0.3070142278682646,-0.032612267749084656,0.34229373483798997,0.5008430041949449,0.3626961216045481,0.8016563909621551,0.8969320692170325,0.5478801896419692,0.6129949411228361,0.7565616056362567,0.8464778352469009,0.82875
source_heterogeneity_les_rice_paddy_l500_cv2p0_s13_wind3_n2_point,point,2,2.0,500.0,13,0.34464576330378294,0.4232329866055621,-0.07858722330177914,0.2834516864640727,0.456492335442958,0.30174515659976026,1.2158889142734612,1.4931397723724835,0.7549869659243138,0.9271414955847558,1.1421749637589933,1.4026173323701274,0.9155
source_heterogeneity_les_rice_paddy_l500_cv2p0_s13_wind3_n3_op,open_path,3,2.0,500.0,13,0.2684987617459228,0.3008159376037548,-0.032317175857832,0.32020628168545484,0.46629039595852595,0.3359977059072661,0.8385180963116602,0.9394442108392252,0.5758187688896864,0.6451257418360183,0.799108913618676,0.8952916413267974,0.8365
source_heterogeneity_les_rice_paddy_l500_cv2p0_s13_wind3_n3_point,point,3,2.0,500.0,13,0.28629878776935935,0.10048604111378143,0.18581274665557793,0.2824752217651478,0.4301239427559969,0.29628632699375834,1.0135359341620078,0.355734002033376,0.6656192769342592,0.23362112899347642,0.966290920928628,0.3391517999948013,0.70825
source_heterogeneity_les_rice_paddy_l500_cv2p0_s13_wind3_n4_op,open_path,4,2.0,500.0,13,0.2864232566472054,0.26914585827434023,0.017277398372865183,0.313256949885698,0.45574122389826655,0.3261767153715792,0.9143396714796471,0.8591855930811649,0.6284778326551882,0.5905672872253064,0.8781229411820926,0.8251534998987599,0.81925
source_heterogeneity_les_rice_paddy_l500_cv2p0_s13_wind3_n4_point,point,4,2.0,500.0,13,0.1958316903617479,0.21223894949541677,-0.01640725913366886,0.3365841348969392,0.49920342512867244,0.3818021253082357,0.5818209180349835,0.6305673009822745,0.39228835481501595,0.425155234943973,0.5129140918313366,0.5558872919423182,0.783
source_heterogeneity_les_rice_paddy_l500_cv2p0_s14_wind3_n1_op,open_path,1,2.0,500.0,14,-0.37037124310143804,-0.400050534325498,0.029679291224059934,0.3385565509366224,0.495984593916932,0.3535455159351553,-1.0939715745472942,-1.1816357805475965,-0.746739410142784,-0.806578549479097,-1.0475914031090943,-1.1315389852062847,0.047
source_heterogeneity_les_rice_paddy_l500_cv2p0_s14_wind3_n1_point,point,1,2.0,500.0,14,-0.5112843870639072,-0.6128594537265531,0.10157506666264593,0.5599821243278599,0.8917106473808194,0.6149193473901124,-0.9130369789528479,-1.094426816681267,-0.5733747696808144,-0.6872851137604749,-0.8314657673952517,-0.9966501400999951,0.056
source_heterogeneity_les_rice_paddy_l500_cv2p0_s14_wind3_n2_op,open_path,2,2.0,500.0,14,-0.3471190232495538,-0.3787942407074585,0.03167521745790469,0.34229373483798997,0.5008430041949449,0.3626961216045481,-1.0140969229654397,-1.1066350393084012,-0.6930695254643977,-0.7563133307938131,-0.9570519301775765,-1.044384591243196,0.06675
source_heterogeneity_les_rice_paddy_l500_cv2p0_s14_wind3_n2_point,point,2,2.0,500.0,14,-0.294375292470794,-0.22556591944058174,-0.06880937303021228,0.2834516864640727,0.456492335442958,0.30174515659976026,-1.0385378056591872,-0.7957825979249273,-0.6448636036465903,-0.4941286017906599,-0.9755758660320711,-0.7475378295459307,0.23025
source_heterogeneity_les_rice_paddy_l500_cv2p0_s14_wind3_n3_op,open_path,3,2.0,500.0,14,-0.3322052481891989,-0.37103349070393643,0.03882824251473754,0.32020628168545484,0.46629039595852595,0.3359977059072661,-1.0374726143428095,-1.1587327042772078,-0.7124428276209805,-0.7957133449879973,-0.9887128463933207,-1.1042738809839971,0.05775
source_heterogeneity_les_rice_paddy_l500_cv2p0_s14_wind3_n3_point,point,3,2.0,500.0,14,-0.2997216026427013,-0.3685490379595849,0.06882743531688357,0.2824752217651478,0.4301239427559969,0.29628632699375834,-1.0610544909736979,-1.304712801556802,-0.6968261304456819,-0.8568438101774246,-1.0115944454264856,-1.2438948556925775,0.04225
source_heterogeneity_les_rice_paddy_l500_cv2p0_s14_wind3_n4_op,open_path,4,2.0,500.0,14,-0.31303569747577836,-0.3625952431547445,0.049559545678966144,0.313256949885698,0.45574122389826655,0.3261767153715792,-0.999293703108581,-1.1575010332158606,-0.6868715864634097,-0.7956165124875456,-0.9597119681555728,-1.1116527516125039,0.05825
source_heterogeneity_les_rice_paddy_l500_cv2p0_s14_wind3_n4_point,point,4,2.0,500.0,14,-0.3370071094025187,-0.3282266783493571,-0.00878043105316162,0.3365841348969392,0.49920342512867244,0.3818021253082357,-1.0012566679820158,-0.9751697846657533,-0.6750897378471578,-0.6575008540150838,-0.8826747863973958,-0.8596774522519324,0.1115
source_heterogeneity_les_rice_paddy_l500_cv2p0_s15_wind3_n1_op,open_path,1,2.0,500.0,15,-0.1826635856053055,-0.2732696752820448,0.09060608967673933,0.3385565509366224,0.495984593916932,0.3535455159351553,-0.5395364086146424,-0.8071610917763654,-0.3682847972408961,-0.550964039273793,-0.5166621477920491,-0.7729405775638968,0.18725
source_heterogeneity_les_rice_paddy_l500_cv2p0_s15_wind3_n1_point,point,1,2.0,500.0,15,-0.3380142102511713,-0.4931230436743168,0.15510883342314552,0.5599821243278599,0.8917106473808194,0.6149193473901124,-0.6036160719538787,-0.8806049733573312,-0.3790626603416757,-0.5530079125137111,-0.5496886895587152,-0.8019312545088509,0.15625
source_heterogeneity_les_rice_paddy_l500_cv2p0_s15_wind3_n2_op,open_path,2,2.0,500.0,15,-0.15774721840221786,-0.2788522532727318,0.12110503487051391,0.34229373483798997,0.5008430041949449,0.3626961216045481,-0.4608533617388023,-0.8146577774925227,-0.3149634058596481,-0.556765794744321,-0.4349294326731498,-0.7688316380089879,0.1825
source_heterogeneity_les_rice_paddy_l500_cv2p0_s15_wind3_n2_point,point,2,2.0,500.0,15,-0.023752516538807625,0.03388245905623176,-0.057634975595039384,0.2834516864640727,0.456492335442958,0.30174515659976026,-0.08379740771737564,0.11953521772581281,-0.052032673266593485,0.07422350043041548,-0.07871714265927175,0.11228832779965384,0.63375
source_heterogeneity_les_rice_paddy_l500_cv2p0_s15_wind3_n3_op,open_path,3,2.0,500.0,15,-0.1404522934785441,-0.25660064861810855,0.11614835513956445,0.32020628168545484,0.46629039595852595,0.3359977059072661,-0.43863066251933575,-0.8013604457334557,-0.3012120659054633,-0.5503022383521959,-0.418015632277288,-0.7636976208668794,0.1885
source_heterogeneity_les_rice_paddy_l500_cv2p0_s15_wind3_n3_point,point,3,2.0,500.0,15,-0.07750107602225358,-0.2590835749554957,0.18158249893324213,0.2824752217651478,0.4301239427559969,0.29628632699375834,-0.274364156749609,-0.9171904471355719,-0.1801831247190506,-0.6023463220750538,-0.26157493262888987,-0.8744364871111776,0.161
source_heterogeneity_les_rice_paddy_l500_cv2p0_s15_wind3_n4_op,open_path,4,2.0,500.0,15,-0.11443158765167419,-0.255331936573727,0.1409003489220528,0.313256949885698,0.45574122389826655,0.3261767153715792,-0.3652962454414125,-0.8150878589186709,-0.2510889549838448,-0.5602563981149176,-0.35082696666840296,-0.7828024642496442,0.18575
source_heterogeneity_les_rice_paddy_l500_cv2p0_s15_wind3_n4_point,point,4,2.0,500.0,15,-0.14541786657813124,-0.29726654099724614,0.1518486744191149,0.3365841348969392,0.49920342512867244,0.3818021253082357,-0.43204016916203625,-0.8831864314943663,-0.2912998173853655,-0.595481773628905,-0.3808723339628683,-0.7785879681975514,0.146
source_heterogeneity_les_rice_paddy_l500_cv2p0_s16_wind3_n1_op,open_path,1,2.0,500.0,16,0.02873176987052075,0.05642586034775616,-0.02769409047723541,0.3385565509366224,0.495984593916932,0.3535455159351553,0.08486549674207698,0.1666659829551461,0.057928754688966765,0.11376534884308608,0.08126752730698052,0.1595999886987829,0.6585
source_heterogeneity_les_rice_paddy_l500_cv2p0_s16_wind3_n1_point,point,1,2.0,500.0,16,-0.012873149554630165,0.3008341643189528,-0.31370731387358297,0.5599821243278599,0.8917106473808194,0.6149193473901124,-0.02298850087416926,0.5372210134029557,-0.014436465004025548,0.33736746914773214,-0.02093469592275372,0.4892254010152325,0.783
source_heterogeneity_les_rice_paddy_l500_cv2p0_s16_wind3_n2_op,open_path,2,2.0,500.0,16,0.06288283794072816,0.09915746197760449,-0.03627462403687633,0.34229373483798997,0.5008430041949449,0.3626961216045481,0.1837101633498815,0.2896852962398988,0.12555399079958407,0.19798112611553836,0.1733760969445658,0.27338991533446017,0.69775
source_heterogeneity_les_rice_paddy_l500_cv2p0_s16_wind3_n2_point,point,2,2.0,500.0,16,0.06851221332628417,0.2383179331633242,-0.16980571983704001,0.2834516864640727,0.456492335442958,0.30174515659976026,0.2417068466973755,0.8407709128007986,0.15008403867241987,0.5220633834565307,0.227053232927811,0.7897987024840072,0.8205
source_heterogeneity_les_rice_paddy_l500_cv2p0_s16_wind3_n3_op,open_path,3,2.0,500.0,16,0.05771233709428537,0.07158662112232424,-0.01387428402803887,0.32020628168545484,0.46629039595852595,0.3359977059072661,0.1802348685681856,0.22356407483799845,0.12376908809294578,0.15352368769073144,0.17176408076492558,0.21305687468616777,0.6665
source_heterogeneity_les_rice_paddy_l500_cv2p0_s16_wind3_n3_point,point,3,2.0,500.0,16,0.13396663514828633,0.3359798821769058,-0.20201324702861945,0.2824752217651478,0.4301239427559969,0.29628632699375834,0.47425977510929185,1.1894136415839058,0.3114605392341148,0.7811234129961054,0.45215260693116127,1.1339702563594292,0.88475
source_heterogeneity_les_rice_paddy_l500_cv2p0_s16_wind3_n4_op,open_path,4,2.0,500.0,16,0.10695210267547593,0.12075548346576856,-0.013803380790292627,0.313256949885698,0.45574122389826655,0.3261767153715792,0.34141972816405475,0.385483812920448,0.23467726215469695,0.26496502210808204,0.32789619134412007,0.3702149104303917,0.721
source_heterogeneity_les_rice_paddy_l500_cv2p0_s16_wind3_n4_point,point,4,2.0,500.0,16,0.07299039732285215,0.04287663422700474,0.030113763095847408,0.3365841348969392,0.49920342512867244,0.3818021253082357,0.21685632136286379,0.1273875675694976,0.14621373502002408,0.08589010425149436,0.1911733656902137,0.11230066933857338,0.6345
source_heterogeneity_les_rice_paddy_l500_cv2p0_s17_wind3_n1_op,open_path,1,2.0,500.0,17,0.3653069490194142,0.4429906720798391,-0.07768372306042493,0.3385565509366224,0.495984593916932,0.3535455159351553,1.0790130866137027,1.3084687649797293,0.7365288226686254,0.8931540969476799,1.0332670973160243,1.252994740742488,0.89275
source_heterogeneity_les_rice_paddy_l500_cv2p0_s17_wind3_n1_point,point,1,2.0,500.0,17,0.7126685542540199,-0.23041397650787881,0.9430825307618986,0.5599821243278599,0.8917106473808194,0.6149193473901124,1.2726630427880672,-0.4114666638411754,0.7992150327545245,-0.25839545281270687,1.1589626465304468,-0.3747060122369208,0.446
source_heterogeneity_les_rice_paddy_l500_cv2p0_s17_wind3_n2_op,open_path,2,2.0,500.0,17,0.31737947309162395,0.4678737365754095,-0.15049426348378553,0.34229373483798997,0.5008430041949449,0.3626961216045481,0.9272137956069861,1.366877885734185,0.6336905386185433,0.9341724505615683,0.8750561535854154,1.2899882538185445,0.89575
source_heterogeneity_les_rice_paddy_l500_cv2p0_s17_wind3_n2_point,point,2,2.0,500.0,17,0.2211773765828172,0.3105584774535536,-0.08938110087073639,0.2834516864640727,0.456492335442958,0.30174515659976026,0.7803000904383445,1.0956310803002283,0.4845149839552014,0.6803147683787565,0.7329939577992647,1.0292078287290738,0.87125
source_heterogeneity_les_rice_paddy_l500_cv2p0_s17_wind3_n3_op,open_path,3,2.0,500.0,17,0.33596804220846793,0.48812737471499845,-0.15215933250653052,0.32020628168545484,0.46629039595852595,0.3359977059072661,1.0492237705020921,1.5244153617026661,0.7205124641648216,1.0468312857089486,0.9999117145793658,1.452769962809566,0.913
source_heterogeneity_les_rice_paddy_l500_cv2p0_s17_wind3_n3_point,point,3,2.0,500.0,17,0.3755780677173806,-0.024976965962830742,0.40055503368021134,0.2824752217651478,0.4301239427559969,0.29628632699375834,1.3295965053870789,-0.08842179433209472,0.8731856806456381,-0.0580692295406578,1.2676186293446225,-0.0843000965189896,0.5435
source_heterogeneity_les_rice_paddy_l500_cv2p0_s17_wind3_n4_op,open_path,4,2.0,500.0,17,0.30928195186952806,0.4051087040489094,-0.09582675217938136,0.313256949885698,0.45574122389826655,0.3261767153715792,0.9873107427700475,1.293215375418571,0.6786350140196401,0.8889007243710312,0.9482036494149967,1.2419914879190908,0.88875
source_heterogeneity_les_rice_paddy_l500_cv2p0_s17_wind3_n4_point,point,4,2.0,500.0,17,0.15982358393317941,0.6632079664742019,-0.5033843825410225,0.3365841348969392,0.49920342512867244,0.3818021253082357,0.474839920729231,1.9704076862602975,0.32015722626899845,1.3285324841336101,0.4186031803886659,1.7370462931257447,0.94425
source_heterogeneity_les_rice_paddy_l500_cv2p0_s18_wind3_n1_op,open_path,1,2.0,500.0,18,-0.027776434375227792,-0.03427295237307802,0.00649651799785023,0.3385565509366224,0.495984593916932,0.3535455159351553,-0.08204370672605159,-0.10123257777249124,-0.056002615234213945,-0.06910084061767872,-0.07856537029399728,-0.0969407072874999,0.548
source_heterogeneity_les_rice_paddy_l500_cv2p0_s18_wind3_n1_point,point,1,2.0,500.0,18,-0.32945277025764136,-0.3225469220271876,-0.006905848230453759,0.5599821243278599,0.8917106473808194,0.6149193473901124,-0.588327298220599,-0.575995032724191,-0.3694615189639462,-0.3617170244345403,-0.5357658230399318,-0.5245353287324034,0.35075
source_heterogeneity_les_rice_paddy_l500_cv2p0_s18_wind3_n2_op,open_path,2,2.0,500.0,18,0.0037272353394457894,-0.009011365579432423,0.012738600918878212,0.34229373483798997,0.5008430041949449,0.3626961216045481,0.010888996671849446,-0.0263264110974674,0.007441923533377386,-0.017992395828543704,0.010276468694941376,-0.02484549749130657,0.577
source_heterogeneity_les_rice_paddy_l500_cv2p0_s18_wind3_n2_point,point,2,2.0,500.0,18,0.15088697172628865,0.2840925264457965,-0.13320555471950787,0.2834516864640727,0.456492335442958,0.30174515659976026,0.5323198941185818,1.0022608437780631,0.3305356081825016,0.6223379986656883,0.5000477006046119,0.9414982154050662,0.855
source_heterogeneity_les_rice_paddy_l500_cv2p0_s18_wind3_n3_op,open_path,3,2.0,500.0,18,0.027192473016805285,0.007707155421705436,0.01948531759509985,0.32020628168545484,0.46629039595852595,0.3359977059072661,0.08492173505676882,0.024069344864621773,0.05831660538687979,0.016528660012098868,0.08093053178258988,0.02293811917820825,0.59325
source_heterogeneity_les_rice_paddy_l500_cv2p0_s18_wind3_n3_point,point,3,2.0,500.0,18,0.10219253517351296,0.0958179131622169,0.006374622011296058,0.2824752217651478,0.4301239427559969,0.29628632699375834,0.3617752188490241,0.33920820581523675,0.23758857625715873,0.2227681457308993,0.3449114112365562,0.323396338043758,0.70225
source_heterogeneity_les_rice_paddy_l500_cv2p0_s18_wind3_n4_op,open_path,4,2.0,500.0,18,0.06181023567119613,0.034441237355719086,0.027368998315477046,0.313256949885698,0.45574122389826655,0.3261767153715792,0.19731481039367077,0.10994564483975883,0.13562572887853086,0.07557191570496874,0.1894992277446358,0.10559072960338008,0.62625
source_heterogeneity_les_rice_paddy_l500_cv2p0_s18_wind3_n4_point,point,4,2.0,500.0,18,0.04770251554429151,0.024143024444580583,0.023559491099710925,0.3365841348969392,0.49920342512867244,0.3818021253082357,0.14172538333958562,0.0717295378523206,0.09555726812570631,0.04836309854716559,0.12494041384861442,0.06323438986907023,0.61575
source_heterogeneity_les_rice_paddy_l500_cv2p0_s19_wind3_n1_op,open_path,1,2.0,500.0,19,-0.09258756383179766,-0.16741291682224058,0.07482535299044292,0.3385565509366224,0.495984593916932,0.3535455159351553,-0.2734773956541458,-0.49449025977813726,-0.18667427369186454,-0.33753652608467727,-0.2618830098492308,-0.47352578176368726,0.3585
source_heterogeneity_les_rice_paddy_l500_cv2p0_s19_wind3_n1_point,point,1,2.0,500.0,19,-0.18088529578760662,-0.46654599680466186,0.2856607010170552,0.5599821243278599,0.8917106473808194,0.6149193473901124,-0.3230197678269126,-0.8331444461100462,-0.20285200846139123,-0.5232033487264349,-0.2941610091719081,-0.7587108761251568,0.18275
source_heterogeneity_les_rice_paddy_l500_cv2p0_s19_wind3_n2_op,open_path,2,2.0,500.0,19,-0.10819285502632862,-0.1759882587291411,0.06779540370281247,0.34229373483798997,0.5008430041949449,0.3626961216045481,-0.31608190280648013,-0.514143967059279,-0.21602149599800807,-0.35138408094972723,-0.2983016596584746,-0.48522233419695393,0.344
source_heterogeneity_les_rice_paddy_l500_cv2p0_s19_wind3_n2_point,point,2,2.0,500.0,19,0.01281879495422246,0.09018419842908423,-0.07736540347486177,0.2834516864640727,0.456492335442958,0.30174515659976026,0.04522391492578836,0.31816426832413647,0.028081073785792533,0.19755906381554877,0.0424821896022196,0.2988753802888907,0.6935
source_heterogeneity_les_rice_paddy_l500_cv2p0_s19_wind3_n3_op,open_path,3,2.0,500.0,19,-0.06565532471284478,-0.12358553123628474,0.057930206523439956,0.32020628168545484,0.46629039595852595,0.3359977059072661,-0.20504071427724002,-0.38595598620293564,-0.14080351060604834,-0.26503983849428675,-0.19540408627362882,-0.36781659238588316,0.40875
source_heterogeneity_les_rice_paddy_l500_cv2p0_s19_wind3_n3_point,point,3,2.0,500.0,19,0.00672100158840973,-0.04474116945106593,0.05146217103947566,0.2824752217651478,0.4301239427559969,0.29628632699375834,0.02379324298397268,-0.15838971351711728,0.015625732307170022,-0.10401924888065799,0.022684143600562832,-0.15100652772278778,0.51325
source_heterogeneity_les_rice_paddy_l500_cv2p0_s19_wind3_n4_op,open_path,4,2.0,500.0,19,-0.06854854999798769,-0.13421484673203155,0.06566629673404385,0.313256949885698,0.45574122389826655,0.3261767153715792,-0.21882531264829036,-0.42844970169378266,-0.1504111245667992,-0.29449792929417296,-0.2101577052178524,-0.41147893275930053,0.3875
source_heterogeneity_les_rice_paddy_l500_cv2p0_s19_wind3_n4_point,point,4,2.0,500.0,19,-0.13540412082987752,-0.1912346048933578,0.05583048406348029,0.3365841348969392,0.49920342512867244,0.3818021253082357,-0.40228907661181873,-0.5681628605338547,-0.2712403681825227,-0.3830795128139716,-0.35464475406092444,-0.5008735997448173,0.30775
