run,geometry,n,CV,L_m,seed,e_signed,e_pure_representativeness,e_transport,sd_pred_loglinear,sd_pred_lognormal,sd_pred_mc,z_total_loglinear,z_pure_loglinear,z_total_lognormal,z_pure_lognormal,z_total_mc,z_pure_mc,pit_pure_mc
source_heterogeneity_les_rice_paddy_l100_cv0p5_s0_wind3_n1_op,open_path,1,0.5,100.0,0,0.0041031019231735,-0.0044170706294948,0.0085201725526683,0.08250242573892148,0.0845176434927939,0.08319806003281814,0.04973310646838125,-0.053538675862363105,0.04854728259813983,-0.05226211293824592,0.049317278811008315,-0.053091029138809864,0.515
source_heterogeneity_les_rice_paddy_l100_cv0p5_s1_wind3_n1_op,open_path,1,0.5,100.0,1,0.0530572256444229,0.0401730612054224,0.0128841644390005,0.08250242573892148,0.0845176434927939,0.08319806003281814,0.6430989776266971,0.4869318792219498,0.6277650849191818,0.4753215961214963,0.6377219087018863,0.48286055215200707,0.715
source_heterogeneity_les_rice_paddy_l100_cv0p5_s2_wind3_n1_op,open_path,1,0.5,100.0,2,-0.0445457463264106,-0.0612663759604823,0.0167206296340717,0.08250242573892148,0.0845176434927939,0.08319806003281814,-0.5399325647390707,-0.742600904297765,-0.5270585464230155,-0.7248945123003336,-0.5354180891818772,-0.7363918814491022,0.23775
source_heterogeneity_les_rice_paddy_l100_cv0p5_s3_wind3_n1_op,open_path,1,0.5,100.0,3,-0.0517827289102946,-0.0573534388724482,0.0055707099621536,0.08250242573892148,0.0845176434927939,0.08319806003281814,-0.6276509865802102,-0.6951727583615889,-0.612685431944274,-0.6785972313264772,-0.6224030811519943,-0.6893602909710235,0.26025
source_heterogeneity_les_rice_paddy_l100_cv0p5_s4_wind3_n1_op,open_path,1,0.5,100.0,4,0.0279841818406531,0.0035959893006432,0.0243881925400098,0.08250242573892148,0.0845176434927939,0.08319806003281814,0.33919223089523337,0.04358646753033287,0.3311046153699147,0.0425472025962224,0.3363561822188464,0.043222033052510274,0.548
source_heterogeneity_les_rice_paddy_l100_cv0p5_s5_wind3_n1_op,open_path,1,0.5,100.0,5,-0.0540584937991532,-0.0681925194485428,0.0141340256493896,0.08250242573892148,0.0845176434927939,0.08319806003281814,-0.6552352044801815,-0.8265516903022668,-0.6396119385860812,-0.806843596560486,-0.6497566623287778,-0.8196407394793065,0.2065
source_heterogeneity_les_rice_paddy_l100_cv0p5_s6_wind3_n1_op,open_path,1,0.5,100.0,6,-0.0440887615899508,-0.08980708905393,0.0457183274639792,0.08250242573892148,0.0845176434927939,0.08319806003281814,-0.5343935186762807,-1.0885387702190006,-0.5216515720023579,-1.0625839214457877,-0.5299253561027701,-1.0794372971978539,0.12925
source_heterogeneity_les_rice_paddy_l100_cv0p5_s7_wind3_n1_op,open_path,1,0.5,100.0,7,0.0090886870427648,-0.0266629524076203,0.0357516394503851,0.08250242573892148,0.0845176434927939,0.08319806003281814,0.11016266444729644,-0.3231777995473137,0.10753597316683013,-0.31547202815579706,0.10924157413261433,-0.3204756504791444,0.40675
source_heterogeneity_les_rice_paddy_l250_cv0p5_s0_wind3_n1_op,open_path,1,0.5,250.0,0,0.0079628409394256,0.0073890006347959,0.0005738403046296,0.11929653220825472,0.12344527777557376,0.1222601063509092,0.06674830183265472,0.06193810078147953,0.0645050267042391,0.05985648676030578,0.06513032891179375,0.060436726707795395,0.554
source_heterogeneity_les_rice_paddy_l250_cv0p5_s1_wind3_n1_op,open_path,1,0.5,250.0,1,0.0662472668419611,0.0511260052490051,0.0151212615929559,0.11929653220825472,0.12344527777557376,0.1222601063509092,0.5553159477118239,0.4285623756418583,0.5366529043127927,0.4141592628755983,0.5418551383541181,0.41817406163760384,0.684
source_heterogeneity_les_rice_paddy_l250_cv0p5_s2_wind3_n1_op,open_path,1,0.5,250.0,2,-0.0714318889213883,-0.1033368878689048,0.0319049989475165,0.11929653220825472,0.12344527777557376,0.1222601063509092,-0.5987759040362581,-0.8662187069152242,-0.578652259596783,-0.8371068519670193,-0.5842616291888829,-0.8452216422281587,0.197
source_heterogeneity_les_rice_paddy_l250_cv0p5_s3_wind3_n1_op,open_path,1,0.5,250.0,3,-0.0963750574737445,-0.1002426108150451,0.0038675533413006,0.11929653220825472,0.12344527777557376,0.1222601063509092,-0.8078613492763023,-0.8402810120251661,-0.7807107668302751,-0.8120408704275296,-0.7882788617664882,-0.8199126747635095,0.20525
source_heterogeneity_les_rice_paddy_l250_cv0p5_s4_wind3_n1_op,open_path,1,0.5,250.0,4,0.0066441688036509,-0.0208917506145131,0.027535919418164,0.11929653220825472,0.12344527777557376,0.1222601063509092,0.0556945678190565,-0.17512454241371064,0.05382278628535427,-0.1692389615137386,0.05434453643104892,-0.170879539026,0.462
source_heterogeneity_les_rice_paddy_l250_cv0p5_s5_wind3_n1_op,open_path,1,0.5,250.0,5,-0.0599503185668042,-0.0624775981269964,0.0025272795601921,0.11929653220825472,0.12344527777557376,0.1222601063509092,-0.5025319467136694,-0.5237168002329683,-0.48564286659709416,-0.5061157401304734,-0.49035061686218123,-0.5110219514096781,0.31825
source_heterogeneity_les_rice_paddy_l250_cv0p5_s6_wind3_n1_op,open_path,1,0.5,250.0,6,-0.034921413594215,-0.0789611523291886,0.0440397387349736,0.11929653220825472,0.12344527777557376,0.1222601063509092,-0.29272781821732297,-0.6618897537721125,-0.2828898295948015,-0.6396449807723039,-0.2856321218467131,-0.6458456048005997,0.26775
source_heterogeneity_les_rice_paddy_l250_cv0p5_s7_wind3_n1_op,open_path,1,0.5,250.0,7,0.025225399668858,-0.0233492362777962,0.0485746359466542,0.11929653220825472,0.12344527777557376,0.1222601063509092,0.21145124004796956,-0.19572435045333658,0.20434479247329598,-0.1891464517601526,0.206325680729055,-0.19098000954440167,0.4545
source_heterogeneity_les_rice_paddy_l500_cv0p5_s0_wind3_n1_op,open_path,1,0.5,500.0,0,-0.0286364664806686,-0.0158310370968316,-0.0128054293838369,0.12606260525836654,0.1325736718206735,0.1282956656062449,-0.22716067482484503,-0.12558075461304116,-0.21600417403693753,-0.11941312991802429,-0.22320681174496904,-0.1233949488630348,0.483
source_heterogeneity_les_rice_paddy_l500_cv0p5_s1_wind3_n1_op,open_path,1,0.5,500.0,1,0.1316709161818647,0.1440579757616102,-0.0123870595797455,0.12606260525836654,0.1325736718206735,0.1282956656062449,1.0444882993811198,1.1427494732983026,0.9931905360513064,1.0866258268570173,1.0263083757324964,1.1228592570207458,0.8645
source_heterogeneity_les_rice_paddy_l500_cv0p5_s2_wind3_n1_op,open_path,1,0.5,500.0,2,0.1222801708356919,0.1095855804559766,0.0126945903797152,0.12606260525836654,0.1325736718206735,0.1282956656062449,0.9699955873914988,0.8692949049512334,0.9223563710379451,0.8266013828462724,0.9531122525291285,0.8541643237762074,0.81025
source_heterogeneity_les_rice_paddy_l500_cv0p5_s3_wind3_n1_op,open_path,1,0.5,500.0,3,0.011291591513189,-0.0310853561897619,0.0423769477029509,0.12606260525836654,0.1325736718206735,0.1282956656062449,0.08957130062516773,-0.24658665530552978,0.08517220167562857,-0.23447608988162955,0.08801226027264457,-0.24229467178701627,0.4355
source_heterogeneity_les_rice_paddy_l500_cv0p5_s4_wind3_n1_op,open_path,1,0.5,500.0,4,-0.0928850007100703,-0.1055124077812944,0.0126274070712241,0.12606260525836654,0.1325736718206735,0.1282956656062449,-0.7368164454455116,-0.8369841918231476,-0.7006293137578002,-0.7958775398784785,-0.723991728568179,-0.8224159973192307,0.20525
source_heterogeneity_les_rice_paddy_l500_cv0p5_s5_wind3_n1_op,open_path,1,0.5,500.0,5,-0.0571362002987597,-0.0950692203378293,0.0379330200390696,0.12606260525836654,0.1325736718206735,0.1282956656062449,-0.45323670871039434,-0.75414291290414,-0.43097697690718934,-0.7171048295805309,-0.44534786135423854,-0.7410166188280155,0.2305
source_heterogeneity_les_rice_paddy_l500_cv0p5_s6_wind3_n1_op,open_path,1,0.5,500.0,6,0.0377317703181921,0.0524797102729097,-0.0147479399547175,0.12606260525836654,0.1325736718206735,0.1282956656062449,0.2993097773987811,0.4162987919006752,0.2846098308963652,0.39585318526816293,0.29410011741156966,0.4090528703750317,0.68
source_heterogeneity_les_rice_paddy_l500_cv0p5_s7_wind3_n1_op,open_path,1,0.5,500.0,7,0.2370966739223206,0.239676730647298,-0.0025800567249774,0.12606260525836654,0.1325736718206735,0.1282956656062449,1.880785133992659,1.901251605550101,1.788414476767534,1.8078757822405191,1.848048979690392,1.8681592204595223,0.9545
source_heterogeneity_les_rice_paddy_l100_cv1p0_s0_wind3_n1_op,open_path,1,1.0,100.0,0,-0.0302126658429264,-0.032109419216772,0.0018967533738456,0.14540765751726872,0.15726382740342973,0.1560002051675082,-0.20777905619818077,-0.2208234405602653,-0.1921145271723655,-0.20417549125522388,-0.19367068017945854,-0.2058293396620466,0.46975
source_heterogeneity_les_rice_paddy_l100_cv1p0_s1_wind3_n1_op,open_path,1,1.0,100.0,1,0.0710887575485742,0.0572957349135959,0.0137930226349782,0.14540765751726872,0.15726382740342973,0.1560002051675082,0.48889280497577403,0.3940351965768475,0.45203502116357525,0.36432875798332726,0.4556965644515742,0.36727986897243825,0.69025
source_heterogeneity_les_rice_paddy_l100_cv1p0_s2_wind3_n1_op,open_path,1,1.0,100.0,2,-0.0963904687023781,-0.1130216448599292,0.0166311761575511,0.14540765751726872,0.15726382740342973,0.1560002051675082,-0.6628981605795464,-0.7772743663552015,-0.6129220577539876,-0.7186754050567151,-0.6178868072569327,-0.7244967706200773,0.23475
source_heterogeneity_les_rice_paddy_l100_cv1p0_s3_wind3_n1_op,open_path,1,1.0,100.0,3,-0.0956743849034,-0.0939081880567011,-0.0017661968466988,0.14540765751726872,0.15726382740342973,0.1560002051675082,-0.657973496973759,-0.645826978166872,-0.6083686661012389,-0.5971378772042597,-0.6132965325312733,-0.6019747727630576,0.2905
source_heterogeneity_les_rice_paddy_l100_cv1p0_s4_wind3_n1_op,open_path,1,1.0,100.0,4,0.0541620442448182,0.0221478209824665,0.0320142232623516,0.14540765751726872,0.15726382740342973,0.1560002051675082,0.37248412614298443,0.15231536880948796,0.3444024295928906,0.14083226478807856,0.3471921346940581,0.14197302470650505,0.61125
source_heterogeneity_les_rice_paddy_l100_cv1p0_s5_wind3_n1_op,open_path,1,1.0,100.0,5,-0.1486366412732161,-0.1649092141816068,0.0162725729083907,0.14540765751726872,0.15726382740342973,0.1560002051675082,-1.0222064216636177,-1.1341164351129311,-0.945141954938676,-1.0486150369376699,-0.9527977294235906,-1.057108957033309,0.11225
source_heterogeneity_les_rice_paddy_l100_cv1p0_s6_wind3_n1_op,open_path,1,1.0,100.0,6,-0.0842440213261207,-0.1475276097174666,0.0632835883913459,0.14540765751726872,0.15726382740342973,0.1560002051675082,-0.5793644073807861,-1.0145793711032454,-0.5356859407345408,-0.9380899101419758,-0.5400250675033541,-0.9456885621339792,0.147
source_heterogeneity_les_rice_paddy_l100_cv1p0_s7_wind3_n1_op,open_path,1,1.0,100.0,7,0.0080482789854765,-0.0409190174358456,0.0489672964213221,0.14540765751726872,0.15726382740342973,0.1560002051675082,0.05534976027325576,-0.28140895833485263,0.0511769242702596,-0.2601934476062052,0.05159146410631003,-0.2623010488473911,0.443
source_heterogeneity_les_rice_paddy_l250_cv1p0_s0_wind3_n1_op,open_path,1,1.0,250.0,0,-0.0315906372842678,-0.0250762659549863,-0.0065143713292814,0.21025599117811444,0.23456905173516718,0.22158423885686743,-0.15024845240917004,-0.1192654050639794,-0.1346752141878214,-0.10690355683962038,-0.14256716744494544,-0.11316809392379365,0.51675
source_heterogeneity_les_rice_paddy_l250_cv1p0_s1_wind3_n1_op,open_path,1,1.0,250.0,1,0.0967926789485296,0.0821175104204947,0.0146751685280348,0.21025599117811444,0.23456905173516718,0.22158423885686743,0.46035634183918916,0.39055966947895615,0.41264044950742407,0.3500781957937354,0.4368211360513458,0.3705927409103253,0.7015
source_heterogeneity_les_rice_paddy_l250_cv1p0_s2_wind3_n1_op,open_path,1,1.0,250.0,2,-0.1295609869509698,-0.1691048471037691,0.0395438601527993,0.21025599117811444,0.23456905173516718,0.22158423885686743,-0.6162059222427323,-0.8042807539334995,-0.5523362352900951,-0.7209171280390886,-0.584703080053721,-0.7631627952248109,0.2115
source_heterogeneity_les_rice_paddy_l250_cv1p0_s3_wind3_n1_op,open_path,1,1.0,250.0,3,-0.1745139186478861,-0.1688267009000107,-0.0056872177478753,0.21025599117811444,0.23456905173516718,0.22158423885686743,-0.8300068771883408,-0.8029578608154491,-0.7439767409935883,-0.7197313526705952,-0.7875736990509219,-0.7619075335455807,0.21325
source_heterogeneity_les_rice_paddy_l250_cv1p0_s4_wind3_n1_op,open_path,1,1.0,250.0,4,0.0039909243886913,-0.0345703979682014,0.0385613223568927,0.21025599117811444,0.23456905173516718,0.22158423885686743,0.018981263584115723,-0.16442051317774686,0.017013857365962875,-0.14737834216609283,0.018010867601775785,-0.1560146973744472,0.4965
source_heterogeneity_les_rice_paddy_l250_cv1p0_s5_wind3_n1_op,open_path,1,1.0,250.0,5,-0.1747023137618867,-0.1705550648498363,-0.0041472489120503,0.21025599117811444,0.23456905173516718,0.22158423885686743,-0.83090290451648,-0.8111781447661758,-0.7447798951718867,-0.7270996049487216,-0.7884239179788226,-0.769707564625147,0.208
source_heterogeneity_les_rice_paddy_l250_cv1p0_s6_wind3_n1_op,open_path,1,1.0,250.0,6,-0.0726294963728409,-0.1335392229458308,0.0609097265729898,0.21025599117811444,0.23456905173516718,0.22158423885686743,-0.34543365906426976,-0.635126838467616,-0.30962949219252056,-0.5692960002950391,-0.32777374757126115,-0.6026566854878636,0.28775
source_heterogeneity_les_rice_paddy_l250_cv1p0_s7_wind3_n1_op,open_path,1,1.0,250.0,7,0.0267603802593649,-0.046406202676439,0.0731665829358039,0.21025599117811444,0.23456905173516718,0.22158423885686743,0.12727523296444543,-0.22071286728341954,0.11408316681766642,-0.19783599896559445,0.1207684282845171,-0.20942916750687823,0.47325
source_heterogeneity_les_rice_paddy_l500_cv1p0_s0_wind3_n1_op,open_path,1,1.0,500.0,0,-0.0943327928395904,-0.0536449065255921,-0.0406878863139982,0.2221809597350492,0.2604978039012791,0.22144164188423754,-0.42457640363099636,-0.24144691151556663,-0.36212509828044354,-0.20593227935972128,-0.4259939189256215,-0.24225302011459932,0.4475
source_heterogeneity_les_rice_paddy_l500_cv1p0_s1_wind3_n1_op,open_path,1,1.0,500.0,1,0.2204508452574673,0.2566143091888172,-0.0361634639313499,0.2221809597350492,0.2604978039012791,0.22144164188423754,0.9922130389586711,1.1549788491994535,0.8462675767547415,0.9850920251368661,0.9955256986972297,1.1588349282695745,0.87675
source_heterogeneity_les_rice_paddy_l500_cv1p0_s2_wind3_n1_op,open_path,1,1.0,500.0,2,0.2006747837768195,0.1889963164406652,0.0116784673361542,0.2221809597350492,0.2604978039012791,0.22144164188423754,0.9032042350349201,0.8506413720871641,0.7703511537197806,0.7255198071162595,0.9062197248416616,0.8534813724848839,0.82475
source_heterogeneity_les_rice_paddy_l500_cv1p0_s3_wind3_n1_op,open_path,1,1.0,500.0,3,0.0030559149358983,-0.0609793330199022,0.0640352479558006,0.2221809597350492,0.2604978039012791,0.22144164188423754,0.013754171102431455,-0.27445796027085334,0.011731058343418515,-0.23408770479697233,0.013800091572188724,-0.27537428146319565,0.431
source_heterogeneity_les_rice_paddy_l500_cv1p0_s4_wind3_n1_op,open_path,1,1.0,500.0,4,-0.1862697633816488,-0.1905609742589734,0.0042912108773246,0.2221809597350492,0.2604978039012791,0.22144164188423754,-0.8383696046851877,-0.8576836398862322,-0.7150531044485868,-0.7315262217380931,-0.841168633851733,-0.8605471520058203,0.176
source_heterogeneity_les_rice_paddy_l500_cv1p0_s5_wind3_n1_op,open_path,1,1.0,500.0,5,-0.1147594204905551,-0.16620976931892,0.0514503488283649,0.2221809597350492,0.2604978039012791,0.22144164188423754,-0.5165132990126864,-0.7480828668537807,-0.4405389173032933,-0.6380467198944547,-0.5182377601343273,-0.7505804595045815,0.2235
source_heterogeneity_les_rice_paddy_l500_cv1p0_s6_wind3_n1_op,open_path,1,1.0,500.0,6,0.0338494659660413,0.0661455061054193,-0.032296040139378,0.2221809597350492,0.2604978039012791,0.22144164188423754,0.15235088554125784,0.29771005663265576,0.1299414638400147,0.2539196304721497,0.15285953300389948,0.2987040086164011,0.66525
source_heterogeneity_les_rice_paddy_l500_cv1p0_s7_wind3_n1_op,open_path,1,1.0,500.0,7,0.4193381707258395,0.4456143311325025,-0.026276160406663,0.2221809597350492,0.2604978039012791,0.22144164188423754,1.8873722177899506,2.005636899146973,1.6097570284498683,1.710626056952776,1.8936735076461175,2.012333034296481,0.957
source_heterogeneity_les_rice_paddy_l100_cv2p0_s0_wind3_n1_op,open_path,1,2.0,100.0,0,-0.0977412714569275,-0.0955015915785836,-0.0022396798783438,0.2215703589881211,0.27051205251869626,0.25543945301910553,-0.44112972467661,-0.4310215139548682,-0.36131947004532144,-0.35304006120756143,-0.38263968350111116,-0.37387173535577756,0.38425
source_heterogeneity_les_rice_paddy_l100_cv2p0_s1_wind3_n1_op,open_path,1,2.0,100.0,1,0.0853226626489831,0.0640096474304829,0.0213130152185001,0.2215703589881211,0.27051205251869626,0.25543945301910553,0.38508157426218476,0.28889084136887916,0.3154116862984731,0.23662401299498076,0.334023040061088,0.25058637839196796,0.6825
source_heterogeneity_les_rice_paddy_l100_cv2p0_s2_wind3_n1_op,open_path,1,2.0,100.0,2,-0.1579244126513793,-0.1745346948841827,0.0166102822328034,0.2215703589881211,0.27051205251869626,0.25543945301910553,-0.7127506286156533,-0.7877168032820667,-0.5837980643781646,-0.6452011777631234,-0.618245970952527,-0.6832722698914032,0.22225
source_heterogeneity_les_rice_paddy_l100_cv2p0_s3_wind3_n1_op,open_path,1,2.0,100.0,3,-0.1462612979250776,-0.1418590162658812,-0.0044022816591964,0.2215703589881211,0.27051205251869626,0.25543945301910553,-0.6601122036044497,-0.6402436540416789,-0.5406831102838527,-0.5244092266686592,-0.5725869523927379,-0.5553528031367609,0.2895
source_heterogeneity_les_rice_paddy_l100_cv2p0_s4_wind3_n1_op,open_path,1,2.0,100.0,4,0.1111580835435578,0.0649956529466305,0.0461624305969272,0.2215703589881211,0.27051205251869626,0.25543945301910553,0.5016830051239717,0.2933409199834129,0.4109173048246166,0.24026897264453076,0.4351641151347273,0.2544464145159642,0.6835
source_heterogeneity_les_rice_paddy_l100_cv2p0_s5_wind3_n1_op,open_path,1,2.0,100.0,5,-0.3477123163211165,-0.3926629563429918,0.0449506400218753,0.2215703589881211,0.27051205251869626,0.25543945301910553,-1.569308809666902,-1.7721817942446145,-1.285385671668306,-1.4515543861612346,-1.361231838744618,-1.5372055949149823,0.00575
source_heterogeneity_les_rice_paddy_l100_cv2p0_s6_wind3_n1_op,open_path,1,2.0,100.0,6,-0.1168631827674303,-0.2027947318983497,0.0859315491309194,0.2215703589881211,0.27051205251869626,0.25543945301910553,-0.5274314818151989,-0.9152611063342728,-0.4320073049586335,-0.7496698576280023,-0.4574985633041171,-0.7939052855832013,0.1735
source_heterogeneity_les_rice_paddy_l100_cv2p0_s7_wind3_n1_op,open_path,1,2.0,100.0,7,0.0184480754186474,-0.0421226178471926,0.06057069326584,0.2215703589881211,0.27051205251869626,0.25543945301910553,0.08326057466755489,-0.19010944442009453,0.06819687051604613,-0.15571438483052924,0.0722209322037171,-0.16490255263756007,0.4975
source_heterogeneity_les_rice_paddy_l250_cv2p0_s0_wind3_n1_op,open_path,1,2.0,250.0,0,-0.111144392778251,-0.1095890300316694,-0.0015553627465815,0.3203854338909586,0.41956279437060073,0.3275490679312583,-0.346908382907565,-0.3420537216712774,-0.2649052639307119,-0.2611981603279846,-0.33932135261510354,-0.3345728648346161,0.427
source_heterogeneity_les_rice_paddy_l250_cv2p0_s1_wind3_n1_op,open_path,1,2.0,250.0,1,0.1308305027781977,0.1127335459938874,0.0180969567843102,0.3203854338909586,0.41956279437060073,0.3275490679312583,0.4083534672263694,0.3518685123252377,0.31182579707636043,0.2686929048677982,0.39942260744168767,0.3441730019440825,0.72325
source_heterogeneity_les_rice_paddy_l250_cv2p0_s2_wind3_n1_op,open_path,1,2.0,250.0,2,-0.1819706345189014,-0.2237827069019132,0.0418120723830118,0.3203854338909586,0.41956279437060073,0.3275490679312583,-0.5679741188884202,-0.6984796536601486,-0.43371489789003154,-0.5333711899731639,-0.5555522892133248,-0.6832036137830738,0.24725
source_heterogeneity_les_rice_paddy_l250_cv2p0_s3_wind3_n1_op,open_path,1,2.0,250.0,3,-0.2575812118512631,-0.2448830391601827,-0.0126981726910803,0.3203854338909586,0.41956279437060073,0.3275490679312583,-0.8039729170051141,-0.7643388658035162,-0.6139276773520129,-0.5836624277601625,-0.7863896956816279,-0.7476224576269456,0.2125
source_heterogeneity_les_rice_paddy_l250_cv2p0_s4_wind3_n1_op,open_path,1,2.0,250.0,4,0.0122959385102923,-0.0434270690432949,0.0557230075535872,0.3203854338909586,0.41956279437060073,0.3275490679312583,0.038378581575831426,-0.13554632779614775,0.029306551189167817,-0.10350552915074657,0.037539226070619776,-0.1325818733589216,0.53375
source_heterogeneity_les_rice_paddy_l250_cv2p0_s5_wind3_n1_op,open_path,1,2.0,250.0,5,-0.3713377671901411,-0.3820751040730872,0.010737336882946,0.3203854338909586,0.41956279437060073,0.3275490679312583,-1.1590344875557728,-1.1925482985694174,-0.8850588569160345,-0.9106505848457083,-1.1336859223427025,-1.166466772402088,0.04475
source_heterogeneity_les_rice_paddy_l250_cv2p0_s6_wind3_n1_op,open_path,1,2.0,250.0,6,-0.1063653839439307,-0.1866165840794499,0.0802512001355192,0.3203854338909586,0.41956279437060073,0.3275490679312583,-0.331991946862764,-0.5824752449356478,-0.25351481439981527,-0.4447882094965052,-0.32473114521654894,-0.5697362696162962,0.30475
source_heterogeneity_les_rice_paddy_l250_cv2p0_s7_wind3_n1_op,open_path,1,2.0,250.0,7,0.0290078734557829,-0.0710025939850676,0.1000104674408505,0.3203854338909586,0.41956279437060073,0.3275490679312583,0.09054055018511101,-0.22161617375287088,0.06913833601308361,-0.16922995779828573,0.08856039078050648,-0.2167693360677451,0.49325
source_heterogeneity_les_rice_paddy_l500_cv2p0_s0_wind3_n1_op,open_path,1,2.0,500.0,0,-0.1919508957248182,-0.1180720426797892,-0.0738788530450289,0.3385565509366224,0.495984593916932,0.3535455159351553,-0.5669684878162387,-0.34875131600065307,-0.38700979441503847,-0.238055867315032,-0.5429312127381765,-0.3339656065711355,0.437
source_heterogeneity_les_rice_paddy_l500_cv2p0_s1_wind3_n1_op,open_path,1,2.0,500.0,1,0.3256422498560029,0.3886953784263255,-0.0630531285703226,0.3385565509366224,0.495984593916932,0.3535455159351553,0.9618548185084829,1.1480958715788934,0.6565571871584015,0.7836843788971086,0.9210758874841161,1.0994210388956456,0.87075
source_heterogeneity_les_rice_paddy_l500_cv2p0_s2_wind3_n1_op,open_path,1,2.0,500.0,2,0.2926515619424523,0.2786240747280917,0.0140274872143605,0.3385565509366224,0.495984593916932,0.3535455159351553,0.8644096861597473,0.8229764686498415,0.5900416374454281,0.5617595347623962,0.8277620525559947,0.7880854435138553,0.81775
source_heterogeneity_les_rice_paddy_l500_cv2p0_s3_wind3_n1_op,open_path,1,2.0,500.0,3,-0.0082968631232114,-0.1032884393926766,0.0949915762694652,0.3385565509366224,0.495984593916932,0.3535455159351553,-0.02450657977303345,-0.30508474612860803,-0.01672806620400989,-0.20824928971478385,-0.02346759539932377,-0.2921503306850623,0.4605
source_heterogeneity_les_rice_paddy_l500_cv2p0_s4_wind3_n1_op,open_path,1,2.0,500.0,4,-0.2962654485799526,-0.2879719750634399,-0.0082934735165126,0.3385565509366224,0.495984593916932,0.3535455159351553,-0.8750840819955461,-0.8505875141590395,-0.5973279255314358,-0.5806066934241706,-0.8379838952173031,-0.814525887287049,0.16575
source_heterogeneity_les_rice_paddy_l500_cv2p0_s5_wind3_n1_op,open_path,1,2.0,500.0,5,-0.1805909489261728,-0.2454392634634423,0.0648483145372695,0.3385565509366224,0.495984593916932,0.3535455159351553,-0.5334144278897127,-0.7249579509964597,-0.3641059644615057,-0.49485259516860863,-0.5107997154156961,-0.6942225326044269,0.228
source_heterogeneity_les_rice_paddy_l500_cv2p0_s6_wind3_n1_op,open_path,1,2.0,500.0,6,0.0162335407425996,0.0628353992884991,-0.0466018585458995,0.3385565509366224,0.495984593916932,0.3535455159351553,0.04794927375556384,0.1855979425436132,0.032729929400424906,0.1266882077773223,0.04591640965848662,0.17772930628831365,0.663
source_heterogeneity_les_rice_paddy_l500_cv2p0_s7_wind3_n1_op,open_path,1,2.0,500.0,7,0.6505412308480786,0.7147556123376031,-0.0642143814895245,0.3385565509366224,0.495984593916932,0.3535455159351553,1.921514231664829,2.1111852964009103,1.3116158018348285,1.4410843020202984,1.8400494463275727,2.021679190151851,0.953
source_heterogeneity_les_rice_paddy_l100_cv0p5_s0_wind3_n2_op,open_path,2,0.5,100.0,0,0.0102596742457135,0.0056554500673567,0.0046042241783567,0.08310680730500773,0.08512159608932464,0.08366930842285188,0.12345167114963021,0.06805038300413596,0.12052962722817409,0.06643966193281904,0.12262171684105093,0.06759288649518795,0.55925
source_heterogeneity_les_rice_paddy_l100_cv0p5_s1_wind3_n2_op,open_path,2,0.5,100.0,1,0.0607197479157205,0.0325776520567374,0.028142095858983,0.08310680730500773,0.08512159608932464,0.08366930842285188,0.7306230366048695,0.391997396039715,0.713329527468007,0.3827189990957308,0.7257111246677478,0.3893620333527192,0.67875
source_heterogeneity_les_rice_paddy_l100_cv0p5_s2_wind3_n2_op,open_path,2,0.5,100.0,2,-0.0357796915063799,-0.0840068323897416,0.0482271408833617,0.08310680730500773,0.08512159608932464,0.08366930842285188,-0.4305266038564802,-1.0108297396316852,-0.420336238395172,-0.9869038675166144,-0.4276322128247411,-1.0040340236252931,0.14975
source_heterogeneity_les_rice_paddy_l100_cv0p5_s3_wind3_n2_op,open_path,2,0.5,100.0,3,-0.0467239303659927,-0.0476480562992555,0.0009241259332628,0.08310680730500773,0.08512159608932464,0.08366930842285188,-0.5622154415644033,-0.5733351796849064,-0.5489080622614464,-0.5597646013269622,-0.5584357185057286,-0.5694806996425681,0.30325
source_heterogeneity_les_rice_paddy_l100_cv0p5_s4_wind3_n2_op,open_path,2,0.5,100.0,4,0.0321073936195854,-0.0034726449488188,0.0355800385684042,0.08310680730500773,0.08512159608932464,0.08366930842285188,0.38633891327035397,-0.041785324950264935,0.3771944499947187,-0.04079628564735425,0.3837415920461485,-0.04150440602745972,0.513
source_heterogeneity_les_rice_paddy_l100_cv0p5_s5_wind3_n2_op,open_path,2,0.5,100.0,5,-0.0417075193777711,-0.0589376779131674,0.0172301585353963,0.08310680730500773,0.08512159608932464,0.08366930842285188,-0.5018544296221321,-0.7091799074516488,-0.48997576753617483,-0.6923939472577506,-0.4984805081331338,-0.7044121557131248,0.253
source_heterogeneity_les_rice_paddy_l100_cv0p5_s6_wind3_n2_op,open_path,2,0.5,100.0,6,-0.0416064946818927,-0.0840861548513363,0.0424796601694436,0.08310680730500773,0.08512159608932464,0.08366930842285188,-0.5006388288891184,-1.0117842037022828,-0.48878893950991953,-0.9878357398643962,-0.49727307977281043,-1.0049820709211286,0.14975
source_heterogeneity_les_rice_paddy_l100_cv0p5_s7_wind3_n2_op,open_path,2,0.5,100.0,7,0.0195319232681211,-0.0450676807311576,0.0645996039992787,0.08310680730500773,0.08512159608932464,0.08366930842285188,0.2350219422632564,-0.542286272239482,0.2294590816603668,-0.5294506071510291,0.23344191121324623,-0.5386405311657704,0.315
source_heterogeneity_les_rice_paddy_l250_cv0p5_s0_wind3_n2_op,open_path,2,0.5,250.0,0,0.0128216846433692,0.021706964968615,-0.0088852803252458,0.12038660509887775,0.12456090630174754,0.1234209842305397,0.10650424632240688,0.18031046685622795,0.10293506224423896,0.17426787916932857,0.10388577536717261,0.17587742557674205,0.599
source_heterogeneity_les_rice_paddy_l250_cv0p5_s1_wind3_n2_op,open_path,2,0.5,250.0,1,0.0718046326229811,0.0411432196766126,0.0306614129463684,0.12038660509887775,0.12456090630174754,0.1234209842305397,0.5964503489736706,0.34175911549977034,0.5764620277331244,0.33030603981752965,0.5817862583955438,0.33335676208642634,0.65375
source_heterogeneity_les_rice_paddy_l250_cv0p5_s2_wind3_n2_op,open_path,2,0.5,250.0,2,-0.0611892265299122,-0.1237757589481557,0.0625865324182435,0.12038660509887775,0.12456090630174754,0.1234209842305397,-0.5082727142247706,-1.0281522503811311,-0.4912394132849508,-0.9936966791836772,-0.4957765238333866,-1.0028745088999884,0.1435
source_heterogeneity_les_rice_paddy_l250_cv0p5_s3_wind3_n2_op,open_path,2,0.5,250.0,3,-0.0909570569380026,-0.0873454064371317,-0.0036116505008708,0.12038660509887775,0.12456090630174754,0.1234209842305397,-0.7555413400294524,-0.7255409051978154,-0.7302215409195887,-0.7012264845403288,-0.7369659017473293,-0.707703045650471,0.24275
source_heterogeneity_les_rice_paddy_l250_cv0p5_s4_wind3_n2_op,open_path,2,0.5,250.0,4,0.0108261232721801,-0.0260733544792126,0.0368994777513927,0.12038660509887775,0.12456090630174754,0.1234209842305397,0.08992797216341655,-0.21658019559400016,0.0869142943288637,-0.20932213206646202,0.08771703887855764,-0.21125544121824402,0.446
source_heterogeneity_les_rice_paddy_l250_cv0p5_s5_wind3_n2_op,open_path,2,0.5,250.0,5,-0.0457116020130497,-0.0492065179749013,0.0034949159618516,0.12038660509887775,0.12456090630174754,0.1234209842305397,-0.3797067121836782,-0.4087374831650602,-0.36698193173316995,-0.39503981976254254,-0.3703713942814164,-0.39868842629700463,0.3615
source_heterogeneity_les_rice_paddy_l250_cv0p5_s6_wind3_n2_op,open_path,2,0.5,250.0,6,-0.0348824530865861,-0.0768506886118322,0.0419682355252461,0.12038660509887775,0.12456090630174754,0.1234209842305397,-0.2897536072051863,-0.6383657762316001,-0.28004334684338045,-0.6169727797713849,-0.2826298404931588,-0.6226711696633513,0.274
source_heterogeneity_les_rice_paddy_l250_cv0p5_s7_wind3_n2_op,open_path,2,0.5,250.0,7,0.0340322007919605,-0.0378367478961899,0.0718689486881504,0.12038660509887775,0.12456090630174754,0.1234209842305397,0.28269092532353296,-0.31429366967457256,0.27321735047044243,-0.3037610195652459,0.27574079889357633,-0.3065665707665573,0.40225
source_heterogeneity_les_rice_paddy_l500_cv0p5_s0_wind3_n2_op,open_path,2,0.5,500.0,0,-0.0152621983288129,-0.0017790973488371,-0.0134831009799757,0.12745415753414632,0.13401224835636186,0.12970378935538135,-0.11974657103456193,-0.013958723538386427,-0.11388659257643423,-0.01327563241910673,-0.11766964099248715,-0.013716618131814712,0.52575
source_heterogeneity_les_rice_paddy_l500_cv0p5_s1_wind3_n2_op,open_path,2,0.5,500.0,1,0.1411137143259522,0.1423727821596587,-0.0012590678337064,0.12745415753414632,0.13401224835636186,0.12970378935538135,1.1071723124304231,1.1170509060994382,1.0529911710062974,1.0623863408444931,1.0879690950224152,1.0976763506081153,0.86375
source_heterogeneity_les_rice_paddy_l500_cv0p5_s2_wind3_n2_op,open_path,2,0.5,500.0,2,0.1322160936657219,0.1170804419401812,0.0151356517255406,0.12745415753414632,0.13401224835636186,0.12970378935538135,1.0373619521222743,0.918608260454855,0.9865970856196392,0.8736547843660079,1.0193695521374242,0.902675569634956,0.822
source_heterogeneity_les_rice_paddy_l500_cv0p5_s3_wind3_n2_op,open_path,2,0.5,500.0,3,0.0061886740826522,-0.0209364879402654,0.0271251620229176,0.12745415753414632,0.13401224835636186,0.12970378935538135,0.04855607853352441,-0.16426681047776956,0.046179913840378534,-0.1562281671791047,0.04771390345193053,-0.1614177044812512,0.4685
source_heterogeneity_les_rice_paddy_l500_cv0p5_s4_wind3_n2_op,open_path,2,0.5,500.0,4,-0.0810232749184607,-0.1047589211527271,0.0237356462342664,0.12745415753414632,0.13401224835636186,0.12970378935538135,-0.6357052330501946,-0.8219341226641514,-0.6045960418707829,-0.7817115408298719,-0.6246793198652147,-0.8076781848346261,0.20825
source_heterogeneity_les_rice_paddy_l500_cv0p5_s5_wind3_n2_op,open_path,2,0.5,500.0,5,-0.0357923517448077,-0.0917934599346808,0.0560011081898731,0.12745415753414632,0.13401224835636186,0.12970378935538135,-0.28082529779555093,-0.7202076551334808,-0.2670826897078065,-0.68496321090432,-0.27595455709268907,-0.7077160998216613,0.2435
source_heterogeneity_les_rice_paddy_l500_cv0p5_s6_wind3_n2_op,open_path,2,0.5,500.0,6,0.0601885432049136,0.0666650989673334,-0.0064765557624198,0.12745415753414632,0.13401224835636186,0.12970378935538135,0.4722367976798909,0.5230515838565181,0.44912718011313263,0.497455268342781,0.46404614317011394,0.513979578381281,0.71425
source_heterogeneity_les_rice_paddy_l500_cv0p5_s7_wind3_n2_op,open_path,2,0.5,500.0,7,0.2435878530197747,0.2475933163330305,-0.0040054633132557,0.12745415753414632,0.13401224835636186,0.12970378935538135,1.9111801272901978,1.942606825255564,1.8176536548512512,1.8475424401106744,1.8780318927487707,1.9089135141197628,0.95625
source_heterogeneity_les_rice_paddy_l100_cv1p0_s0_wind3_n2_op,open_path,2,1.0,100.0,0,-0.0250399013253589,-0.0177575317290388,-0.00728236959632,0.14647285901872903,0.15830607994141063,0.1557894425345811,-0.17095249927604078,-0.1212342808626969,-0.15817397117423546,-0.11217213979154114,-0.16072912848250748,-0.11398417915961861,0.50075
source_heterogeneity_les_rice_paddy_l100_cv1p0_s1_wind3_n2_op,open_path,2,1.0,100.0,1,0.0776785836364265,0.0492036453758167,0.0284749382606097,0.14647285901872903,0.15830607994141063,0.1557894425345811,0.5303274897262297,0.3359232946325243,0.49068604102366437,0.31081336480586885,0.498612629794756,0.3158342733327055,0.67475
source_heterogeneity_les_rice_paddy_l100_cv1p0_s2_wind3_n2_op,open_path,2,1.0,100.0,2,-0.0876362186423572,-0.1528178783099224,0.0651816596675652,0.14647285901872903,0.15830607994141063,0.1557894425345811,-0.5983102892198713,-1.0433187372302337,-0.5535871943439665,-0.9653317065679384,-0.5625298943020757,-0.9809257663657209,0.14025
source_heterogeneity_les_rice_paddy_l100_cv1p0_s3_wind3_n2_op,open_path,2,1.0,100.0,3,-0.0909237687726212,-0.0781081420261722,-0.0128156267464489,0.14647285901872903,0.15830607994141063,0.1557894425345811,-0.6207550626221822,-0.5332601722219729,-0.574354243414228,-0.4933995084401064,-0.5836324162495065,-0.5013699308207888,0.3345
source_heterogeneity_les_rice_paddy_l100_cv1p0_s4_wind3_n2_op,open_path,2,1.0,100.0,4,0.0567816197314601,0.0026033964478637,0.0541782232835963,0.14647285901872903,0.15830607994141063,0.1557894425345811,0.3876596668615556,0.01777391706084478,0.3586824950278289,0.016445334562179937,0.3644766860171291,0.016710994053950837,0.56025
source_heterogeneity_les_rice_paddy_l100_cv1p0_s5_wind3_n2_op,open_path,2,1.0,100.0,5,-0.1359903833856871,-0.1521656811584762,0.016175297772789,0.14647285901872903,0.15830607994141063,0.1557894425345811,-0.9284340067964294,-1.0388660546253095,-0.859034494670182,-0.9612118575281063,-0.8729114192413961,-0.9767393648943796,0.14175
source_heterogeneity_les_rice_paddy_l100_cv1p0_s6_wind3_n2_op,open_path,2,1.0,100.0,6,-0.0841942622831612,-0.1399627069469019,0.0557684446637407,0.14647285901872903,0.15830607994141063,0.1557894425345811,-0.5748113530875747,-0.9555538676896128,-0.5318447801519793,-0.8841271731237509,-0.5404362510923827,-0.898409447198798,0.169
source_heterogeneity_les_rice_paddy_l100_cv1p0_s7_wind3_n2_op,open_path,2,1.0,100.0,7,0.0213079882993333,-0.0684655706155011,0.0897735589148344,0.14647285901872903,0.15830607994141063,0.1557894425345811,0.1454739700042908,-0.46742837597473685,0.13459993644728885,-0.43248857302789845,0.13677427656629232,-0.43947503439011004,0.36025
source_heterogeneity_les_rice_paddy_l250_cv1p0_s0_wind3_n2_op,open_path,2,1.0,250.0,0,-0.0290401162429353,-0.0053167608234704,-0.0237233554194648,0.21217720675606802,0.2366387126091022,0.22490898613386445,-0.13686727564625548,-0.025058114887820514,-0.12271921158946623,-0.0224678403835514,-0.12911941288842413,-0.02363961047028106,0.55675
source_heterogeneity_les_rice_paddy_l250_cv1p0_s1_wind3_n2_op,open_path,2,1.0,250.0,1,0.099181752124395,0.0684036670579413,0.0307780850664536,0.21217720675606802,0.2366387126091022,0.22490898613386445,0.4674477227821198,0.32238932778760904,0.4191273314110315,0.28906372209240205,0.4409861688023556,0.3041393242385961,0.68175
source_heterogeneity_les_rice_paddy_l250_cv1p0_s2_wind3_n2_op,open_path,2,1.0,250.0,2,-0.1180322280460836,-0.2040757738979359,0.0860435458518523,0.21217720675606802,0.2366387126091022,0.22490898613386445,-0.5562907998019821,-0.9618176099968834,-0.4987866386894109,-0.8623938646718544,-0.5247999649770843,-0.9073704764133846,0.15375
source_heterogeneity_les_rice_paddy_l250_cv1p0_s3_wind3_n2_op,open_path,2,1.0,250.0,3,-0.1693707877855318,-0.1465769962971559,-0.0227937914883759,0.21217720675606802,0.2366387126091022,0.22490898613386445,-0.7982515670509834,-0.6908234797608107,-0.7157357556508995,-0.6194125833471843,-0.7530636756537746,-0.6517169403356528,0.263
source_heterogeneity_les_rice_paddy_l250_cv1p0_s4_wind3_n2_op,open_path,2,1.0,250.0,4,0.007027168920802,-0.0457038311789112,0.0527310000997131,0.21217720675606802,0.2366387126091022,0.22490898613386445,0.033119339387292744,-0.21540405719194491,0.029695770583446385,-0.19313759221809265,0.03124450046037499,-0.20321033838865182,0.47125
source_heterogeneity_les_rice_paddy_l250_cv1p0_s5_wind3_n2_op,open_path,2,1.0,250.0,5,-0.1601794699245334,-0.1492261728637679,-0.0109532970607654,0.21217720675606802,0.2366387126091022,0.22490898613386445,-0.7549325037004827,-0.7033091590998627,-0.6768946135585602,-0.630607609458521,-0.712196843167465,-0.6634958230390555,0.26025
source_heterogeneity_les_rice_paddy_l250_cv1p0_s6_wind3_n2_op,open_path,2,1.0,250.0,6,-0.0767928578541952,-0.131358728277317,0.0545658704231218,0.21217720675606802,0.2366387126091022,0.22490898613386445,-0.36192793292109365,-0.6190991496477521,-0.32451519452376115,-0.5551024463791152,-0.34143970489684466,-0.5840528230345279,0.2945
source_heterogeneity_les_rice_paddy_l250_cv1p0_s7_wind3_n2_op,open_path,2,1.0,250.0,7,0.0372421795315972,-0.0655963207622169,0.1028385002938141,0.21217720675606802,0.2366387126091022,0.22490898613386445,0.17552394105373015,-0.30915818793689026,0.15737991100854518,-0.27720029423323433,0.16558777918028975,-0.29165718048799694,0.43525
source_heterogeneity_les_rice_paddy_l500_cv1p0_s0_wind3_n2_op,open_path,2,1.0,500.0,0,-0.0771763745129659,-0.0315756223817625,-0.0456007521312033,0.22463352224968697,0.26322573402208294,0.22520217419337327,-0.3435657053321811,-0.14056505042317433,-0.2931946407127933,-0.11995644156552532,-0.3426981768244264,-0.14021011340081296,0.49025
source_heterogeneity_les_rice_paddy_l500_cv1p0_s1_wind3_n2_op,open_path,2,1.0,500.0,1,0.2325723862950472,0.2533553619745415,-0.0207829756794943,0.22463352224968697,0.26322573402208294,0.22520217419337327,1.0353414039269524,1.1278608795214873,0.8835472988956918,0.9625022527367579,1.0327270912373403,1.125012948396289,0.86975
source_heterogeneity_les_rice_paddy_l500_cv1p0_s2_wind3_n2_op,open_path,2,1.0,500.0,2,0.214052828847963,0.2026216989268394,0.0114311299211235,0.22463352224968697,0.26322573402208294,0.22520217419337327,0.9528979766877216,0.9020100691009921,0.81319111766635,0.7697640190067463,0.9504918396754167,0.8997324277733447,0.833
source_heterogeneity_les_rice_paddy_l500_cv1p0_s3_wind3_n2_op,open_path,2,1.0,500.0,3,-0.0110417721253584,-0.0347549730195496,0.0237132008941912,0.22463352224968697,0.26322573402208294,0.22520217419337327,-0.049154605309020334,-0.1547185507820974,-0.04194792035201265,-0.13203486030219933,-0.049030486339253616,-0.15432787513723875,0.48425
source_heterogeneity_les_rice_paddy_l500_cv1p0_s4_wind3_n2_op,open_path,2,1.0,500.0,4,-0.1718245806929542,-0.1866288964283257,0.0148043157353715,0.22463352224968697,0.26322573402208294,0.22520217419337327,-0.7649106819505148,-0.830814985044316,-0.652765130777598,-0.7090070320125643,-0.7629792265922549,-0.8287171165056069,0.18725
source_heterogeneity_les_rice_paddy_l500_cv1p0_s5_wind3_n2_op,open_path,2,1.0,500.0,5,-0.0859088085614489,-0.1648909307691361,0.0789821222076872,0.22463352224968697,0.26322573402208294,0.22520217419337327,-0.3824398411291377,-0.7340441850253091,-0.32636933801556695,-0.6264240515150499,-0.3814741525882517,-0.7321906698269707,0.22825
source_heterogeneity_les_rice_paddy_l500_cv1p0_s6_wind3_n2_op,open_path,2,1.0,500.0,6,0.0640151848189618,0.0884931985353872,-0.0244780137164254,0.22463352224968697,0.26322573402208294,0.22520217419337327,0.284976098748997,0.3939447578844636,0.24319500924476992,0.336187488902446,0.2842565132785716,0.3929500185881917,0.69825
source_heterogeneity_les_rice_paddy_l500_cv1p0_s7_wind3_n2_op,open_path,2,1.0,500.0,7,0.4237246428307684,0.4628820096920025,-0.0391573668612341,0.22463352224968697,0.26322573402208294,0.22520217419337327,1.8862930099977937,2.060609676847319,1.6097386693780504,1.7584983148082691,1.8815299823301475,2.055406486859855,0.95725
source_heterogeneity_les_rice_paddy_l100_cv2p0_s0_wind3_n2_op,open_path,2,2.0,100.0,0,-0.0936470877764449,-0.076775606678236,-0.0168714810982088,0.2231934996335526,0.2718370921347442,0.2564865419776293,-0.4195780250329789,-0.3439867505294243,-0.3444970921408544,-0.2824324159566122,-0.3651150156042603,-0.29933580953706473,0.43025
source_heterogeneity_les_rice_paddy_l100_cv2p0_s1_wind3_n2_op,open_path,2,2.0,100.0,1,0.0898071419369715,0.0607285242921412,0.0290786176448302,0.2231934996335526,0.2718370921347442,0.2564865419776293,0.40237346555531506,0.27208912621491016,0.3303711838282021,0.22340043374963445,0.35014368100765475,0.2367708021789226,0.671
source_heterogeneity_les_rice_paddy_l100_cv2p0_s2_wind3_n2_op,open_path,2,2.0,100.0,2,-0.1496871436967001,-0.233057634913431,0.0833704912167309,0.2231934996335526,0.2718370921347442,0.2564865419776293,-0.6706608568012152,-1.0441954416059327,-0.5506501799338818,-0.8573430251303196,-0.5836062295609872,-0.9086544390066214,0.12525
source_heterogeneity_les_rice_paddy_l100_cv2p0_s3_wind3_n2_op,open_path,2,2.0,100.0,3,-0.140080418155787,-0.1229161426284323,-0.0171642755273546,0.2231934996335526,0.2718370921347442,0.2564865419776293,-0.6276187182233186,-0.5507156025163842,-0.5153101699835427,-0.4521683985918493,-0.5461511433531853,-0.4792303786416716,0.33225
source_heterogeneity_les_rice_paddy_l100_cv2p0_s4_wind3_n2_op,open_path,2,2.0,100.0,4,0.1149010287749492,0.0210195796081609,0.0938814491667882,0.2231934996335526,0.2718370921347442,0.2564865419776293,0.5148045483564619,0.09417648651359305,0.42268340892196954,0.07732417766498884,0.44798073181153825,0.08195197863439642,0.61075
source_heterogeneity_les_rice_paddy_l100_cv2p0_s5_wind3_n2_op,open_path,2,2.0,100.0,5,-0.3411246286313399,-0.3747023077240757,0.0335776790927357,0.2231934996335526,0.2718370921347442,0.2564865419776293,-1.5283806615847282,-1.6788226733272964,-1.2548862480556966,-1.3784075777942153,-1.3299903612919102,-1.4609043610434622,0.00775
source_heterogeneity_les_rice_paddy_l100_cv2p0_s6_wind3_n2_op,open_path,2,2.0,100.0,6,-0.1187766102178295,-0.1928312666170469,0.0740546563992174,0.2231934996335526,0.2718370921347442,0.2564865419776293,-0.5321687702054109,-0.8639645282395968,-0.4369404089967027,-0.709363336337722,-0.463091003925614,-0.7518182635635735,0.1905
source_heterogeneity_les_rice_paddy_l100_cv2p0_s7_wind3_n2_op,open_path,2,2.0,100.0,7,0.0372690707041669,-0.0758072754723153,0.1130763461764822,0.2231934996335526,0.2718370921347442,0.2564865419776293,0.16698098629824187,-0.3396482227160671,0.1371007554984195,-0.278870241279432,0.1453061451755137,-0.2955604410578673,0.432
source_heterogeneity_les_rice_paddy_l250_cv2p0_s0_wind3_n2_op,open_path,2,2.0,250.0,0,-0.1115714055841618,-0.0874028505947118,-0.0241685549894499,0.3233129580156781,0.4230744924494038,0.338054324375539,-0.3450879490538436,-0.27033513018204935,-0.2637157464592475,-0.20658974283391582,-0.3300398709297946,-0.25854676095673135,0.4625
source_heterogeneity_les_rice_paddy_l250_cv2p0_s1_wind3_n2_op,open_path,2,2.0,250.0,1,0.1279070629698519,0.0990021021486714,0.0289049608211804,0.3233129580156781,0.4230744924494038,0.338054324375539,0.3956137847207764,0.3062113648530925,0.3023275221092383,0.23400631310929534,0.37836245167437066,0.2928585585513516,0.715
source_heterogeneity_les_rice_paddy_l250_cv2p0_s2_wind3_n2_op,open_path,2,2.0,250.0,2,-0.1697925083327369,-0.2743981431501034,0.1046056348173665,0.3233129580156781,0.4230744924494038,0.338054324375539,-0.5251645630748376,-0.8487075335124591,-0.4013300526574352,-0.6485811554401832,-0.5022639738343273,-0.8116983672874984,0.16825
source_heterogeneity_les_rice_paddy_l250_cv2p0_s3_wind3_n2_op,open_path,2,2.0,250.0,3,-0.2516460871471625,-0.213263379198651,-0.0383827079485114,0.3233129580156781,0.4230744924494038,0.338054324375539,-0.778335915428913,-0.6596190282862384,-0.594803259563698,-0.504079974105637,-0.7443954092644974,-0.6308553502239486,0.26525
source_heterogeneity_les_rice_paddy_l250_cv2p0_s4_wind3_n2_op,open_path,2,2.0,250.0,4,0.0162072093730305,-0.0657223927675287,0.0819296021405592,0.3233129580156781,0.4230744924494038,0.338054324375539,0.05012854873649877,-0.2032779421242426,0.03830816951217816,-0.15534472992457363,0.04794261810721929,-0.19441370226200322,0.4955
source_heterogeneity_les_rice_paddy_l250_cv2p0_s5_wind3_n2_op,open_path,2,2.0,250.0,5,-0.3631906038092676,-0.3522311189520087,-0.0109594848572588,0.3233129580156781,0.4230744924494038,0.338054324375539,-1.1233406976272684,-1.0894432475389009,-0.8584554500238564,-0.8325510642647231,-1.074355739954402,-1.041936439069837,0.07075
source_heterogeneity_les_rice_paddy_l250_cv2p0_s6_wind3_n2_op,open_path,2,2.0,250.0,6,-0.1141784120419608,-0.1845802809018588,0.070401868859898,0.3233129580156781,0.4230744924494038,0.338054324375539,-0.35315136375209577,-0.5709028244172883,-0.26987779712485405,-0.4362831704488378,-0.3377516683239404,-0.5460077496207727,0.3115
source_heterogeneity_les_rice_paddy_l250_cv2p0_s7_wind3_n2_op,open_path,2,2.0,250.0,7,0.0433420901946635,-0.0898059819806975,0.133148072175361,0.3233129580156781,0.4230744924494038,0.338054324375539,0.13405614937512575,-0.277767963684099,0.10244552902192952,-0.21226990419763384,0.1282104297134075,-0.2656554745944723,0.45925
source_heterogeneity_les_rice_paddy_l500_cv2p0_s0_wind3_n2_op,open_path,2,2.0,500.0,0,-0.1713816154714506,-0.0904534367384542,-0.0809281787329963,0.34229373483798997,0.5008430041949449,0.3626961216045481,-0.5006858087909984,-0.26425676993844616,-0.34218630196687966,-0.1806023763551396,-0.472521224415821,-0.2493917948123985,0.47575
source_heterogeneity_les_rice_paddy_l500_cv2p0_s1_wind3_n2_op,open_path,2,2.0,500.0,1,0.3426230751020697,0.3838699374749482,-0.0412468623728785,0.34229373483798997,0.5008430041949449,0.3626961216045481,1.0009621568569917,1.1214635221314715,0.6840927640644638,0.7664476378021507,0.9446560210964585,1.0583789420651322,0.86575
source_heterogeneity_les_rice_paddy_l500_cv2p0_s2_wind3_n2_op,open_path,2,2.0,500.0,2,0.3121702583563614,0.2978194344152813,0.0143508239410801,0.34229373483798997,0.5008430041949449,0.3626961216045481,0.9119952443888983,0.870069779560065,0.6232896451416825,0.5946363070279804,0.8606936765006943,0.8211266034435223,0.82475
source_heterogeneity_les_rice_paddy_l500_cv2p0_s3_wind3_n2_op,open_path,2,2.0,500.0,3,-0.0315981118578939,-0.0490714843852017,0.0174733725273078,0.34229373483798997,0.5008430041949449,0.3626961216045481,-0.0923128548433687,-0.14336074368532506,-0.06308985369314424,-0.09797777741565786,-0.08712007097871781,-0.13529641333938752,0.52875
source_heterogeneity_les_rice_paddy_l500_cv2p0_s4_wind3_n2_op,open_path,2,2.0,500.0,4,-0.2788649901231581,-0.2776442089977976,-0.0012207811253604,0.34229373483798997,0.5008430041949449,0.3626961216045481,-0.8146949877862849,-0.8111285154816187,-0.5567912255685905,-0.5543537728835466,-0.7688667551488402,-0.7655009040888405,0.1845
source_heterogeneity_les_rice_paddy_l500_cv2p0_s5_wind3_n2_op,open_path,2,2.0,500.0,5,-0.1454366817939361,-0.2507629357501439,0.1053262539562078,0.34229373483798997,0.5008430041949449,0.3626961216045481,-0.4248885299135618,-0.7325957510406428,-0.2903837741084375,-0.5006817179232049,-0.4009876950173386,-0.6913857656949355,0.22425
source_heterogeneity_les_rice_paddy_l500_cv2p0_s6_wind3_n2_op,open_path,2,2.0,500.0,6,0.0527769655721556,0.0922170184335443,-0.0394400528613887,0.34229373483798997,0.5008430041949449,0.3626961216045481,0.1541861863090638,0.26940901643201637,0.1053762658759491,0.18412360292777563,0.14551290302932698,0.2542542170718043,0.68925
source_heterogeneity_les_rice_paddy_l500_cv2p0_s7_wind3_n2_op,open_path,2,2.0,500.0,7,0.6506817564062757,0.7470800941368039,-0.0963983377305282,0.34229373483798997,0.5008430041949449,0.3626961216045481,1.9009455627759237,2.1825701673751117,1.2991730960726537,1.4916452618473937,1.794013549214959,2.059796203035648,0.955
source_heterogeneity_les_rice_paddy_l100_cv0p5_s0_wind3_n3_op,open_path,3,0.5,100.0,0,0.0223904831102946,-0.0017838784864751,0.0241743615967697,0.0765457474343384,0.07839385422527313,0.07684001575842433,0.2925111304125856,-0.023304736660979455,0.28561528619262866,-0.02275533591381965,0.29139092293639757,-0.023215488295621867,0.51875
source_heterogeneity_les_rice_paddy_l100_cv0p5_s1_wind3_n3_op,open_path,3,0.5,100.0,1,0.06736046403347,0.0350404371551671,0.0323200268783029,0.0765457474343384,0.07839385422527313,0.07684001575842433,0.880002695006047,0.45777118036798964,0.8592569494019582,0.44697939017610555,0.876632616073936,0.45601808913379166,0.704
source_heterogeneity_les_rice_paddy_l100_cv0p5_s2_wind3_n3_op,open_path,3,0.5,100.0,2,-0.030570160755478,-0.0760430991247336,0.0454729383692556,0.0765457474343384,0.07839385422527313,0.07684001575842433,-0.39937111831981714,-0.9934333607489303,-0.389956088491725,-0.9700135281806098,-0.39784167733107795,-0.9896288850825312,0.15675
source_heterogeneity_les_rice_paddy_l100_cv0p5_s3_wind3_n3_op,open_path,3,0.5,100.0,3,-0.0346637119752437,-0.0433995060694458,0.0087357940942021,0.0765457474343384,0.07839385422527313,0.07684001575842433,-0.4528496113383507,-0.566974750709362,-0.44217384535825743,-0.5536085258001562,-0.45111536786018097,-0.564803450924432,0.3075
source_heterogeneity_les_rice_paddy_l100_cv0p5_s4_wind3_n3_op,open_path,3,0.5,100.0,4,0.035505264572372,-0.0084449911670449,0.0439502557394169,0.0765457474343384,0.07839385422527313,0.07684001575842433,0.46384372434051574,-0.11032606578554982,0.45290877611839087,-0.10772516864367088,0.4620673775496902,-0.10990355849997382,0.486
source_heterogeneity_les_rice_paddy_l100_cv0p5_s5_wind3_n3_op,open_path,3,0.5,100.0,5,-0.0332281293530317,-0.0551042269641516,0.0218760976111199,0.0765457474343384,0.07839385422527313,0.07684001575842433,-0.434095040766766,-0.7198861963092134,-0.4238614070121762,-0.7029151393144124,-0.43243262023132456,-0.717129303270741,0.24825
source_heterogeneity_les_rice_paddy_l100_cv0p5_s6_wind3_n3_op,open_path,3,0.5,100.0,6,-0.0186509220996123,-0.0581493115677705,0.0394983894681582,0.0765457474343384,0.07839385422527313,0.07684001575842433,-0.24365719487697501,-0.7596674344012576,-0.23791306453713681,-0.7417585490907518,-0.24272407957656505,-0.7567581942016366,0.232
source_heterogeneity_les_rice_paddy_l100_cv0p5_s7_wind3_n3_op,open_path,3,0.5,100.0,7,0.0345720851834676,-0.0305329868743908,0.0651050720578584,0.0765457474343384,0.07839385422527313,0.07684001575842433,0.4516525913229057,-0.39888547565078336,0.4410050446572127,-0.38948189467315886,0.4499229319806236,-0.3973578944905842,0.374
source_heterogeneity_les_rice_paddy_l250_cv0p5_s0_wind3_n3_op,open_path,3,0.5,250.0,0,0.0253914532800033,0.0138798953367882,0.011511557943215,0.1118290327094622,0.11565231653976234,0.11453999338437526,0.2270560038373188,0.12411710090392097,0.21954988918249194,0.1200139846054546,0.2216819866122589,0.12117946689773074,0.57475
source_heterogeneity_les_rice_paddy_l250_cv0p5_s1_wind3_n3_op,open_path,3,0.5,250.0,1,0.0788600358975042,0.0453329358845208,0.0335271000129833,0.1118290327094622,0.11565231653976234,0.11453999338437526,0.7051839221607754,0.40537716178139704,0.681871649932679,0.39197602988726055,0.6884934560181469,0.39578259562484663,0.669
source_heterogeneity_les_rice_paddy_l250_cv0p5_s2_wind3_n3_op,open_path,3,0.5,250.0,2,-0.0545629175594978,-0.1131728177064397,0.0586099001469418,0.1118290327094622,0.11565231653976234,0.11453999338437526,-0.4879137039596432,-1.0120164233242428,-0.47178404369218635,-0.9785607508132346,-0.47636564266591697,-0.9880637702383344,0.15075
source_heterogeneity_les_rice_paddy_l250_cv0p5_s3_wind3_n3_op,open_path,3,0.5,250.0,3,-0.0755351662357757,-0.079432005724107,0.0038968394883313,0.1118290327094622,0.11565231653976234,0.11453999338437526,-0.6754522006107314,-0.710298603140703,-0.653122812371908,-0.686817247597436,-0.6594654321507905,-0.693487081473348,0.245
source_heterogeneity_les_rice_paddy_l250_cv0p5_s4_wind3_n3_op,open_path,3,0.5,250.0,4,0.0145915221347255,-0.0306707700863086,0.0452622922210341,0.1118290327094622,0.11565231653976234,0.11453999338437526,0.1304806254797451,-0.27426482500293903,0.1261671410594599,-0.2651980609118513,0.12739237801209768,-0.26777345781209455,0.417
source_heterogeneity_les_rice_paddy_l250_cv0p5_s5_wind3_n3_op,open_path,3,0.5,250.0,5,-0.0361093128371246,-0.0464286992598161,0.0103193864226915,0.1118290327094622,0.11565231653976234,0.11453999338437526,-0.3228974798605164,-0.4151757207847835,-0.3122229966289511,-0.40145066392901424,-0.31525506305861534,-0.40534923992888566,0.358
source_heterogeneity_les_rice_paddy_l250_cv0p5_s6_wind3_n3_op,open_path,3,0.5,250.0,6,-0.0104783284156439,-0.0475084747760867,0.0370301463604428,0.1118290327094622,0.11565231653976234,0.11453999338437526,-0.09369953545844535,-0.4248313128086894,-0.09060197607059045,-0.4107870572549478,-0.09148183185658608,-0.41477630103100277,0.3535
source_heterogeneity_les_rice_paddy_l250_cv0p5_s7_wind3_n3_op,open_path,3,0.5,250.0,7,0.0506330073253056,-0.0219194523538792,0.0725524596791848,0.1118290327094622,0.11565231653976234,0.11453999338437526,0.45277157548928154,-0.1960086019059747,0.43780365876110666,-0.18952886556615656,0.4420552667171064,-0.19136942220977374,0.4525
source_heterogeneity_les_rice_paddy_l500_cv0p5_s0_wind3_n3_op,open_path,3,0.5,500.0,0,-0.0112225522267308,-0.0142516195606847,0.0030290673339539,0.11922982431646792,0.12527803891156294,0.12103260009487347,-0.09412537753090315,-0.11953065973541219,-0.08958116142489342,-0.11375991901298273,-0.0927233837654798,-0.11775025529909565,0.4815
source_heterogeneity_les_rice_paddy_l500_cv0p5_s1_wind3_n3_op,open_path,3,0.5,500.0,1,0.1386189354237987,0.1285522445643046,0.010066690859494,0.11922982431646792,0.12527803891156294,0.12103260009487347,1.1626196399976811,1.078188660440298,1.10649030451102,1.0261355117081057,1.1453024665680145,1.0621290831027073,0.855
source_heterogeneity_les_rice_paddy_l500_cv0p5_s2_wind3_n3_op,open_path,3,0.5,500.0,2,0.133036679412761,0.1041329075231919,0.028903771889569,0.11922982431646792,0.12527803891156294,0.12103260009487347,1.1158003475677865,0.8733796943858212,1.061931369365345,0.8312143806521592,1.0991805456420662,0.8603707384751343,0.81025
source_heterogeneity_les_rice_paddy_l500_cv0p5_s3_wind3_n3_op,open_path,3,0.5,500.0,3,0.0194248982529756,-0.0091563856887034,0.028581283941679,0.11922982431646792,0.12527803891156294,0.12103260009487347,0.1629197926302123,-0.07679610148883469,0.1550542970000364,-0.0730885139028009,0.16049310878018863,-0.07565222660279966,0.5005
source_heterogeneity_les_rice_paddy_l500_cv0p5_s4_wind3_n3_op,open_path,3,0.5,500.0,4,-0.0688050340729533,-0.0952098301659756,0.0264047960930223,0.11922982431646792,0.12527803891156294,0.12103260009487347,-0.5770790527236398,-0.7985403879591669,-0.54921863936204,-0.7599881910123667,-0.5684834831195834,-0.7866461605496681,0.214
source_heterogeneity_les_rice_paddy_l500_cv0p5_s5_wind3_n3_op,open_path,3,0.5,500.0,5,-0.0356040050144358,-0.1077817194868416,0.0721777144724059,0.11922982431646792,0.12527803891156294,0.12103260009487347,-0.2986166021677028,-0.903982875968684,-0.28419989108841015,-0.8603400917133414,-0.29416871972119074,-0.8905180868820058,0.181
source_heterogeneity_les_rice_paddy_l500_cv0p5_s6_wind3_n3_op,open_path,3,0.5,500.0,6,0.0577887581200014,0.0430678442915408,0.0147209138284605,0.11922982431646792,0.12527803891156294,0.12103260009487347,0.48468374797411884,0.3612170406057732,0.4612840256926116,0.3437780848560658,0.4774644027700198,0.3558367271113843,0.65625
source_heterogeneity_les_rice_paddy_l500_cv0p5_s7_wind3_n3_op,open_path,3,0.5,500.0,7,0.2418055437886465,0.2285869163589599,0.0132186274296866,0.11922982431646792,0.12527803891156294,0.12103260009487347,2.0280625688655696,1.9171957827617772,1.9301510934358046,1.8246367706978985,1.9978546573328433,1.8886392276112232,0.95475
source_heterogeneity_les_rice_paddy_l100_cv1p0_s0_wind3_n3_op,open_path,3,1.0,100.0,0,-0.0098573129073115,-0.0303902309622361,0.0205329180549246,0.13490921906414638,0.1457633086403721,0.14392601990783602,-0.07306626615801967,-0.22526430123197297,-0.06762547447129859,-0.20849026579943392,-0.06848874799444671,-0.21115174991774724,0.46225
source_heterogeneity_les_rice_paddy_l100_cv1p0_s1_wind3_n3_op,open_path,3,1.0,100.0,1,0.0850265153641063,0.0560113095366888,0.0290152058274174,0.13490921906414638,0.1457633086403721,0.14392601990783602,0.6302498521148362,0.41517777602772016,0.5833190544122739,0.38426206196293305,0.5907654183625282,0.3891673623195862,0.69325
source_heterogeneity_les_rice_paddy_l100_cv1p0_s2_wind3_n3_op,open_path,3,1.0,100.0,2,-0.0833101486848337,-0.1319493080012845,0.0486391593164507,0.13490921906414638,0.1457633086403721,0.14392601990783602,-0.6175274696773803,-0.9780599792705454,-0.5715440288912272,-0.9052299185032252,-0.5788400786611199,-0.9167856381061541,0.161
source_heterogeneity_les_rice_paddy_l100_cv1p0_s3_wind3_n3_op,open_path,3,1.0,100.0,3,-0.0776771899086765,-0.0735686786270222,-0.0041085112816542,0.13490921906414638,0.1457633086403721,0.14392601990783602,-0.5757737717816208,-0.5453198761164121,-0.532899469922997,-0.5047132869941309,-0.5397022022732068,-0.5111562084057656,0.32625
source_heterogeneity_les_rice_paddy_l100_cv1p0_s4_wind3_n3_op,open_path,3,1.0,100.0,4,0.0547668141766645,-0.0045352659786939,0.0593020801553584,0.13490921906414638,0.1457633086403721,0.14392601990783602,0.4059530887257162,-0.03361716871652397,0.37572427991316687,-0.03111390665454315,0.38052059114630415,-0.0315110914732311,0.532
source_heterogeneity_les_rice_paddy_l100_cv1p0_s5_wind3_n3_op,open_path,3,1.0,100.0,5,-0.1247463119689002,-0.14541691641509,0.0206706044461898,0.13490921906414638,0.1457633086403721,0.14392601990783602,-0.9246685499645955,-1.0778871705272228,-0.8558142178061755,-0.9976235979512738,-0.8667391208954596,-1.0103587697916518,0.13075
source_heterogeneity_les_rice_paddy_l100_cv1p0_s6_wind3_n3_op,open_path,3,1.0,100.0,6,-0.0527252716215976,-0.1011416364444364,0.0484163648228388,0.13490921906414638,0.1457633086403721,0.14392601990783602,-0.3908203752667776,-0.7497014447644661,-0.3617184057730305,-0.6938758277912963,-0.3663359249103156,-0.7027335050965984,0.2445
source_heterogeneity_les_rice_paddy_l100_cv1p0_s7_wind3_n3_op,open_path,3,1.0,100.0,7,0.0421466642666243,-0.0424984230410101,0.0846450873076344,0.13490921906414638,0.1457633086403721,0.14392601990783602,0.3124075920014368,-0.3150149658846,0.28914453616450725,-0.29155775508542003,0.29283561300182687,-0.2952796378877443,0.427
source_heterogeneity_les_rice_paddy_l250_cv1p0_s0_wind3_n3_op,open_path,3,1.0,250.0,0,-0.0127425783333164,-0.0182631100019361,0.0055205316686197,0.19709478288750124,0.21950069310417133,0.20845720857608072,-0.0646520326242713,-0.09266155975503629,-0.05805256536146328,-0.08320297190710343,-0.061128029202529285,-0.08761083450501356,0.5225
source_heterogeneity_les_rice_paddy_l250_cv1p0_s1_wind3_n3_op,open_path,3,1.0,250.0,1,0.1077783432251699,0.0795545021551397,0.0282238410700301,0.19709478288750124,0.21950069310417133,0.20845720857608072,0.5468350894233875,0.4036357583373895,0.49101595854196284,0.3624339451055149,0.5170286216599412,0.3816346899133721,0.703
source_heterogeneity_les_rice_paddy_l250_cv1p0_s2_wind3_n3_op,open_path,3,1.0,250.0,2,-0.112711315054752,-0.181316999503928,0.0686056844491759,0.19709478288750124,0.21950069310417133,0.20845720857608072,-0.571863513602417,-0.9199482444313152,-0.5134895633393791,-0.8260429474720519,-0.540692815684595,-0.8698044109026465,0.1665
source_heterogeneity_les_rice_paddy_l250_cv1p0_s3_wind3_n3_op,open_path,3,1.0,250.0,3,-0.1498649892127184,-0.135408188069937,-0.0144568011427813,0.19709478288750124,0.21950069310417133,0.20845720857608072,-0.7603701478910231,-0.6870206612583246,-0.6827540591937675,-0.6168918473786985,-0.7189244748905966,-0.6495730658338784,0.261
source_heterogeneity_les_rice_paddy_l250_cv1p0_s4_wind3_n3_op,open_path,3,1.0,250.0,4,0.0070580729486385,-0.0526763524419689,0.0597344253906074,0.19709478288750124,0.21950069310417133,0.20845720857608072,0.035810551883898124,-0.2672640628546509,0.03215512829970362,-0.23998262464241782,0.033858617779881243,-0.25269623824375254,0.44575
source_heterogeneity_les_rice_paddy_l250_cv1p0_s5_wind3_n3_op,open_path,3,1.0,250.0,5,-0.1443832988566705,-0.139608367748266,-0.0047749311084044,0.19709478288750124,0.21950069310417133,0.20845720857608072,-0.7325576899672801,-0.7083311171557106,-0.6577806056773982,-0.6360270018920178,-0.6926279970979026,-0.6697219477411982,0.2515
source_heterogeneity_les_rice_paddy_l250_cv1p0_s6_wind3_n3_op,open_path,3,1.0,250.0,6,-0.0426093791166868,-0.0862390142891156,0.0436296351724288,0.19709478288750124,0.21950069310417133,0.20845720857608072,-0.21618725007555173,-0.4375509743367461,-0.19411956524649837,-0.3928872071861204,-0.20440348121199964,-0.41370128132384015,0.373
source_heterogeneity_les_rice_paddy_l250_cv1p0_s7_wind3_n3_op,open_path,3,1.0,250.0,7,0.0601038214692354,-0.0391599213936733,0.0992637428629087,0.19709478288750124,0.21950069310417133,0.20845720857608072,0.30494881999764434,-0.19868573292488012,0.2738206454806552,-0.1784045455158935,0.28832690353953044,-0.18785592333872728,0.47575
source_heterogeneity_les_rice_paddy_l500_cv1p0_s0_wind3_n3_op,open_path,3,1.0,500.0,0,-0.0735143500095561,-0.0460478560273486,-0.0274664939822074,0.21013842083765766,0.24571813834096937,0.20977659055644773,-0.34983773893661063,-0.21913106534155813,-0.29918161722169784,-0.1874011269100963,-0.3504411517727212,-0.2195090305605754,0.4465
source_heterogeneity_les_rice_paddy_l500_cv1p0_s1_wind3_n3_op,open_path,3,1.0,500.0,1,0.2205322908588674,0.2246093328113765,-0.004077041952509,0.21013842083765766,0.24571813834096937,0.20977659055644773,1.0494620164165007,1.068863713337307,0.89750106503268,0.914093417473718,1.0512721666125349,1.0707073282847424,0.85925
source_heterogeneity_les_rice_paddy_l500_cv1p0_s2_wind3_n3_op,open_path,3,1.0,500.0,2,0.2068319486527739,0.1752944772184088,0.031537471434365,0.21013842083765766,0.24571813834096937,0.20977659055644773,0.9842652658580785,0.8341857548926404,0.8417447325999383,0.713396570566404,0.9859629623311974,0.8356245887752651,0.814
source_heterogeneity_les_rice_paddy_l500_cv1p0_s3_wind3_n3_op,open_path,3,1.0,500.0,3,0.0072968823095471,-0.0135593925241325,0.0208562748336797,0.21013842083765766,0.24571813834096937,0.20977659055644773,0.034724170289565,-0.06452600371736782,0.0296961484358213,-0.055182709000167036,0.03478406379945249,-0.06463730051177408,0.521
source_heterogeneity_les_rice_paddy_l500_cv1p0_s4_wind3_n3_op,open_path,3,1.0,500.0,4,-0.1564852465075912,-0.1710062966467678,0.0145210501391766,0.21013842083765766,0.24571813834096937,0.20977659055644773,-0.7446769890237437,-0.8137792982601627,-0.6368485760316374,-0.6959449465202764,-0.7459614349365802,-0.8151829343453486,0.191
source_heterogeneity_les_rice_paddy_l500_cv1p0_s5_wind3_n3_op,open_path,3,1.0,500.0,5,-0.0893252571844803,-0.1886280756875969,0.0993028185031166,0.21013842083765766,0.24571813834096937,0.20977659055644773,-0.4250781786044185,-0.8976372570788539,-0.3635273235731935,-0.7676603646811301,-0.42581136888314625,-0.8991855344166246,0.1575
source_heterogeneity_les_rice_paddy_l500_cv1p0_s6_wind3_n3_op,open_path,3,1.0,500.0,6,0.0592481766709059,0.0544724539303965,0.0047757227405093,0.21013842083765766,0.24571813834096937,0.20977659055644773,0.28194832927139035,0.2592217725500049,0.24112251977381705,0.22168674359240062,0.28243464398837725,0.2596688876766675,0.64725
source_heterogeneity_les_rice_paddy_l500_cv1p0_s7_wind3_n3_op,open_path,3,1.0,500.0,7,0.4133868365669975,0.4260852024895659,-0.0126983659225684,0.21013842083765766,0.24571813834096937,0.20977659055644773,1.9672120639298003,2.0276406417783917,1.6823619101059752,1.7340404960186993,1.9706051827349214,2.0311379899889865,0.9565
source_heterogeneity_les_rice_paddy_l100_cv2p0_s0_wind3_n3_op,open_path,3,2.0,100.0,0,-0.0748118417605097,-0.0933461863735848,0.0185343446130751,0.2055729705658728,0.2501905569206537,0.23516896510862043,-0.36391866865852074,-0.4540781121011889,-0.29901944614254883,-0.3731003580730225,-0.3181195347181777,-0.3969324197624029,0.372
source_heterogeneity_les_rice_paddy_l100_cv2p0_s1_wind3_n3_op,open_path,3,2.0,100.0,1,0.0997400908789896,0.0750526590713556,0.0246874318076339,0.2055729705658728,0.2501905569206537,0.23516896510862043,0.4851809583936979,0.36509011308617584,0.3986564964984731,0.29998198171467383,0.42412097545661015,0.3191435529628244,0.697
source_heterogeneity_les_rice_paddy_l100_cv2p0_s2_wind3_n3_op,open_path,3,2.0,100.0,2,-0.1448563377080714,-0.1893430221141558,0.0444866844060844,0.2055729705658728,0.2501905569206537,0.23516896510862043,-0.7046468089133068,-0.9210501827791784,-0.5789840331744082,-0.7567952381760145,-0.6159670670879757,-0.8051360944957239,0.17175
source_heterogeneity_les_rice_paddy_l100_cv2p0_s3_wind3_n3_op,open_path,3,2.0,100.0,3,-0.1265194551332261,-0.1188721164659492,-0.0076473386672768,0.2055729705658728,0.2501905569206537,0.23516896510862043,-0.61544791022361,-0.5782477926876014,-0.5056923678112717,-0.47512631143648126,-0.537993842320091,-0.5054753564571934,0.3175
source_heterogeneity_les_rice_paddy_l100_cv2p0_s4_wind3_n3_op,open_path,3,2.0,100.0,4,0.1018341236577563,0.0101639820327235,0.0916701416250327,0.2055729705658728,0.2501905569206537,0.23516896510862043,0.49536728188263973,0.04944221025140366,0.4070262479572814,0.04062496265974955,0.43302535098847295,0.04321991223641663,0.5855
source_heterogeneity_les_rice_paddy_l100_cv2p0_s5_wind3_n3_op,open_path,3,2.0,100.0,5,-0.3239006575602181,-0.3669236177449846,0.0430229601847665,0.2055729705658728,0.2501905569206537,0.23516896510862043,-1.5755994412525598,-1.7848825978190037,-1.2946158382106367,-1.4665766056924046,-1.377310383666544,-1.5602552725250503,0.00775
source_heterogeneity_les_rice_paddy_l100_cv2p0_s6_wind3_n3_op,open_path,3,2.0,100.0,6,-0.0797782220898764,-0.1460083681642576,0.0662301460743812,0.2055729705658728,0.2501905569206537,0.23516896510862043,-0.388077391061062,-0.7102508066228065,-0.31886983694263704,-0.5835886452363717,-0.33923788393178594,-0.6208658021555646,0.2585
source_heterogeneity_les_rice_paddy_l100_cv2p0_s7_wind3_n3_op,open_path,3,2.0,100.0,7,0.0641663236582772,-0.0380077737618017,0.1021740974200789,0.2055729705658728,0.2501905569206537,0.23516896510862043,0.3121340489542425,-0.18488701922815615,0.2564698062470325,-0.15191530099937234,0.2728520050621471,-0.1616190033589108,0.49225
source_heterogeneity_les_rice_paddy_l250_cv2p0_s0_wind3_n3_op,open_path,3,2.0,250.0,0,-0.0901234727441992,-0.1040641029095672,0.013940630165368,0.3003305502936331,0.39172379697319293,0.31312875459830924,-0.3000809363419256,-0.3464985590304541,-0.23006892468768414,-0.2656568319659392,-0.287816022708653,-0.33233646345594703,0.41725
source_heterogeneity_les_rice_paddy_l250_cv2p0_s1_wind3_n3_op,open_path,3,2.0,250.0,1,0.1409389104534119,0.1228511577781435,0.0180877526752683,0.3003305502936331,0.39172379697319293,0.31312875459830924,0.46927930014317876,0.40905315046382046,0.3597915458351815,0.31361678490661277,0.4500989078253527,0.39233432246023064,0.734
source_heterogeneity_les_rice_paddy_l250_cv2p0_s2_wind3_n3_op,open_path,3,2.0,250.0,2,-0.1658288415689351,-0.2333356237848018,0.0675067822158667,0.3003305502936331,0.39172379697319293,0.31312875459830924,-0.5521544225414441,-0.7769293651833609,-0.4233310379667421,-0.5956636425659118,-0.5295867566735134,-0.7451746936627764,0.202
source_heterogeneity_les_rice_paddy_l250_cv2p0_s3_wind3_n3_op,open_path,3,2.0,250.0,3,-0.2281649073391658,-0.1990949018449331,-0.0290700054942326,0.3003305502936331,0.39172379697319293,0.31312875459830924,-0.7597126137054291,-0.6629192456454333,-0.5824637387418665,-0.5082532727991449,-0.7286616255727215,-0.6358243978593977,0.26325
source_heterogeneity_les_rice_paddy_l250_cv2p0_s4_wind3_n3_op,open_path,3,2.0,250.0,4,0.0100814492515759,-0.0754182351177296,0.0854996843693055,0.3003305502936331,0.39172379697319293,0.31312875459830924,0.03356784463558326,-0.25111742726137326,0.025736116440905964,-0.19252911286084248,0.03219585906285955,-0.24085375108548665,0.467
source_heterogeneity_les_rice_paddy_l250_cv2p0_s5_wind3_n3_op,open_path,3,2.0,250.0,5,-0.3379395285270468,-0.3349652367721952,-0.0029742917548515,0.3003305502936331,0.39172379697319293,0.31312875459830924,-1.1252252832642013,-1.115321889313957,-0.8626984909731517,-0.8551056621028261,-1.0792350544764422,-1.069736432228648,0.069
source_heterogeneity_les_rice_paddy_l250_cv2p0_s6_wind3_n3_op,open_path,3,2.0,250.0,6,-0.0711075091533088,-0.1276093901061313,0.0565018809528225,0.3003305502936331,0.39172379697319293,0.31312875459830924,-0.23676415564046682,-0.42489646817936977,-0.18152460918317642,-0.3257636913870312,-0.22708712665027392,-0.4075300917982839,0.38175
source_heterogeneity_les_rice_paddy_l250_cv2p0_s7_wind3_n3_op,open_path,3,2.0,250.0,7,0.072247519948855,-0.0540051746135639,0.1262526945624189,0.3003305502936331,0.39172379697319293,0.31312875459830924,0.2405600092238989,-0.1798191178378725,0.18443485054291753,-0.1378654425155071,0.23072783603516783,-0.17246954749602386,0.50025
source_heterogeneity_les_rice_paddy_l500_cv2p0_s0_wind3_n3_op,open_path,3,2.0,500.0,0,-0.1649474445369385,-0.0984768284649832,-0.0664706160719552,0.32020628168545484,0.46629039595852595,0.3359977059072661,-0.5151286966286618,-0.3075418381758013,-0.35374403154468936,-0.21119205825063184,-0.4909183653249802,-0.2930878001058804,0.44575
source_heterogeneity_les_rice_paddy_l500_cv2p0_s1_wind3_n3_op,open_path,3,2.0,500.0,1,0.3179968928181145,0.3338384144371989,-0.0158415216190844,0.32020628168545484,0.46629039595852595,0.3359977059072661,0.9931001076689974,1.0425729710235203,0.6819717831940906,0.7159452935995964,0.946425785734026,0.9935734934134844,0.85475
source_heterogeneity_les_rice_paddy_l500_cv2p0_s2_wind3_n3_op,open_path,3,2.0,500.0,2,0.292383009677288,0.2489648678982347,0.0434181417790532,0.32020628168545484,0.46629039595852595,0.3359977059072661,0.913108288001988,0.7775140031225183,0.6270406000455001,0.5339266475485779,0.8701934701839436,0.7409719278468762,0.80875
source_heterogeneity_les_rice_paddy_l500_cv2p0_s3_wind3_n3_op,open_path,3,2.0,500.0,3,-0.0069744254386222,-0.0178184824118856,0.0108440569732634,0.32020628168545484,0.46629039595852595,0.3359977059072661,-0.021781038778849817,-0.05564688587024366,-0.014957257320913249,-0.038213273458607665,-0.020757360291463155,-0.053031559735718624,0.56075
source_heterogeneity_les_rice_paddy_l500_cv2p0_s4_wind3_n3_op,open_path,3,2.0,500.0,4,-0.2605746613175682,-0.2569688217334542,-0.0036058395841139,0.32020628168545484,0.46629039595852595,0.3359977059072661,-0.8137712350488364,-0.8025102455231653,-0.5588248515861453,-0.551091817375347,-0.7755251203693804,-0.7647933816678394,0.18775
source_heterogeneity_les_rice_paddy_l500_cv2p0_s5_wind3_n3_op,open_path,3,2.0,500.0,5,-0.151329369065629,-0.2805222289247587,0.1291928598591297,0.32020628168545484,0.46629039595852595,0.3359977059072661,-0.47259962630677843,-0.8760672259400626,-0.32453889331035873,-0.6016041320089931,-0.4503881020764923,-0.834893286450538,0.15325
source_heterogeneity_les_rice_paddy_l500_cv2p0_s6_wind3_n3_op,open_path,3,2.0,500.0,6,0.0487401865844587,0.0520643242363919,-0.0033241376519332,0.32020628168545484,0.46629039595852595,0.3359977059072661,0.1522149607056653,0.16259619880766657,0.10452753693171472,0.11165643703505046,0.14506106954763193,0.15495440391715481,0.64275
source_heterogeneity_les_rice_paddy_l500_cv2p0_s7_wind3_n3_op,open_path,3,2.0,500.0,7,0.6294395302994691,0.6859764010244509,-0.0565368707249818,0.32020628168545484,0.46629039595852595,0.3359977059072661,1.9657313622528505,2.1422952648327476,1.349887400115902,1.4711355991245096,1.8733447259702174,2.041610371035621,0.9555
source_heterogeneity_les_rice_paddy_l100_cv0p5_s0_wind3_n4_op,open_path,4,0.5,100.0,0,0.0413548197865933,0.0184834089466552,0.022871410839938,0.0743891977792162,0.07616385601025379,0.07460535049026114,0.5559250673643846,0.24846899144568177,0.5429717185146953,0.24267953219394267,0.5543143958822591,0.24774910680257434,0.627
source_heterogeneity_les_rice_paddy_l100_cv0p5_s1_wind3_n4_op,open_path,4,0.5,100.0,1,0.0875006037037835,0.0335806381668007,0.0539199655369827,0.0743891977792162,0.07616385601025379,0.07460535049026114,1.1762541647979774,0.451418205455939,1.1488468190476526,0.4408999219036364,1.17284622522088,0.45011031978442706,0.69975
source_heterogeneity_les_rice_paddy_l100_cv0p5_s2_wind3_n4_op,open_path,4,0.5,100.0,2,-0.0096664638427997,-0.0946926174779405,0.0850261536351408,0.0743891977792162,0.07616385601025379,0.07460535049026114,-0.12994445606859925,-1.272935053809613,-0.1269166813389585,-1.243274992080131,-0.12956797038386067,-1.2692470024693674,0.0895
source_heterogeneity_les_rice_paddy_l100_cv0p5_s3_wind3_n4_op,open_path,4,0.5,100.0,3,-0.0196553138844645,-0.0462733015505529,0.0266179876660884,0.0743891977792162,0.07616385601025379,0.07460535049026114,-0.26422268919743686,-0.6220432930045836,-0.25806616043466,-0.6075493544381894,-0.2634571616553195,-0.6202410584022836,0.2845
source_heterogeneity_les_rice_paddy_l100_cv0p5_s4_wind3_n4_op,open_path,4,0.5,100.0,4,0.0515714842185499,-0.0217246245326453,0.0732961087511952,0.0743891977792162,0.07616385601025379,0.07460535049026114,0.6932657665110431,-0.29204004319448384,0.6771123065461252,-0.28523535533338223,0.6912571803450204,-0.2911939209437961,0.4165
source_heterogeneity_les_rice_paddy_l100_cv0p5_s5_wind3_n4_op,open_path,4,0.5,100.0,5,-0.008187384024553,-0.0540997183067351,0.0459123342821821,0.0743891977792162,0.07616385601025379,0.07460535049026114,-0.1100614641503836,-0.7272523420309039,-0.10749697367542353,-0.7103069768349408,-0.10974258509276445,-0.7251452871841569,0.24375
source_heterogeneity_les_rice_paddy_l100_cv0p5_s6_wind3_n4_op,open_path,4,0.5,100.0,6,-0.0092246315572514,-0.0673069567483108,0.0580823251910594,0.0743891977792162,0.07616385601025379,0.07460535049026114,-0.12400498772186914,-0.904794765337769,-0.1211156057541192,-0.8837125675366201,-0.12364571034962926,-0.9021733200904531,0.1865
source_heterogeneity_les_rice_paddy_l100_cv0p5_s7_wind3_n4_op,open_path,4,0.5,100.0,7,0.0539619533222884,-0.0305698923570637,0.0845318456793521,0.0743891977792162,0.07616385601025379,0.07460535049026114,0.7254003932458722,-0.4109453155792024,0.7084981794385989,-0.40137007182183815,0.7232987040163091,-0.40975469126780983,0.3705
source_heterogeneity_les_rice_paddy_l250_cv0p5_s0_wind3_n4_op,open_path,4,0.5,250.0,0,0.0441565082084965,0.0329289981208783,0.0112275100876181,0.10930884736855614,0.1130166723779262,0.1118330859816623,0.4039609717922851,0.3012473273078413,0.3907079130841664,0.2913640742382167,0.3948429735341204,0.2944477283429145,0.63825
source_heterogeneity_les_rice_paddy_l250_cv0p5_s1_wind3_n4_op,open_path,4,0.5,250.0,1,0.0967913762431594,0.03966362492817,0.0571277513149893,0.10930884736855614,0.1130166723779262,0.1118330859816623,0.885485288458018,0.36285832192920614,0.8564344906518779,0.35095374950994296,0.8654985722117213,0.3546680714388387,0.65625
source_heterogeneity_les_rice_paddy_l250_cv0p5_s2_wind3_n4_op,open_path,4,0.5,250.0,2,-0.0340326952182356,-0.1293800614060268,0.0953473661877912,0.10930884736855614,0.1130166723779262,0.1118330859816623,-0.3113443791378361,-1.1836192999986233,-0.30112986431268063,-1.1447873900709236,-0.30431687473791136,-1.1569032569417044,0.10625
source_heterogeneity_les_rice_paddy_l250_cv0p5_s3_wind3_n4_op,open_path,4,0.5,250.0,3,-0.0606021213728121,-0.0803263587799763,0.0197242374071642,0.10930884736855614,0.1130166723779262,0.1118330859816623,-0.5544118598971244,-0.7348568822534582,-0.5362228430346935,-0.7107478665746418,-0.5418979619568869,-0.7182700725360268,0.23775
source_heterogeneity_les_rice_paddy_l250_cv0p5_s4_wind3_n4_op,open_path,4,0.5,250.0,4,0.0302489523034111,-0.0423257712897523,0.0725747235931634,0.10930884736855614,0.1130166723779262,0.1118330859816623,0.2767292221225318,-0.3872126759057543,0.26765035341209675,-0.37450909143931876,0.2704830331550641,-0.37847271152557316,0.36725
source_heterogeneity_les_rice_paddy_l250_cv0p5_s5_wind3_n4_op,open_path,4,0.5,250.0,5,-0.0088872993369608,-0.0410869980276542,0.0321996986906934,0.10930884736855614,0.1130166723779262,0.1118330859816623,-0.08130448313113699,-0.3758798945992117,-0.07863706433721383,-0.3635481134169288,-0.07946932036211614,-0.36739572790105596,0.37275
source_heterogeneity_les_rice_paddy_l250_cv0p5_s6_wind3_n4_op,open_path,4,0.5,250.0,6,-0.0025393299010141,-0.0581577695368787,0.0556184396358646,0.10930884736855614,0.1130166723779262,0.1118330859816623,-0.02323078105884927,-0.5320499752484665,-0.022468630933696363,-0.5145946019574874,-0.022706427876187586,-0.5200408182102303,0.311
source_heterogeneity_les_rice_paddy_l250_cv0p5_s7_wind3_n4_op,open_path,4,0.5,250.0,7,0.0689314571273191,-0.0210328365198176,0.0899642936471367,0.10930884736855614,0.1130166723779262,0.1118330859816623,0.6306118743975336,-0.19241659779744344,0.6099229049747037,-0.18610383828577154,0.6163780291158384,-0.18807346980719494,0.4505
source_heterogeneity_les_rice_paddy_l500_cv0p5_s0_wind3_n4_op,open_path,4,0.5,500.0,0,0.0133913316589117,-0.0005314604636439,0.0139227921225556,0.11664221858543554,0.1225481275142135,0.11849856620924877,0.11480690114877326,-0.004556330204355873,0.10927406179550589,-0.004336748952628914,0.11300838556362644,-0.004484952693059839,0.53
source_heterogeneity_les_rice_paddy_l500_cv0p5_s1_wind3_n4_op,open_path,4,0.5,500.0,1,0.1642493188911857,0.1341167270398248,0.0301325918513609,0.11664221858543554,0.1225481275142135,0.11849856620924877,1.4081463888727388,1.1498128950761504,1.3402841987294796,1.0944004593156231,1.3860869725727205,1.131800420293668,0.8675
source_heterogeneity_les_rice_paddy_l500_cv0p5_s2_wind3_n4_op,open_path,4,0.5,500.0,2,0.1564977909849735,0.110664993737317,0.0458327972476564,0.11664221858543554,0.1225481275142135,0.11849856620924877,1.34169079500443,0.948755905703727,1.277031270566108,0.9030329225102337,1.3206724434844588,0.9338931033300523,0.82825
source_heterogeneity_les_rice_paddy_l500_cv0p5_s3_wind3_n4_op,open_path,4,0.5,500.0,3,0.0258958425159253,-0.0262666667626167,0.052162509278542,0.11664221858543554,0.1225481275142135,0.11849856620924877,0.22201088790983242,-0.22519004766166606,0.21131161316946132,-0.21433756104980237,0.21853296072964754,-0.2216623171307755,0.4375
source_heterogeneity_les_rice_paddy_l500_cv0p5_s4_wind3_n4_op,open_path,4,0.5,500.0,4,-0.0485541083637168,-0.0921661696302039,0.0436120612664871,0.11664221858543554,0.1225481275142135,0.11849856620924877,-0.41626530215689395,-0.790161321929041,-0.39620440841158794,-0.7520814189471331,-0.40974426878700215,-0.777782994162594,0.2175
source_heterogeneity_les_rice_paddy_l500_cv0p5_s5_wind3_n4_op,open_path,4,0.5,500.0,5,-0.008401758622456,-0.0956596349552689,0.0872578763328129,0.11664221858543554,0.1225481275142135,0.11849856620924877,-0.07203016818736231,-0.8201115866567835,-0.0685588494322897,-0.7805883035150741,-0.07090177452121987,-0.8072640709116251,0.20825
source_heterogeneity_les_rice_paddy_l500_cv0p5_s6_wind3_n4_op,open_path,4,0.5,500.0,6,0.0900876459472838,0.0586352750431817,0.031452370904102,0.11664221858543554,0.1225481275142135,0.11849856620924877,0.7723416704501241,0.5026934137079518,0.7351205422280742,0.4784673273476252,0.7602424976873053,0.494818434677442,0.703
source_heterogeneity_les_rice_paddy_l500_cv0p5_s7_wind3_n4_op,open_path,4,0.5,500.0,7,0.2632414912543805,0.2239343274218866,0.0393071638324938,0.11664221858543554,0.1225481275142135,0.11849856620924877,2.256828568993371,1.919839404099332,2.1480662054493567,1.827317413690503,2.22147406230671,1.8897640248782066,0.95575
source_heterogeneity_les_rice_paddy_l100_cv1p0_s0_wind3_n4_op,open_path,4,1.0,100.0,0,0.0091404189108844,0.0040981911443589,0.0050422277665254,0.1311083752603131,0.1415302430418815,0.13882202271424574,0.06971651424049972,0.03125804233499212,0.06458279668310593,0.028956292706613717,0.06584271524194138,0.029521188815946772,0.5585
source_heterogeneity_les_rice_paddy_l100_cv1p0_s1_wind3_n4_op,open_path,4,1.0,100.0,1,0.1045948285513717,0.0524451471044972,0.0521496814468744,0.1311083752603131,0.1415302430418815,0.13882202271424574,0.7977738137910773,0.4000137062210434,0.739028113732696,0.3705578820279259,0.7534455017030832,0.37778693955822434,0.68475
source_heterogeneity_les_rice_paddy_l100_cv1p0_s2_wind3_n4_op,open_path,4,1.0,100.0,2,-0.0622310263229609,-0.1692693288806979,0.107038302557737,0.1311083752603131,0.1415302430418815,0.13882202271424574,-0.47465332553623996,-1.2910641943706265,-0.43970126091386386,-1.19599405217306,-0.448279207478907,-1.2193261960252917,0.08225
source_heterogeneity_les_rice_paddy_l100_cv1p0_s3_wind3_n4_op,open_path,4,1.0,100.0,3,-0.0641066318055423,-0.0762993310992453,0.012192699293703,0.1311083752603131,0.1415302430418815,0.13882202271424574,-0.4889590895948473,-0.5819561942381979,-0.45295359089132575,-0.539102664274143,-0.4617900715760408,-0.5496197909196403,0.311
source_heterogeneity_les_rice_paddy_l100_cv1p0_s4_wind3_n4_op,open_path,4,1.0,100.0,4,0.0704568152763419,-0.0340400603006991,0.104496875577041,0.1311083752603131,0.1415302430418815,0.13882202271424574,0.537393703006778,-0.25963299623775543,0.49782162287033155,-0.2405143916175287,0.507533415079045,-0.24520648550675495,0.444
source_heterogeneity_les_rice_paddy_l100_cv1p0_s5_wind3_n4_op,open_path,4,1.0,100.0,5,-0.09646414662888,-0.1424331511526521,0.0459690045237721,0.1311083752603131,0.1415302430418815,0.13882202271424574,-0.7357588440658527,-1.086377211752139,-0.6815797426443648,-1.0063796125221336,-0.6948763945576841,-1.0260126481937206,0.1295
source_heterogeneity_les_rice_paddy_l100_cv1p0_s6_wind3_n4_op,open_path,4,1.0,100.0,6,-0.0482564957035514,-0.1118345629983392,0.0635780672947878,0.1311083752603131,0.1415302430418815,0.13882202271424574,-0.3680656983792155,-0.852993279615386,-0.34096243083021754,-0.7901813816941247,-0.3476141231775856,-0.8055966972080639,0.20575
source_heterogeneity_les_rice_paddy_l100_cv1p0_s7_wind3_n4_op,open_path,4,1.0,100.0,7,0.062410800500477,-0.041786957444455,0.104197757944932,0.1311083752603131,0.1415302430418815,0.13882202271424574,0.47602451312939836,-0.31872073284020047,0.44097147831512207,-0.2952510823576375,0.44957420501604956,-0.30101101127499186,0.422
source_heterogeneity_les_rice_paddy_l250_cv1p0_s0_wind3_n4_op,open_path,4,1.0,250.0,0,0.0056106352151378,0.0133707489648737,-0.0077601137497359,0.19265304382772916,0.214372090661867,0.20240015218371185,0.029123003216885813,0.06940325830942935,0.026172414505149167,0.0623716871146423,0.027720508876125816,0.06606096300133964,0.5855
source_heterogeneity_les_rice_paddy_l250_cv1p0_s1_wind3_n4_op,open_path,4,1.0,250.0,1,0.123242066531214,0.0680436103548934,0.0551984561763206,0.19265304382772916,0.214372090661867,0.20240015218371185,0.6397099370068472,0.353192500896784,0.574897908355085,0.317408904045349,0.6089030329352287,0.33618359285190896,0.68725
source_heterogeneity_les_rice_paddy_l250_cv1p0_s2_wind3_n4_op,open_path,4,1.0,250.0,2,-0.0917506699683623,-0.215118571761794,0.1233679017934317,0.19265304382772916,0.214372090661867,0.20240015218371185,-0.476248223985529,-1.1166113313743102,-0.42799727187006964,-1.0034821748373226,-0.45331324595587896,-1.062837994146062,0.10325
source_heterogeneity_les_rice_paddy_l250_cv1p0_s3_wind3_n4_op,open_path,4,1.0,250.0,3,-0.1362627895911045,-0.1351263556369406,-0.0011364339541638,0.19265304382772916,0.214372090661867,0.20240015218371185,-0.7072963233996501,-0.7013974601811686,-0.6356367994098368,-0.6303355778251837,-0.6732346202359735,-0.6676198321940534,0.25575
source_heterogeneity_les_rice_paddy_l250_cv1p0_s4_wind3_n4_op,open_path,4,1.0,250.0,4,0.0216946160654936,-0.0753721205748356,0.0970667366403292,0.19265304382772916,0.214372090661867,0.20240015218371185,0.11260977576296682,-0.391232440854833,0.10120074865395101,-0.35159483840516076,0.10718675767497508,-0.37239162007359977,0.39275
source_heterogeneity_les_rice_paddy_l250_cv1p0_s5_wind3_n4_op,open_path,4,1.0,250.0,5,-0.1139764959676635,-0.1305646780398,0.0165881820721365,0.19265304382772916,0.214372090661867,0.20240015218371185,-0.5916153396962758,-0.6777192586510663,-0.5316760013664311,-0.6090563264867441,-0.5631245566663944,-0.6450819163480213,0.265
source_heterogeneity_les_rice_paddy_l250_cv1p0_s6_wind3_n4_op,open_path,4,1.0,250.0,6,-0.0409159797599752,-0.0993981751898877,0.0584821954299124,0.19265304382772916,0.214372090661867,0.20240015218371185,-0.2123816937798417,-0.5159439644191129,-0.1908643034345022,-0.4636712497555022,-0.20215389819883697,-0.4910973342533226,0.33825
source_heterogeneity_les_rice_paddy_l250_cv1p0_s7_wind3_n4_op,open_path,4,1.0,250.0,7,0.0782438898337642,-0.0371983831036006,0.1154422729373648,0.19265304382772916,0.214372090661867,0.20240015218371185,0.4061388716169472,-0.19308484498622036,0.3649910284132075,-0.17352250933762778,0.38658019270037325,-0.18378633959640936,0.4745
source_heterogeneity_les_rice_paddy_l500_cv1p0_s0_wind3_n4_op,open_path,4,1.0,500.0,0,-0.0458406766663726,-0.0248543827599406,-0.0209862939064319,0.20557785568387246,0.24030781089086983,0.20426601724585744,-0.22298450635103492,-0.12090009732449224,-0.19075816344226143,-0.10342727798901068,-0.224416558781768,-0.12167654265283646,0.49475
source_heterogeneity_les_rice_paddy_l500_cv1p0_s1_wind3_n4_op,open_path,4,1.0,500.0,1,0.2525814404135383,0.2386784246571582,0.01390301575638,0.20557785568387246,0.24030781089086983,0.20426601724585744,1.2286412832418374,1.161012327242999,1.0510746174964836,0.9932195868803799,1.2365318706416435,1.168468587556987,0.87325
source_heterogeneity_les_rice_paddy_l500_cv1p0_s2_wind3_n4_op,open_path,4,1.0,500.0,2,0.2351334090681731,0.1897516711449454,0.0453817379232276,0.20557785568387246,0.24030781089086983,0.20426601724585744,1.143768176226868,0.9230161026523023,0.9784676086744156,0.7896192405960398,1.1511136910510338,0.9289439021888679,0.8365
source_heterogeneity_les_rice_paddy_l500_cv1p0_s3_wind3_n4_op,open_path,4,1.0,500.0,3,0.0042461438149691,-0.040853328132538,0.0450994719475071,0.20557785568387246,0.24030781089086983,0.20426601724585744,0.02065467509058277,-0.19872436161295623,0.017669603826974176,-0.17000416249928132,0.020787323668519868,-0.20000061039701167,0.4585
source_heterogeneity_les_rice_paddy_l500_cv1p0_s4_wind3_n4_op,open_path,4,1.0,500.0,4,-0.1359697831352021,-0.1658459040401163,0.0298761209049142,0.20557785568387246,0.24030781089086983,0.20426601724585744,-0.661402866971673,-0.8067303916971776,-0.565815079547912,-0.6901394649857275,-0.6656505324209018,-0.8119113804451469,0.19725
source_heterogeneity_les_rice_paddy_l500_cv1p0_s5_wind3_n4_op,open_path,4,1.0,500.0,5,-0.0583977708561135,-0.1705951797474936,0.1121974088913801,0.20557785568387246,0.24030781089086983,0.20426601724585744,-0.2840664460763455,-0.8298324699418331,-0.24301237084063607,-0.7099027664355255,-0.2858907793058163,-0.8351618249949175,0.18825
source_heterogeneity_les_rice_paddy_l500_cv1p0_s6_wind3_n4_op,open_path,4,1.0,500.0,6,0.0976428735690734,0.0824969717699362,0.0151459017991372,0.20557785568387246,0.24030781089086983,0.20426601724585744,0.47496785704012706,0.40129308429403987,0.40632417734193266,0.34329708828066463,0.47801819845319193,0.4038702711408021,0.69625
source_heterogeneity_les_rice_paddy_l500_cv1p0_s7_wind3_n4_op,open_path,4,1.0,500.0,7,0.4356474718955078,0.4153601200008128,0.0202873518946949,0.20557785568387246,0.24030781089086983,0.20426601724585744,2.1191361805301883,2.0204516610949246,1.812872708050871,1.728450350660632,2.132745709586908,2.0334274178405285,0.9575
source_heterogeneity_les_rice_paddy_l100_cv2p0_s0_wind3_n4_op,open_path,4,2.0,100.0,0,-0.0560949091656938,-0.0448060459767847,-0.011288863188909,0.199781292600267,0.24261745550948324,0.2277505093168348,-0.28078159088664756,-0.22427548342293996,-0.23120722722896253,-0.1846777507524942,-0.24629981875323687,-0.1967330220739609,0.4745
source_heterogeneity_les_rice_paddy_l100_cv2p0_s1_wind3_n4_op,open_path,4,2.0,100.0,1,0.1172189196308455,0.0680364417762996,0.0491824778545458,0.199781292600267,0.24261745550948324,0.2277505093168348,0.5867362159147871,0.34055461795629943,0.4831429766036094,0.2804268210357199,0.5146812623271747,0.29873233645177405,0.6885
source_heterogeneity_les_rice_paddy_l100_cv2p0_s2_wind3_n4_op,open_path,4,2.0,100.0,2,-0.1248529658666115,-0.2518335259936978,0.1269805601270863,0.199781292600267,0.24261745550948324,0.2277505093168348,-0.6249482333484744,-1.2605460837495914,-0.5146083393069438,-1.0379860157417828,-0.5482006000387137,-1.1057429761588806,0.071
source_heterogeneity_les_rice_paddy_l100_cv2p0_s3_wind3_n4_op,open_path,4,2.0,100.0,3,-0.1132725592532582,-0.1198811224106444,0.0066085631573862,0.199781292600267,0.24261745550948324,0.2277505093168348,-0.5669828129498589,-0.6000618018350141,-0.4668772039315642,-0.4941158176723133,-0.4973537033705564,-0.5263703812133826,0.3105
source_heterogeneity_les_rice_paddy_l100_cv2p0_s4_wind3_n4_op,open_path,4,2.0,100.0,4,0.121904562383221,-0.0438033042088762,0.1657078665920972,0.199781292600267,0.24261745550948324,0.2277505093168348,0.6101900773418967,-0.21925628590520824,0.5024558605118835,-0.1805447349898699,0.5352548398196275,-0.19233021405866232,0.47675
source_heterogeneity_les_rice_paddy_l100_cv2p0_s5_wind3_n4_op,open_path,4,2.0,100.0,5,-0.2934943920972925,-0.3622303604069062,0.0687359683096137,0.199781292600267,0.24261745550948324,0.2277505093168348,-1.4690784521278057,-1.8131345317285332,-1.2097002315063048,-1.4930103015310356,-1.2886662382343927,-1.59047003448405,0.00675
source_heterogeneity_les_rice_paddy_l100_cv2p0_s6_wind3_n4_op,open_path,4,2.0,100.0,6,-0.0793512546553484,-0.153914550793445,0.0745632961380966,0.199781292600267,0.24261745550948324,0.2277505093168348,-0.39719061591076293,-0.770415231527235,-0.32706325473867964,-0.6343919091486346,-0.34841307224019863,-0.675803322043627,0.23125
source_heterogeneity_les_rice_paddy_l100_cv2p0_s7_wind3_n4_op,open_path,4,2.0,100.0,7,0.087851883486811,-0.0341790589658949,0.1220309424527059,0.199781292600267,0.24261745550948324,0.2277505093168348,0.43974028971065726,-0.1710823797415415,0.36210042390530767,-0.1408763392317373,0.3857373744205155,-0.1500723711592089,0.50025
source_heterogeneity_les_rice_paddy_l250_cv2p0_s0_wind3_n4_op,open_path,4,2.0,250.0,0,-0.0733061056915595,-0.0606928999604159,-0.0126132057311435,0.2935622842008491,0.3820718326487198,0.3028785862809117,-0.2497122744875667,-0.2067462450962914,-0.19186472131003118,-0.15885206595749624,-0.24203132546178116,-0.20038689662967749,0.483
source_heterogeneity_les_rice_paddy_l250_cv2p0_s1_wind3_n4_op,open_path,4,2.0,250.0,1,0.1515648053312172,0.102851016174914,0.0487137891563031,0.2935622842008491,0.3820718326487198,0.3028785862809117,0.5162952241764127,0.35035500713213386,0.39669191073440685,0.2691928778468109,0.500414397704052,0.3395783684737701,0.719
source_heterogeneity_les_rice_paddy_l250_cv2p0_s2_wind3_n4_op,open_path,4,2.0,250.0,2,-0.1450618219069223,-0.2915816524978136,0.1465198305908913,0.2935622842008491,0.3820718326487198,0.3028785862809117,-0.4941432524338653,-0.9932531125092335,-0.3796715944781342,-0.7631592480304518,-0.4789438028226313,-0.9627014444242668,0.11425
source_heterogeneity_les_rice_paddy_l250_cv2p0_s3_wind3_n4_op,open_path,4,2.0,250.0,3,-0.2146926433294221,-0.1966563361652408,-0.0180363071641812,0.2935622842008491,0.3820718326487198,0.3028785862809117,-0.7313359204635903,-0.6698964640522169,-0.5619169616379766,-0.5147103747531381,-0.7088406148670428,-0.649290986794449,0.2605
source_heterogeneity_les_rice_paddy_l250_cv2p0_s4_wind3_n4_op,open_path,4,2.0,250.0,4,0.0263886984537409,-0.1130614406446578,0.1394501390983987,0.2935622842008491,0.3820718326487198,0.3028785862809117,0.08989131054616781,-0.38513612520913465,0.06906737476772569,-0.2959167124696352,0.0871263260231481,-0.3732896472905363,0.39875
source_heterogeneity_les_rice_paddy_l250_cv2p0_s5_wind3_n4_op,open_path,4,2.0,250.0,5,-0.3070426414404564,-0.3247695641214738,0.0177269226810173,0.2935622842008491,0.3820718326487198,0.3028785862809117,-1.0459199221599744,-1.1063054813242743,-0.8036254316678563,-0.850022263797891,-1.0137482653054999,-1.0722764131639826,0.073
source_heterogeneity_les_rice_paddy_l250_cv2p0_s6_wind3_n4_op,open_path,4,2.0,250.0,6,-0.0747723645256151,-0.13917265993578,0.0644002954101649,0.2935622842008491,0.3820718326487198,0.3028785862809117,-0.25470698570548467,-0.4740822218175718,-0.1957023735752891,-0.36425783856130683,-0.24687240337375901,-0.4594998333976016,0.3585
source_heterogeneity_les_rice_paddy_l250_cv2p0_s7_wind3_n4_op,open_path,4,2.0,250.0,7,0.0920037523288582,-0.0496028610944722,0.1416066134233304,0.2935622842008491,0.3820718326487198,0.3028785862809117,0.31340453893563236,-0.16896878026924933,0.2408022378698805,-0.12982600876541847,0.30376446700503024,-0.1637714362826129,0.501
source_heterogeneity_les_rice_paddy_l500_cv2p0_s0_wind3_n4_op,open_path,4,2.0,500.0,0,-0.1355430678129129,-0.0727721804594003,-0.0627708873535125,0.313256949885698,0.45574122389826655,0.3261767153715792,-0.4326897387667542,-0.2323082711682968,-0.2974123487305368,-0.15967873135752356,-0.4155510231884663,-0.22310660764517945,0.48075
source_heterogeneity_les_rice_paddy_l500_cv2p0_s1_wind3_n4_op,open_path,4,2.0,500.0,1,0.3590892741547731,0.3621362241921388,-0.0030469500373657,0.313256949885698,0.45574122389826655,0.3261767153715792,1.1463090421004178,1.1560357218707389,0.7879236183271656,0.7946093203826063,1.1009040720325485,1.110245480826535,0.872
source_heterogeneity_les_rice_paddy_l500_cv2p0_s2_wind3_n4_op,open_path,4,2.0,500.0,2,0.3282234055370477,0.2756920484920977,0.0525313570449499,0.313256949885698,0.45574122389826655,0.3261767153715792,1.04777693090867,0.8800827837744475,0.7201968756074518,0.6049311188790757,1.0062747893059654,0.8452229589044405,0.823
source_heterogeneity_les_rice_paddy_l500_cv2p0_s3_wind3_n4_op,open_path,4,2.0,500.0,3,-0.0205219135847633,-0.0532860901717928,0.0327641765870296,0.313256949885698,0.45574122389826655,0.3261767153715792,-0.0655114390670387,-0.17010345721375364,-0.045029750456246485,-0.11692181303240556,-0.06291654988733582,-0.16336570840468947,0.51
source_heterogeneity_les_rice_paddy_l500_cv2p0_s4_wind3_n4_op,open_path,4,2.0,500.0,4,-0.2399499420738174,-0.2493617842323756,0.0094118421585582,0.313256949885698,0.45574122389826655,0.3261767153715792,-0.7659844168225827,-0.7960295352532908,-0.5265048002929411,-0.5471565247036764,-0.7356439953123796,-0.7644990352800127,0.1955
source_heterogeneity_les_rice_paddy_l500_cv2p0_s5_wind3_n4_op,open_path,4,2.0,500.0,5,-0.118038099454297,-0.2584764376500096,0.1404383381957126,0.313256949885698,0.45574122389826655,0.3261767153715792,-0.3768091960844509,-0.825125947706262,-0.2590024629429753,-0.5671561493583657,-0.3618838926617691,-0.7924429472396712,0.1805
source_heterogeneity_les_rice_paddy_l500_cv2p0_s6_wind3_n4_op,open_path,4,2.0,500.0,6,0.0913609658713986,0.0932915320218805,-0.0019305661504819,0.313256949885698,0.45574122389826655,0.3261767153715792,0.29164864787432365,0.2978115315747055,0.20046675850370904,0.20470286015360686,0.2800965291692282,0.2860153028262706,0.6905
source_heterogeneity_les_rice_paddy_l500_cv2p0_s7_wind3_n4_op,open_path,4,2.0,500.0,7,0.6508253786730519,0.6642615121750561,-0.0134361335020042,0.313256949885698,0.45574122389826655,0.3261767153715792,2.077608745505971,2.120500478656367,1.4280590487428306,1.457540984537613,1.995315263174547,2.036508067163323,0.95525
source_heterogeneity_les_rice_paddy_l100_cv0p5_s0_wind3_n1_point,point,1,0.5,100.0,0,0.0002905221982576,-0.1204692365950762,0.1207597587933338,0.18518434994300983,0.191282193970373,0.19055458313435963,0.0015688269464833701,-0.6505368117346331,0.0015188146488041533,-0.6297984882677331,0.0015246140684674764,-0.632203301613237,0.28125
source_heterogeneity_les_rice_paddy_l100_cv0p5_s1_wind3_n1_point,point,1,0.5,100.0,1,0.1311231873979873,0.0407531073916858,0.0903700800063014,0.18518434994300983,0.191282193970373,0.19055458313435963,0.7080684055555464,0.22006777248848242,0.6854960447510159,0.21305227917867722,0.6881135328323886,0.21386579488854837,0.63
source_heterogeneity_les_rice_paddy_l100_cv0p5_s2_wind3_n1_point,point,1,0.5,100.0,2,0.0469411782816787,-0.1387927697347925,0.1857339480164712,0.18518434994300983,0.191282193970373,0.19055458313435963,0.25348350600968583,-0.7494843369728906,0.24540275969936465,-0.7255916865753307,0.24633980201137737,-0.7283622752696008,0.24
source_heterogeneity_les_rice_paddy_l100_cv0p5_s3_wind3_n1_point,point,1,0.5,100.0,3,-0.0253446286675133,-0.1448002689645287,0.1194556402970154,0.18518434994300983,0.191282193970373,0.19055458313435963,-0.1368616120925611,-0.7819249791307458,-0.13249863012047444,-0.7569981604610635,-0.13300456095376545,-0.7598886711763334,0.22925
source_heterogeneity_les_rice_paddy_l100_cv0p5_s4_wind3_n1_point,point,1,0.5,100.0,4,0.1479241485004045,-0.0459590428556591,0.1938831913560636,0.18518434994300983,0.191282193970373,0.19055458313435963,0.7987940047089719,-0.2481799507885138,0.7733294219916567,-0.24026827537735962,0.776282291757336,-0.24118571224945806,0.4425
source_heterogeneity_les_rice_paddy_l100_cv0p5_s5_wind3_n1_point,point,1,0.5,100.0,5,-0.0534146305870926,-0.1076070464038163,0.0541924158167237,0.18518434994300983,0.191282193970373,0.19055458313435963,-0.2884403061248473,-0.5810806714332619,-0.27924517948265376,-0.5625565253631667,-0.2803114451958894,-0.56470458298,0.3115
source_heterogeneity_les_rice_paddy_l100_cv0p5_s6_wind3_n1_point,point,1,0.5,100.0,6,-0.0944302392527629,-0.2973564427784815,0.2029262035257186,0.18518434994300983,0.191282193970373,0.19055458313435963,-0.5099255918862671,-1.6057320333494296,-0.49366978333272804,-1.5545432463229587,-0.4955548048203088,-1.5604790915410105,0.0315
source_heterogeneity_les_rice_paddy_l100_cv0p5_s7_wind3_n1_point,point,1,0.5,100.0,7,-0.0195217906321546,-0.1559183958233336,0.136396605191179,0.18518434994300983,0.191282193970373,0.19055458313435963,-0.10541814488191037,-0.8419631349588517,-0.10205754245571995,-0.8151223727990241,-0.10244723748465198,-0.818234824157422,0.21075
source_heterogeneity_les_rice_paddy_l250_cv0p5_s0_wind3_n1_point,point,1,0.5,250.0,0,0.0061585168751931,-0.089955830431338,0.0961143473065311,0.2187310574545319,0.22903238959601455,0.22632399873983758,0.028155658125839235,-0.41126226644808916,0.026889283590220487,-0.39276466787081604,0.027211064268409274,-0.3974648333018515,0.38275
source_heterogeneity_les_rice_paddy_l250_cv0p5_s1_wind3_n1_point,point,1,0.5,250.0,1,0.1571729033764139,0.0566377113282641,0.1005351920481497,0.2187310574545319,0.22903238959601455,0.22632399873983758,0.7185669250882938,0.2589376743631274,0.6862474938747655,0.24729127364110454,0.6944597314095985,0.25025057724156724,0.6365
source_heterogeneity_les_rice_paddy_l250_cv0p5_s2_wind3_n1_point,point,1,0.5,250.0,2,-0.0061382555855334,-0.1621654251878041,0.1560271696022707,0.2187310574545319,0.22903238959601455,0.22632399873983758,-0.028063027066055183,-0.7413918584539089,-0.026800818855186995,-0.7080458160256037,-0.027121540887006888,-0.7165189113427402,0.251
source_heterogeneity_les_rice_paddy_l250_cv0p5_s3_wind3_n1_point,point,1,0.5,250.0,3,-0.1072685431688407,-0.2297803450990254,0.1225118019301847,0.2187310574545319,0.22903238959601455,0.22632399873983758,-0.4904129501186124,-1.0505154035877613,-0.46835534204594137,-1.003265719334851,-0.4739600915771522,-1.0152716741416403,0.136
source_heterogeneity_les_rice_paddy_l250_cv0p5_s4_wind3_n1_point,point,1,0.5,250.0,4,0.1249023340923899,-0.0331854944327641,0.158087828525154,0.2187310574545319,0.22903238959601455,0.22632399873983758,0.5710315468956833,-0.15171825537241065,0.5453479060874425,-0.14489432910034822,0.5518740159587175,-0.14662826133127518,0.487
source_heterogeneity_les_rice_paddy_l250_cv0p5_s5_wind3_n1_point,point,1,0.5,250.0,5,-0.0882817582370823,-0.1238692290345054,0.0355874707974231,0.2187310574545319,0.22903238959601455,0.22632399873983758,-0.4036087022321173,-0.5663083719158372,-0.38545534276964344,-0.540837168284345,-0.39006803842558185,-0.5473092987230873,0.32125
source_heterogeneity_les_rice_paddy_l250_cv0p5_s6_wind3_n1_point,point,1,0.5,250.0,6,-0.0788894327547418,-0.2986699023907613,0.2197804696360195,0.2187310574545319,0.22903238959601455,0.22632399873983758,-0.36066863879694233,-1.3654663670834513,-0.34444662125690273,-1.3040509375882552,-0.3485685706950868,-1.3196563513093735,0.0575
source_heterogeneity_les_rice_paddy_l250_cv0p5_s7_wind3_n1_point,point,1,0.5,250.0,7,-0.0042668716571531,-0.1383886256924706,0.1341217540353175,0.2187310574545319,0.22903238959601455,0.22632399873983758,-0.019507388236533644,-0.6326885047919533,-0.01862999231104101,-0.6042316806656535,-0.018852935088240135,-0.6114624452687855,0.292
source_heterogeneity_les_rice_paddy_l500_cv0p5_s0_wind3_n1_point,point,1,0.5,500.0,0,-0.004826787144869,-0.0193998674882611,0.0145730803433921,0.20851111962119281,0.22180866892703538,0.21435038649475294,-0.023148823686899488,-0.09303996603876717,-0.021761039224561535,-0.08746216990573413,-0.02251821059808145,-0.09050540008583556,0.52
source_heterogeneity_les_rice_paddy_l500_cv0p5_s1_wind3_n1_point,point,1,0.5,500.0,1,0.2597323509154947,0.2465181829253684,0.0132141679901262,0.20851111962119281,0.22180866892703538,0.21435038649475294,1.2456522769018588,1.1822783522203704,1.1709747512209923,1.1114001274966456,1.2117186031845697,1.1500710913409196,0.875
source_heterogeneity_les_rice_paddy_l500_cv0p5_s2_wind3_n1_point,point,1,0.5,500.0,2,0.1967393539041801,0.1604092492965556,0.0363301046076244,0.20851111962119281,0.22180866892703538,0.21435038649475294,0.9435437029046759,0.7693078891330829,0.8869777491379207,0.7231874663533673,0.9178399774380442,0.7483506417679459,0.8025
source_heterogeneity_les_rice_paddy_l500_cv0p5_s3_wind3_n1_point,point,1,0.5,500.0,3,0.1039812106217874,-0.1232382813200403,0.2272194919418277,0.20851111962119281,0.22180866892703538,0.21435038649475294,0.4986842467235924,-0.5910393725952374,0.4687878572320017,-0.5556062435079122,0.48509924484942674,-0.5749384609719705,0.3105
source_heterogeneity_les_rice_paddy_l500_cv0p5_s4_wind3_n1_point,point,1,0.5,500.0,4,-0.1044073302544839,-0.1913337946550157,0.0869264644005318,0.20851111962119281,0.22180866892703538,0.21435038649475294,-0.5007278769792384,-0.9176191418597551,-0.4707089707518555,-0.8626073795066843,-0.4870872031622844,-0.8926216452597782,0.17575
source_heterogeneity_les_rice_paddy_l500_cv0p5_s5_wind3_n1_point,point,1,0.5,500.0,5,-0.0535476820456605,0.0019344834067448,-0.0554821654524053,0.20851111962119281,0.22180866892703538,0.21435038649475294,-0.25680971903532945,0.009277603085433635,-0.24141383790222903,0.008721405777792905,-0.24981378816861285,0.009024865494199397,0.5605
source_heterogeneity_les_rice_paddy_l500_cv0p5_s6_wind3_n1_point,point,1,0.5,500.0,6,0.0555349080463353,0.036812707801589,0.0187222002447462,0.20851111962119281,0.22180866892703538,0.21435038649475294,0.2663402707118302,0.1765503339508585,0.2503730278666596,0.1659660462310364,0.2590847115066654,0.17174080440713427,0.622
source_heterogeneity_les_rice_paddy_l500_cv0p5_s7_wind3_n1_point,point,1,0.5,500.0,7,0.3751460728593826,0.3082809660424266,0.066865106816956,0.20851111962119281,0.22180866892703538,0.21435038649475294,1.7991657880928342,1.4784869344257903,1.6913048289505224,1.3898508454772638,1.7501534706519681,1.4382104510456435,0.91475
source_heterogeneity_les_rice_paddy_l100_cv1p0_s0_wind3_n1_point,point,1,1.0,100.0,0,-0.0767238113319027,-0.2544130076311977,0.177689196299295,0.32638097962455404,0.36234466932597637,0.3491107586238729,-0.23507439502191713,-0.7794970403111624,-0.21174262470763605,-0.7021298480931147,-0.21976925499040226,-0.7287458244886079,0.2305
source_heterogeneity_les_rice_paddy_l100_cv1p0_s1_wind3_n1_point,point,1,1.0,100.0,1,0.1613394524156371,0.0425667178007901,0.118772734614847,0.32638097962455404,0.36234466932597637,0.3491107586238729,0.49432859905387494,0.13042033837191092,0.44526514689937713,0.11747576659530148,0.4621440285931205,0.1219289774069979,0.62925
source_heterogeneity_les_rice_paddy_l100_cv1p0_s2_wind3_n1_point,point,1,1.0,100.0,2,0.0213880804211987,-0.2798660788503246,0.3012541592715234,0.32638097962455404,0.36234466932597637,0.3491107586238729,0.06553102587596268,-0.8574828078899177,0.059026894092258135,-0.7723753170452978,0.06126445517034874,-0.8016541224724857,0.198
source_heterogeneity_les_rice_paddy_l100_cv1p0_s3_wind3_n1_point,point,1,1.0,100.0,3,-0.0795647211602483,-0.2278337661848564,0.1482690450246081,0.32638097962455404,0.36234466932597637,0.3491107586238729,-0.24377867010440996,-0.6980607952305937,-0.21958297691601872,-0.628776370875461,-0.22790681522929013,-0.6526117014638364,0.2725
source_heterogeneity_les_rice_paddy_l100_cv1p0_s4_wind3_n1_point,point,1,1.0,100.0,4,0.237754477708197,-0.1129766224429024,0.3507311001510994,0.32638097962455404,0.36234466932597637,0.3491107586238729,0.7284569032842944,-0.3461495292184699,0.6561555828886937,-0.3117932510310098,0.6810287905344973,-0.3236125488891674,0.43675
source_heterogeneity_les_rice_paddy_l100_cv1p0_s5_wind3_n1_point,point,1,1.0,100.0,5,-0.1922820804836482,-0.2353578669424996,0.0430757864588514,0.32638097962455404,0.36234466932597637,0.3491107586238729,-0.5891338420052422,-0.7211139178920258,-0.530660712744377,-0.6495414086822524,-0.5507767255342888,-0.6741638896212617,0.26325
source_heterogeneity_les_rice_paddy_l100_cv1p0_s6_wind3_n1_point,point,1,1.0,100.0,6,-0.1947532641840549,-0.444175657344001,0.2494223931599461,0.32638097962455404,0.36234466932597637,0.3491107586238729,-0.5967053117129727,-1.3609115882149436,-0.5374806935792089,-1.2258374275803323,-0.5578552346875089,-1.272305840973952,0.04
source_heterogeneity_les_rice_paddy_l100_cv1p0_s7_wind3_n1_point,point,1,1.0,100.0,7,-0.0953084638430113,-0.2958331131289477,0.2005246492859364,0.32638097962455404,0.36234466932597637,0.3491107586238729,-0.29201598681592145,-0.90640426862268,-0.2630326093117404,-0.816441190315421,-0.27300351389541483,-0.8473904221544607,0.17975
source_heterogeneity_les_rice_paddy_l250_cv1p0_s0_wind3_n1_point,point,1,1.0,250.0,0,-0.0736567277598337,-0.2040295080876757,0.130372780327842,0.3855058855043354,0.44640468008760836,0.42072675357384587,-0.19106511866471973,-0.5292513441675618,-0.16499990041631807,-0.45705055790999827,-0.1750702258274752,-0.48494541018500853,0.361
source_heterogeneity_les_rice_paddy_l250_cv1p0_s1_wind3_n1_point,point,1,1.0,250.0,1,0.2094685887623816,0.0656870532560359,0.1437815355063457,0.3855058855043354,0.44640468008760836,0.42072675357384587,0.5433602874527993,0.17039182986817766,0.469234750677956,0.14714687409447544,0.4978732324081115,0.15612758803204208,0.65075
source_heterogeneity_les_rice_paddy_l250_cv1p0_s2_wind3_n1_point,point,1,1.0,250.0,2,-0.0470027548354042,-0.2952690837407676,0.2482663289053634,0.3855058855043354,0.44640468008760836,0.42072675357384587,-0.12192486963957287,-0.7659262668700476,-0.10529180569114946,-0.6614381455024623,-0.11171800803286518,-0.7018072448034661,0.2395
source_heterogeneity_les_rice_paddy_l250_cv1p0_s3_wind3_n1_point,point,1,1.0,250.0,3,-0.2267013623768951,-0.3815378223693849,0.1548364599924898,0.3855058855043354,0.44640468008760836,0.42072675357384587,-0.5880620008701414,-0.9897068675624515,-0.507838229501546,-0.8546904622382249,-0.5388327707976491,-0.9068541972394856,0.13625
source_heterogeneity_les_rice_paddy_l250_cv1p0_s4_wind3_n1_point,point,1,1.0,250.0,4,0.1686253836641356,-0.091957560666516,0.2605829443306516,0.3855058855043354,0.44640468008760836,0.42072675357384587,0.437413253609689,-0.23853737160513946,0.37774107482708813,-0.20599596009716797,0.4007954859817074,-0.2185683698157684,0.49475
source_heterogeneity_les_rice_paddy_l250_cv1p0_s5_wind3_n1_point,point,1,1.0,250.0,5,-0.2802066388474679,-0.3022634004637893,0.0220567616163214,0.3855058855043354,0.44640468008760836,0.42072675357384587,-0.7268543733927421,-0.784069483318926,-0.6276964632012291,-0.6771062534659563,-0.6660062296187829,-0.7184316136214906,0.23375
source_heterogeneity_les_rice_paddy_l250_cv1p0_s6_wind3_n1_point,point,1,1.0,250.0,6,-0.17470277600912,-0.458431036583608,0.283728260574488,0.3855058855043354,0.44640468008760836,0.42072675357384587,-0.45317797361398593,-1.1891674130574394,-0.3913551622595758,-1.0269404803140492,-0.4152404726467108,-1.0896170321698933,0.06475
source_heterogeneity_les_rice_paddy_l250_cv1p0_s7_wind3_n1_point,point,1,1.0,250.0,7,-0.0723193357155736,-0.2645267401188896,0.192207404403316,0.3855058855043354,0.44640468008760836,0.42072675357384587,-0.1875959315665501,-0.6861808082977108,-0.1620039819057916,-0.5925716102863782,-0.1718914594835247,-0.6287376257199673,0.2845
source_heterogeneity_les_rice_paddy_l500_cv1p0_s0_wind3_n1_point,point,1,1.0,500.0,0,-0.1043736072405528,-0.1092576572997615,0.0048840500592087,0.3674936003259508,0.4465640565363944,0.37356674641483073,-0.28401476147605825,-0.29730492504591843,-0.23372594751598974,-0.24466290042950903,-0.27939747914459745,-0.292471581981859,0.45875
source_heterogeneity_les_rice_paddy_l500_cv1p0_s1_wind3_n1_point,point,1,1.0,500.0,1,0.4105963360563585,0.4732474594169047,-0.0626511233605462,0.3674936003259508,0.4465640565363944,0.37356674641483073,1.1172883981984378,1.2877706142288052,0.9194567499251821,1.059752688309646,1.0991244268846347,1.2668350809024704,0.89475
source_heterogeneity_les_rice_paddy_l500_cv1p0_s2_wind3_n1_point,point,1,1.0,500.0,2,0.3033865590027908,0.3482338962380283,-0.0448473372352374,0.3674936003259508,0.4465640565363944,0.37356674641483073,0.8255560334484742,0.9475917292958572,0.6793797094998961,0.7798072664848423,0.8121348110195342,0.932186549204593,0.84675
source_heterogeneity_les_rice_paddy_l500_cv1p0_s3_wind3_n1_point,point,1,1.0,500.0,3,0.108104301772805,-0.2470213604030895,0.3551256621758946,0.3674936003259508,0.4465640565363944,0.37356674641483073,0.2941664880066515,-0.6721786724557716,0.2420801678739557,-0.5531599706412054,0.2893841671141669,-0.6612509351375251,0.27825
source_heterogeneity_les_rice_paddy_l500_cv1p0_s4_wind3_n1_point,point,1,1.0,500.0,4,-0.2422037950920392,-0.348784566230597,0.1065807711385578,0.3674936003259508,0.4465640565363944,0.37356674641483073,-0.6590694229157052,-0.9490901771384326,-0.5423718983802717,-0.7810403930307622,-0.648354805176052,-0.9336606364938218,0.148
source_heterogeneity_les_rice_paddy_l500_cv1p0_s5_wind3_n1_point,point,1,1.0,500.0,5,-0.1408611413677639,-0.0172747837116244,-0.1235863576561394,0.3674936003259508,0.4465640565363944,0.37356674641483073,-0.3833022976259347,-0.04700703276547515,-0.3154332268931364,-0.03868377550492922,-0.3770708788178467,-0.04624283043770029,0.56875
source_heterogeneity_les_rice_paddy_l500_cv1p0_s6_wind3_n1_point,point,1,1.0,500.0,6,0.0052565155398916,-0.0110931186264236,0.0163496341663152,0.3674936003259508,0.4465640565363944,0.37356674641483073,0.014303692731599408,-0.030185882465938146,0.011771022461283111,-0.024841046797324413,0.014071154861451326,-0.02969514479777903,0.57425
source_heterogeneity_les_rice_paddy_l500_cv1p0_s7_wind3_n1_point,point,1,1.0,500.0,7,0.6377391741121922,0.5402043119493384,0.0975348621628537,0.3674936003259508,0.4465640565363944,0.37356674641483073,1.7353749114176282,1.469969304146251,1.4281023400283834,1.2096905338491173,1.7071625893703308,1.4460717318491283,0.91675
source_heterogeneity_les_rice_paddy_l100_cv2p0_s0_wind3_n1_point,point,1,2.0,100.0,0,-0.197533922305471,-0.4319204774557089,0.2343865551502378,0.4973352301870261,0.6462601335973432,0.5818491572505271,-0.3971846559737727,-0.8684694975123368,-0.30565698243819855,-0.668338421328059,-0.3394933546675547,-0.742323800032139,0.17025
source_heterogeneity_les_rice_paddy_l100_cv2p0_s1_wind3_n1_point,point,1,2.0,100.0,1,0.1772215750926439,0.0123459460922935,0.1648756290003503,0.4973352301870261,0.6462601335973432,0.5818491572505271,0.3563422905431385,0.0248241937086394,0.2742263770877487,0.019103678921939697,0.30458336646921963,0.021218465195744364,0.62375
source_heterogeneity_les_rice_paddy_l100_cv2p0_s2_wind3_n1_point,point,1,2.0,100.0,2,-0.0238206780183846,-0.4817865975838286,0.4579659195654439,0.4973352301870261,0.6462601335973432,0.5818491572505271,-0.047896622986927116,-0.9687361126672037,-0.03685927195568934,-0.7454994862548786,-0.04093961075916471,-0.8280266312672263,0.1255
source_heterogeneity_les_rice_paddy_l100_cv2p0_s3_wind3_n1_point,point,1,2.0,100.0,3,-0.1416550589229044,-0.3060976767917374,0.164442617868833,0.4973352301870261,0.6462601335973432,0.5818491572505271,-0.28482812060113677,-0.6154755549423422,-0.21919201194478063,-0.4736446840498653,-0.24345667112810115,-0.5260773741396703,0.3135
source_heterogeneity_les_rice_paddy_l100_cv2p0_s4_wind3_n1_point,point,1,2.0,100.0,4,0.395000074158406,-0.214796273243594,0.6097963474020001,0.4973352301870261,0.6462601335973432,0.5818491572505271,0.7942330448013178,-0.43189434451047937,0.6112090992827873,-0.332368131773736,0.6788702350707894,-0.3691614408424915,0.41
source_heterogeneity_les_rice_paddy_l100_cv2p0_s5_wind3_n1_point,point,1,2.0,100.0,5,-0.4480771887090896,-0.4781808165919506,0.030103627882861,0.4973352301870261,0.6462601335973432,0.5818491572505271,-0.9009560584328348,-0.9614859104433998,-0.6933387430459499,-0.7399200286890734,-0.7700916691646263,-0.8218295251153214,0.129
source_heterogeneity_les_rice_paddy_l100_cv2p0_s6_wind3_n1_point,point,1,2.0,100.0,6,-0.28374044615562,-0.5421796493946474,0.2584392032390273,0.4973352301870261,0.6462601335973432,0.5818491572505271,-0.5705215093025233,-1.0901693998045487,-0.43904989864716987,-0.8389495517488567,-0.4876529296637783,-0.9318216631208435,0.07725
source_heterogeneity_les_rice_paddy_l100_cv2p0_s7_wind3_n1_point,point,1,2.0,100.0,7,-0.1894497576015543,-0.4776732093179709,0.2882234517164166,0.4973352301870261,0.6462601335973432,0.5818491572505271,-0.3809296951078863,-0.9604652562786249,-0.2931478328192719,-0.7391345752043378,-0.32559943628135707,-0.8209571215590828,0.12925
source_heterogeneity_les_rice_paddy_l250_cv2p0_s0_wind3_n1_point,point,1,2.0,250.0,0,-0.2060355345826241,-0.3721773496949787,0.1661418151123545,0.5874290178499367,0.8400751004059863,0.6439936676437501,-0.3507411590539735,-0.6335699095308469,-0.2452584709189125,-0.4430286643600258,-0.3199341001852841,-0.5779208218874334,0.2955
source_heterogeneity_les_rice_paddy_l250_cv2p0_s1_wind3_n1_point,point,1,2.0,250.0,1,0.2547952738938909,0.0394520137301892,0.2153432601637016,0.5874290178499367,0.8400751004059863,0.6439936676437501,0.4337464887697807,0.06716047817077284,0.3033005903528804,0.04696248431970317,0.3956487255940546,0.06126149326054182,0.66875
source_heterogeneity_les_rice_paddy_l250_cv2p0_s2_wind3_n1_point,point,1,2.0,250.0,2,-0.0784782649539012,-0.4616867068429683,0.3832084418890671,0.5874290178499367,0.8400751004059863,0.6439936676437501,-0.13359616663327498,-0.7859446721457498,-0.09341815382455057,-0.5495778968092819,-0.1218618581158386,-0.7169118735781856,0.19
source_heterogeneity_les_rice_paddy_l250_cv2p0_s3_wind3_n1_point,point,1,2.0,250.0,3,-0.3566358234626793,-0.5331160526200264,0.176480229157347,0.5874290178499367,0.8400751004059863,0.6439936676437501,-0.6071130513232234,-0.9075412286769513,-0.4245285014284158,-0.6346052303685532,-0.55378777988228,-0.827828097395113,0.12325
source_heterogeneity_les_rice_paddy_l250_cv2p0_s4_wind3_n1_point,point,1,2.0,250.0,4,0.2324783207414792,-0.1837327214095411,0.4162110421510203,0.5874290178499367,0.8400751004059863,0.6439936676437501,0.39575559544603156,-0.3127743366884151,0.27673516406941295,-0.21870987643931822,0.3609947308831048,-0.28530206217987214,0.49
source_heterogeneity_les_rice_paddy_l250_cv2p0_s5_wind3_n1_point,point,1,2.0,250.0,5,-0.5532755035545398,-0.5728189143371798,0.0195434107826399,0.5874290178499367,0.8400751004059863,0.6439936676437501,-0.9418593340512815,-0.9751287337383643,-0.6586024312435356,-0.6818663165475937,-0.8591319004406818,-0.8894791099934489,0.09425
source_heterogeneity_les_rice_paddy_l250_cv2p0_s6_wind3_n1_point,point,1,2.0,250.0,6,-0.2637215155583015,-0.5805629331331567,0.3168414175748552,0.5874290178499367,0.8400751004059863,0.6439936676437501,-0.448941927526078,-0.9883116350943799,-0.31392611854684394,-0.6910845623832748,-0.40950948558734773,-0.9015041021402052,0.08775
source_heterogeneity_les_rice_paddy_l250_cv2p0_s7_wind3_n1_point,point,1,2.0,250.0,7,-0.1605176508403012,-0.424412668727832,0.2638950178875309,0.5874290178499367,0.8400751004059863,0.6439936676437501,-0.2732545481457756,-0.7224918344708866,-0.19107535833728106,-0.5052080088110271,-0.2492534614938135,-0.6590323632849946,0.23275
source_heterogeneity_les_rice_paddy_l500_cv2p0_s0_wind3_n1_point,point,1,2.0,500.0,0,-0.2569074757196822,-0.280405639040686,0.0234981633210038,0.5599821243278599,0.8917106473808194,0.6149193473901124,-0.45877799407980263,-0.5007403394836106,-0.288106322913475,-0.3144581034938952,-0.41779052295243024,-0.4560039299963564,0.39725
source_heterogeneity_les_rice_paddy_l500_cv2p0_s1_wind3_n1_point,point,1,2.0,500.0,1,0.5854235316312623,0.7718765495247526,-0.1864530178934903,0.5599821243278599,0.8917106473808194,0.6149193473901124,1.045432534715174,1.378394980824124,0.6565173729289875,0.8656132477412376,0.9520330334635939,1.2552484367272063,0.90125
source_heterogeneity_les_rice_paddy_l500_cv2p0_s2_wind3_n1_point,point,1,2.0,500.0,2,0.4400811221331169,0.6635422115718616,-0.2234610894387446,0.5599821243278599,0.8917106473808194,0.6149193473901124,0.7858842327535744,1.1849346304907566,0.49352457933046656,0.7441227863779057,0.715672915482238,1.0790719374632103,0.88425
source_heterogeneity_les_rice_paddy_l500_cv2p0_s3_wind3_n1_point,point,1,2.0,500.0,3,0.0924094448346013,-0.4011647251224334,0.4935741699570347,0.5599821243278599,0.8917106473808194,0.6149193473901124,0.16502213342170394,-0.716388448299036,0.10363164901757235,-0.44988217456049906,0.15027896784645417,-0.6523859215441623,0.2535
source_heterogeneity_les_rice_paddy_l500_cv2p0_s4_wind3_n1_point,point,1,2.0,500.0,4,-0.401705883346734,-0.5343554281406842,0.1326495447939501,0.5599821243278599,0.8917106473808194,0.6149193473901124,-0.7173548331188196,-0.9542365817160053,-0.45048905104659925,-0.5992475582861119,-0.6532659690277834,-0.8689845756335952,0.11325
source_heterogeneity_les_rice_paddy_l500_cv2p0_s5_wind3_n1_point,point,1,2.0,500.0,5,-0.234550439885514,-0.0508467229674932,-0.1837037169180208,0.5599821243278599,0.8917106473808194,0.6149193473901124,-0.4188534413791194,-0.09080061801709106,-0.2630342483567379,-0.05702154966618705,-0.38143285112268926,-0.08268844228645714,0.59725
source_heterogeneity_les_rice_paddy_l500_cv2p0_s6_wind3_n1_point,point,1,2.0,500.0,6,-0.0751275057730983,-0.1128274691607031,0.0376999633876048,0.5599821243278599,0.8917106473808194,0.6149193473901124,-0.1341605428267429,-0.20148405504216518,-0.0842509910516005,-0.12652923848347672,-0.12217456824534825,-0.1834833619068485,0.55475
source_heterogeneity_les_rice_paddy_l500_cv2p0_s7_wind3_n1_point,point,1,2.0,500.0,7,0.975401941813574,0.7878528150764184,0.1875491267371556,0.5599821243278599,0.8917106473808194,0.6149193473901124,1.7418447829639878,1.4069249371523582,1.0938547663175013,0.8835296711893507,1.5862274393437923,1.281229511512824,0.90325
source_heterogeneity_les_rice_paddy_l100_cv0p5_s0_wind3_n2_point,point,2,0.5,100.0,0,0.0856617865117938,-0.0664385845982303,0.1521003711100241,0.10066740254137618,0.10424286974517911,0.10205659249930563,0.850938678750405,-0.6599811152465446,0.821751998205665,-0.6373441633047795,0.8393557379683888,-0.6509974806250985,0.268
source_heterogeneity_les_rice_paddy_l100_cv0p5_s1_wind3_n2_point,point,2,0.5,100.0,1,0.1340166085623276,0.1603929555407673,-0.0263763469784397,0.10066740254137618,0.10424286974517911,0.10205659249930563,1.331281081850148,1.5932958583573544,1.2856189482305136,1.5386467768284453,1.313159740888267,1.571607983500513,0.9335
source_heterogeneity_les_rice_paddy_l100_cv0p5_s2_wind3_n2_point,point,2,0.5,100.0,2,0.0113111301202579,0.009604117871777,0.0017070122484808,0.10066740254137618,0.10424286974517911,0.10205659249930563,0.11236139837430309,0.09540444701381391,0.10850747056281039,0.09213213234875624,0.11083193984097459,0.09410580577479445,0.57225
source_heterogeneity_les_rice_paddy_l100_cv0p5_s3_wind3_n2_point,point,2,0.5,100.0,3,-0.0360853704497696,-0.0395694505909128,0.0034840801411432,0.10066740254137618,0.10424286974517911,0.10205659249930563,-0.3584613245080784,-0.39307113913711056,-0.3461663185019753,-0.37958903748179623,-0.3535819643401784,-0.3877206716575612,0.3685
source_heterogeneity_les_rice_paddy_l100_cv0p5_s4_wind3_n2_point,point,2,0.5,100.0,4,0.0661752874088244,-0.1648527749435133,0.2310280623523377,0.10066740254137618,0.10424286974517911,0.10205659249930563,0.6573655993719032,-1.6375983762544755,0.6348183580381985,-1.5814297452333634,0.648417567040313,-1.615307457425006,0.035
source_heterogeneity_les_rice_paddy_l100_cv0p5_s5_wind3_n2_point,point,2,0.5,100.0,5,-0.0003786276534196,0.0029563521228382,-0.0033349797762578,0.10066740254137618,0.10424286974517911,0.10205659249930563,-0.003761174360925593,0.029367521642600085,-0.0036321683616841356,0.028360233463113397,-0.0037099774169138174,0.02896777219813913,0.543
source_heterogeneity_les_rice_paddy_l100_cv0p5_s6_wind3_n2_point,point,2,0.5,100.0,6,0.0709959674615879,0.0513884876774244,0.0196074797841634,0.10066740254137618,0.10424286974517911,0.10205659249930563,0.7052527995088304,0.5104779340691021,0.6810630562563846,0.492968850560649,0.6956529286637798,0.5035293303347751,0.71975
source_heterogeneity_les_rice_paddy_l100_cv0p5_s7_wind3_n2_point,point,2,0.5,100.0,7,0.1224981752254046,0.1806364717457132,-0.0581382965203086,0.10066740254137618,0.10424286974517911,0.10205659249930563,1.2168603950524655,1.7943889202015344,1.1751228215881857,1.7328424686242585,1.2002965435695696,1.769963775215621,0.9545
source_heterogeneity_les_rice_paddy_l250_cv0p5_s0_wind3_n2_point,point,2,0.5,250.0,0,0.072315053212617,-0.0790543250622177,0.1513693782748347,0.11121203396553206,0.11697294045693495,0.11395336365116751,0.650244857809449,-0.7108432625800101,0.6182203587439156,-0.6758342976880413,0.634602181941613,-0.6937427955546598,0.24175
source_heterogeneity_les_rice_paddy_l250_cv0p5_s1_wind3_n2_point,point,2,0.5,250.0,1,0.1461654048941537,0.1654110243083503,-0.0192456194141966,0.11121203396553206,0.11697294045693495,0.11395336365116751,1.3142948625456732,1.4873482518952592,1.2495659622061592,1.4140964881467475,1.2826774060096484,1.4515677204115212,0.918
source_heterogeneity_les_rice_paddy_l250_cv0p5_s2_wind3_n2_point,point,2,0.5,250.0,2,0.0050247329061185,-0.025856899305341,0.0308816322114595,0.11121203396553206,0.11697294045693495,0.11395336365116751,0.04518155748932544,-0.2325009118469574,0.042956369964628004,-0.22105026345696202,0.044094643151562814,-0.22690773204811918,0.43775
source_heterogeneity_les_rice_paddy_l250_cv0p5_s3_wind3_n2_point,point,2,0.5,250.0,3,-0.0728947854412458,-0.092188008192736,0.0192932227514903,0.11121203396553206,0.11697294045693495,0.11395336365116751,-0.6554577130010775,-0.8289391435940091,-0.6231764812998175,-0.7881139674921327,-0.6396896335977438,-0.8089976920290012,0.20425
source_heterogeneity_les_rice_paddy_l250_cv0p5_s4_wind3_n2_point,point,2,0.5,250.0,4,0.0445598050499115,-0.1617678168276249,0.2063276218775364,0.11121203396553206,0.11697294045693495,0.11395336365116751,0.40067431069304893,-1.4545891398565878,0.380941137974699,-1.382950759344053,0.3910354518916824,-1.4195966809968537,0.059
source_heterogeneity_les_rice_paddy_l250_cv0p5_s5_wind3_n2_point,point,2,0.5,250.0,5,-0.0050200411557822,-0.0113794980002171,0.0063594568444349,0.11121203396553206,0.11697294045693495,0.11395336365116751,-0.04513937005538502,-0.10232254185499338,-0.04291626025790461,-0.09728316613880973,-0.044053470603548674,-0.09986101011508415,0.4875
source_heterogeneity_les_rice_paddy_l250_cv0p5_s6_wind3_n2_point,point,2,0.5,250.0,6,0.077284710302723,0.0545185829261946,0.0227661273765283,0.11121203396553206,0.11697294045693495,0.11395336365116751,0.694931182777179,0.4902219749266662,0.660705886342802,0.4660785880326425,0.6782135061787725,0.47842890441642555,0.706
source_heterogeneity_les_rice_paddy_l250_cv0p5_s7_wind3_n2_point,point,2,0.5,250.0,7,0.1483507120841374,0.1664937369982112,-0.0181430249140738,0.11121203396553206,0.11697294045693495,0.11395336365116751,1.333944779124494,1.4970838232291714,1.2682481222121158,1.423352583493513,1.3018546125436592,1.4610690870686325,0.9185
source_heterogeneity_les_rice_paddy_l500_cv0p5_s0_wind3_n2_point,point,2,0.5,500.0,0,0.0218244925040802,-0.0710361192897414,0.0928606117938216,0.105544134241927,0.1123547959129059,0.10822841065537547,0.20678072410972984,-0.6730465866242576,0.19424620308151241,-0.6322482161313924,0.20165215743188245,-0.6563537139609025,0.265
source_heterogeneity_les_rice_paddy_l500_cv0p5_s1_wind3_n2_point,point,2,0.5,500.0,1,0.1752540832980149,0.0909370992475588,0.084316984050456,0.105544134241927,0.1123547959129059,0.10822841065537547,1.6604815090557243,0.8616025883457802,1.559827347591523,0.8093744330954109,1.6192983176669278,0.840233157789998,0.79975
source_heterogeneity_les_rice_paddy_l500_cv0p5_s2_wind3_n2_point,point,2,0.5,500.0,2,0.1989293211788505,-0.0114614829040021,0.2103908040828526,0.105544134241927,0.1123547959129059,0.10822841065537547,1.8847975077692816,-0.10859421971978306,1.7705458815754924,-0.10201151460313898,1.838050840571686,-0.1059008705255604,0.4825
source_heterogeneity_les_rice_paddy_l500_cv0p5_s3_wind3_n2_point,point,2,0.5,500.0,3,0.0573202621729932,-0.0613175208202254,0.1186377829932187,0.105544134241927,0.1123547959129059,0.10822841065537547,0.5430928263772989,-0.5809656904255248,0.510171921966074,-0.5457490294206659,0.529623061319031,-0.5665566042124993,0.296
source_heterogeneity_les_rice_paddy_l500_cv0p5_s4_wind3_n2_point,point,2,0.5,500.0,4,-0.0117354916074359,0.021795473930331,-0.0335309655377669,0.105544134241927,0.1123547959129059,0.10822841065537547,-0.11119037255576844,0.2065057815564783,-0.10445029526405714,0.19398792684583044,-0.10843263368991388,0.20138403399208066,0.6055
source_heterogeneity_les_rice_paddy_l500_cv0p5_s5_wind3_n2_point,point,2,0.5,500.0,5,0.0408440950285773,-0.1687544601050759,0.2095985551336532,0.105544134241927,0.1123547959129059,0.10822841065537547,0.386985930785646,-1.5988994681434303,0.36352782893432006,-1.5019782532103867,0.3773879222770297,-1.5592436319002179,0.0385
source_heterogeneity_les_rice_paddy_l500_cv0p5_s6_wind3_n2_point,point,2,0.5,500.0,6,0.1130784047795952,0.0173710447844297,0.0957073599951654,0.105544134241927,0.1123547959129059,0.10822841065537547,1.0713850238270772,0.1645856011724157,1.0064403914475553,0.1546088410671425,1.044812578276357,0.16050355612948214,0.58875
source_heterogeneity_les_rice_paddy_l500_cv0p5_s7_wind3_n2_point,point,2,0.5,500.0,7,0.2855971823703848,0.1561447475382016,0.1294524348321831,0.105544134241927,0.1123547959129059,0.10822841065537547,2.70595030620785,1.4794261060523597,2.541922488041999,1.3897470621480223,2.6388374424142,1.4427334430272927,0.913
source_heterogeneity_les_rice_paddy_l100_cv1p0_s0_wind3_n2_point,point,2,1.0,100.0,0,0.0694374897103863,-0.1425170692206557,0.211954558931042,0.1774227977030728,0.19845564660455553,0.2003278822048284,0.3913673474284512,-0.8032624390196247,0.349889211511064,-0.7181305831253896,0.3466191972188317,-0.7114190378897776,0.23575
source_heterogeneity_les_rice_paddy_l100_cv1p0_s1_wind3_n2_point,point,2,1.0,100.0,1,0.1627043369397449,0.3039494776099747,-0.1412451406702298,0.1774227977030728,0.19845564660455553,0.2003278822048284,0.9170430127702074,1.7131365390745983,0.8198523938396723,1.53157384438462,0.8121901711783949,1.5172599753198448,0.92475
source_heterogeneity_les_rice_paddy_l100_cv1p0_s2_wind3_n2_point,point,2,1.0,100.0,2,-0.043450968389154,0.0361167329226186,-0.0795677013117726,0.1774227977030728,0.19845564660455553,0.2003278822048284,-0.24490070583754228,0.2035630899196056,-0.21894548798470212,0.18198894080643177,-0.21689925491613232,0.1802880983171902,0.62725
source_heterogeneity_les_rice_paddy_l100_cv1p0_s3_wind3_n2_point,point,2,1.0,100.0,3,-0.1141157627091726,-0.1023643466662914,-0.0117514160428811,0.1774227977030728,0.19845564660455553,0.2003278822048284,-0.6431854541046741,-0.5769514853305605,-0.5750189760866854,-0.5158046566962315,-0.5696449313655357,-0.510984020495097,0.32
source_heterogeneity_les_rice_paddy_l100_cv1p0_s4_wind3_n2_point,point,2,1.0,100.0,4,0.0689692177155819,-0.2713015034352957,0.3402707211508776,0.1774227977030728,0.19845564660455553,0.2003278822048284,0.3887280474012468,-1.5291242554371975,0.34752963140933235,-1.3670636642347267,0.3442816694136627,-1.3542872836737685,0.054
source_heterogeneity_les_rice_paddy_l100_cv1p0_s5_wind3_n2_point,point,2,1.0,100.0,5,-0.1116935533467698,-0.0885002787520192,-0.0231932745947505,0.1774227977030728,0.19845564660455553,0.2003278822048284,-0.6295332662586877,-0.4988100734389809,-0.5628136828443655,-0.44594487617863365,-0.5575537070399764,-0.44177713944747193,0.3505
source_heterogeneity_les_rice_paddy_l100_cv1p0_s6_wind3_n2_point,point,2,1.0,100.0,6,0.0598002579367653,0.0872467081357134,-0.0274464501989481,0.1774227977030728,0.19845564660455553,0.2003278822048284,0.33704945875582715,0.4917446307082011,0.3013280748616028,0.439628247562852,0.2985119059743345,0.4355195451350434,0.71675
source_heterogeneity_les_rice_paddy_l100_cv1p0_s7_wind3_n2_point,point,2,1.0,100.0,7,0.1507655559348708,0.3680950973435522,-0.2173295414086814,0.1774227977030728,0.19845564660455553,0.2003278822048284,0.8497530074302265,2.0746775617842554,0.7596939594028663,1.854797803143499,0.7525939688251593,1.837463129406957,0.9505
source_heterogeneity_les_rice_paddy_l250_cv1p0_s0_wind3_n2_point,point,2,1.0,250.0,0,0.0388334183973345,-0.1782533166313804,0.2170867350287149,0.1960073440486738,0.2301920130856809,0.21293810364301127,0.19812226213162268,-0.9094216214016726,0.1687001120359468,-0.7743679471843006,0.1823695136425107,-0.837113290584293,0.1895
source_heterogeneity_les_rice_paddy_l250_cv1p0_s1_wind3_n2_point,point,2,1.0,250.0,1,0.1863808365991873,0.3271065953825779,-0.1407257587833906,0.1960073440486738,0.2301920130856809,0.21293810364301127,0.9508870063200491,1.668848669779173,0.8096755143707509,1.4210162681049405,0.8752817528217168,1.53615811255166,0.92925
source_heterogeneity_les_rice_paddy_l250_cv1p0_s2_wind3_n2_point,point,2,1.0,250.0,2,-0.0451317860216445,-0.008872701681192,-0.0362590843404524,0.1960073440486738,0.2301920130856809,0.21293810364301127,-0.23025558680310002,-0.04526718998339509,-0.19606147675004595,-0.03854478512201658,-0.21194790997719934,-0.0416679848716367,0.53875
source_heterogeneity_les_rice_paddy_l250_cv1p0_s3_wind3_n2_point,point,2,1.0,250.0,3,-0.1789252687075773,-0.190368977172903,0.0114437084653257,0.1960073440486738,0.2301920130856809,0.21293810364301127,-0.9128498198676955,-0.9712338999176957,-0.7772870409755643,-0.8270007921692957,-0.8402689121696314,-0.8940108600387218,0.1685
source_heterogeneity_les_rice_paddy_l250_cv1p0_s4_wind3_n2_point,point,2,1.0,250.0,4,0.0216150173096288,-0.2651386273459111,0.2867536446555399,0.1960073440486738,0.2301920130856809,0.21293810364301127,0.1102765685364382,-1.3526974136237986,0.09389994474562141,-1.151815059922268,0.10150845217381184,-1.2451441184543162,0.071
source_heterogeneity_les_rice_paddy_l250_cv1p0_s5_wind3_n2_point,point,2,1.0,250.0,5,-0.1357029166026999,-0.1191670066255518,-0.016535909977148,0.1960073440486738,0.2301920130856809,0.21293810364301127,-0.6923358778281353,-0.607972151267758,-0.5895205258585112,-0.5176852360259608,-0.6372880864488423,-0.5596321399824907,0.30375
source_heterogeneity_les_rice_paddy_l250_cv1p0_s6_wind3_n2_point,point,2,1.0,250.0,6,0.0667736673973574,0.0798569870987711,-0.0130833197014137,0.1960073440486738,0.2301920130856809,0.21293810364301127,0.34066921176573745,0.4074183418297863,0.2900781243548326,0.34691467366005935,0.3135825211879544,0.3750244119420289,0.7025
source_heterogeneity_les_rice_paddy_l250_cv1p0_s7_wind3_n2_point,point,2,1.0,250.0,7,0.183526339708555,0.3098994769890084,-0.1263731372804534,0.1960073440486738,0.2301920130856809,0.21293810364301127,0.9363237923522936,1.5810605387931391,0.7972750107547987,1.3462651150874603,0.8618764634827178,1.4553500368752788,0.923
source_heterogeneity_les_rice_paddy_l500_cv1p0_s0_wind3_n2_point,point,2,1.0,500.0,0,-0.0539735426724695,-0.1097784265268353,0.0558048838543658,0.1860178678063603,0.22676478438353195,0.19098614789549118,-0.29015246389478316,-0.5901499023798711,-0.23801554028416924,-0.4841070311039336,-0.2826044886878611,-0.5747978465271039,0.30525
source_heterogeneity_les_rice_paddy_l500_cv1p0_s1_wind3_n2_point,point,2,1.0,500.0,1,0.245704739122636,0.1430277041709561,0.1026770349516799,0.1860178678063603,0.22676478438353195,0.19098614789549118,1.3208663340793056,0.7688922889915294,1.0835224692872527,0.6307315510200666,1.286505549381975,0.7488904601040581,0.79775
source_heterogeneity_les_rice_paddy_l500_cv1p0_s2_wind3_n2_point,point,2,1.0,500.0,2,0.2833550964234975,-0.0461300521323443,0.3294851485558417,0.1860178678063603,0.22676478438353195,0.19098614789549118,1.5232681664670122,-0.2479872104563873,1.249555115860729,-0.20342687802142856,1.4836421360702619,-0.24153611474266162,0.44875
source_heterogeneity_les_rice_paddy_l500_cv1p0_s3_wind3_n2_point,point,2,1.0,500.0,3,0.0331265001139077,-0.1077793318778193,0.140905831991727,0.1860178678063603,0.22676478438353195,0.19098614789549118,0.17808235576805725,-0.5794031140600684,0.14608308871222336,-0.47529131196813124,0.17344975265973073,-0.5643306232701066,0.31075
source_heterogeneity_les_rice_paddy_l500_cv1p0_s4_wind3_n2_point,point,2,1.0,500.0,4,-0.1032454194532981,0.0176593086385723,-0.1209047280918704,0.1860178678063603,0.22676478438353195,0.19098614789549118,-0.5550295822161228,0.09493339992992059,-0.45529741195915585,0.07787500465109586,-0.5405911402003597,0.09246381914690266,0.58825
source_heterogeneity_les_rice_paddy_l500_cv1p0_s5_wind3_n2_point,point,2,1.0,500.0,5,0.0030361717455054,-0.277851212970176,0.2808873847156815,0.1860178678063603,0.22676478438353195,0.19098614789549118,0.0163219360661954,-1.4936802375318687,0.013389079586406415,-1.2252837834830672,0.015897340089642584,-1.4548239023189156,0.03875
source_heterogeneity_les_rice_paddy_l500_cv1p0_s6_wind3_n2_point,point,2,1.0,500.0,6,0.1267778731567307,0.0237662624998184,0.1030116106569122,0.1860178678063603,0.22676478438353195,0.19098614789549118,0.6815359978682431,0.12776333144812976,0.559072139447846,0.10480579056588446,0.6638066401868283,0.12443971859583998,0.59875
source_heterogeneity_les_rice_paddy_l500_cv1p0_s7_wind3_n2_point,point,2,1.0,500.0,7,0.4393304387599058,0.2767762612843487,0.162554177475557,0.1860178678063603,0.22676478438353195,0.19098614789549118,2.3617647269091226,1.4879014825203,1.9373838841610307,1.2205434015549401,2.300326194339027,1.4491954748247102,0.9165
source_heterogeneity_les_rice_paddy_l100_cv2p0_s0_wind3_n2_point,point,2,2.0,100.0,0,0.0291348502848135,-0.2608111121951914,0.2899459624800048,0.27035462678489236,0.35698035267190636,0.3074122466464443,0.10776531044166165,-0.9647000138181683,0.08161471651519928,-0.7306035479070125,0.09477452704843466,-0.8484083345422181,0.1835
source_heterogeneity_les_rice_paddy_l100_cv2p0_s1_wind3_n2_point,point,2,2.0,100.0,1,0.1928925816403776,0.4909739071362928,-0.2980813254959152,0.27035462678489236,0.35698035267190636,0.3074122466464443,0.7134798613742703,1.816036636676228,0.5403450923744854,1.3753527426971235,0.6274720143541448,1.5971188932526923,0.9415
source_heterogeneity_les_rice_paddy_l100_cv2p0_s2_wind3_n2_point,point,2,2.0,100.0,2,-0.0976738495385555,0.1112885929907803,-0.2089624425293358,0.27035462678489236,0.35698035267190636,0.3074122466464443,-0.3612804807526734,0.4116393135721219,-0.27361127526344736,0.31174991048614786,-0.31772920761641116,0.36201743490972116,0.719
source_heterogeneity_les_rice_paddy_l100_cv2p0_s3_wind3_n2_point,point,2,2.0,100.0,3,-0.1914817497390292,-0.2041932080231949,0.0127114582841657,0.27035462678489236,0.35698035267190636,0.3074122466464443,-0.7082614121169882,-0.7552791326395949,-0.5363929647831804,-0.5720012501944747,-0.6228826334275905,-0.6642325094420786,0.2675
source_heterogeneity_les_rice_paddy_l100_cv2p0_s4_wind3_n2_point,point,2,2.0,100.0,4,0.0965403572184344,-0.3957868431317229,0.4923272003501573,0.27035462678489236,0.35698035267190636,0.3074122466464443,0.3570878677628356,-1.4639543914542683,0.27043605200077425,-1.108707636623024,0.31404200148690153,-1.2874791015951896,0.048
source_heterogeneity_les_rice_paddy_l100_cv2p0_s5_wind3_n2_point,point,2,2.0,100.0,5,-0.343756541474598,-0.3507877739225051,0.007031232447907,0.27035462678489236,0.35698035267190636,0.3074122466464443,-1.2715023432837635,-1.2975097859213238,-0.9629564733791887,-0.982652886347802,-1.118226567824259,-1.14109889163247,0.0845
source_heterogeneity_les_rice_paddy_l100_cv2p0_s6_wind3_n2_point,point,2,2.0,100.0,6,0.0572472625611053,0.1198204791269205,-0.0625732165658152,0.27035462678489236,0.35698035267190636,0.3074122466464443,0.21174878063638275,0.4431974423809497,0.16036530339169713,0.33565006653754176,0.18622310329407776,0.38977132639977863,0.727
source_heterogeneity_les_rice_paddy_l100_cv2p0_s7_wind3_n2_point,point,2,2.0,100.0,7,0.1919342803300245,0.6533128569106532,-0.4613785765806287,0.27035462678489236,0.35698035267190636,0.3074122466464443,0.7099352528659959,2.4165033337138393,0.5376606272402547,1.8301087217287284,0.6243546977188865,2.1252011396345907,0.96725
source_heterogeneity_les_rice_paddy_l250_cv2p0_s0_wind3_n2_point,point,2,2.0,250.0,0,-0.0217638004912437,-0.3334241244274031,0.3116603239361594,0.29867352467331443,0.44135162669021605,0.333326142693598,-0.07286819451120981,-1.1163497829012412,-0.04931170335647063,-0.7554614150350304,-0.06529280996495239,-1.0002939515425142,0.113
source_heterogeneity_les_rice_paddy_l250_cv2p0_s1_wind3_n2_point,point,2,2.0,250.0,1,0.2373490437527944,0.5658197057220661,-0.3284706619692716,0.29867352467331443,0.44135162669021605,0.333326142693598,0.7946772115553394,1.894442121513626,0.5377776570865327,1.2820156797999387,0.7120624918129261,1.697495735407055,0.9425
source_heterogeneity_les_rice_paddy_l250_cv2p0_s2_wind3_n2_point,point,2,2.0,250.0,2,-0.0879885050157509,0.0661539775000043,-0.1541424825157551,0.29867352467331443,0.44135162669021605,0.333326142693598,-0.29459760489983733,0.22149260659230757,-0.1993614607826287,0.14988950646020313,-0.26397120941285485,0.19846621379714208,0.67275
source_heterogeneity_les_rice_paddy_l250_cv2p0_s3_wind3_n2_point,point,2,2.0,250.0,3,-0.283765080287989,-0.3197051901194948,0.0359401098315057,0.29867352467331443,0.44135162669021605,0.333326142693598,-0.9500844796952389,-1.0704169057809343,-0.6429455860761181,-0.7243775048865863,-0.8513136053322803,-0.9591362607684092,0.12675
source_heterogeneity_les_rice_paddy_l250_cv2p0_s4_wind3_n2_point,point,2,2.0,250.0,4,0.0102688842417771,-0.373311034349081,0.383579918590858,0.29867352467331443,0.44135162669021605,0.333326142693598,0.03438163544294422,-1.2498966380009884,0.023266900178403133,-0.8458358636822412,0.030807317298291014,-1.1199572626748275,0.07725
source_heterogeneity_les_rice_paddy_l250_cv2p0_s5_wind3_n2_point,point,2,2.0,250.0,5,-0.3620023213043613,-0.3670379907792769,0.0050356694749156,0.29867352467331443,0.44135162669021605,0.333326142693598,-1.2120335128475654,-1.2288936261784125,-0.8202129536013925,-0.8316226078779138,-1.0860303916729483,-1.1011377259918904,0.0825
source_heterogeneity_les_rice_paddy_l250_cv2p0_s6_wind3_n2_point,point,2,2.0,250.0,6,0.0607417627905146,0.0928413684292248,-0.0320996056387102,0.29867352467331443,0.44135162669021605,0.333326142693598,0.20337176807670926,0.3108456584184139,0.13762668837550052,0.21035691909750226,0.1822292194055418,0.27853011371678393,0.6955
source_heterogeneity_les_rice_paddy_l250_cv2p0_s7_wind3_n2_point,point,2,2.0,250.0,7,0.2172792478261641,0.504555797830832,-0.2872765500046679,0.29867352467331443,0.44135162669021605,0.333326142693598,0.7274807770920492,1.689322139894084,0.4923041735579056,1.143205932228225,0.6518518051729677,1.51370004690761,0.92475
source_heterogeneity_les_rice_paddy_l500_cv2p0_s0_wind3_n2_point,point,2,2.0,500.0,0,-0.1555662052969824,-0.1333205312792166,-0.0222456740177657,0.2834516864640727,0.456492335442958,0.30174515659976026,-0.5488279404423311,-0.4703465798433867,-0.34078601811797893,-0.2920542601221307,-0.5155549373186061,-0.44183155342591013,0.37775
source_heterogeneity_les_rice_paddy_l500_cv2p0_s1_wind3_n2_point,point,2,2.0,500.0,1,0.3354847925363462,0.1891593427499732,0.146325449786373,0.2834516864640727,0.456492335442958,0.30174515659976026,1.1835695766053191,0.6673424494651896,0.7349187850236479,0.4143757256437223,1.1118150041471544,0.6268844374555356,0.787
source_heterogeneity_les_rice_paddy_l500_cv2p0_s2_wind3_n2_point,point,2,2.0,500.0,2,0.3840451329623076,-0.113986486833373,0.4980316197956806,0.2834516864640727,0.456492335442958,0.30174515659976026,1.3548874510259266,-0.4021372681013161,0.8412959060739735,-0.24970076819091835,1.2727466359027972,-0.37775746964040435,0.4145
source_heterogeneity_les_rice_paddy_l500_cv2p0_s3_wind3_n2_point,point,2,2.0,500.0,3,0.0061030587565731,-0.1709683786161827,0.1770714373727558,0.2834516864640727,0.456492335442958,0.30174515659976026,0.021531213423726298,-0.6031658542904905,0.013369465996950394,-0.3745262852010062,0.020225871478256392,-0.5665985845232901,0.315
source_heterogeneity_les_rice_paddy_l500_cv2p0_s4_wind3_n2_point,point,2,2.0,500.0,4,-0.2160641085500588,-0.0039389037818934,-0.2121252047681654,0.2834516864640727,0.456492335442958,0.30174515659976026,-0.762260797405574,-0.013896208666208283,-0.4733137706253068,-0.008628630704327773,-0.7160483070707571,-0.013053743186068856,0.5815
source_heterogeneity_les_rice_paddy_l500_cv2p0_s5_wind3_n2_point,point,2,2.0,500.0,5,-0.0439854610658097,-0.3956833396959781,0.3516978786301684,0.2834516864640727,0.456492335442958,0.30174515659976026,-0.1551779832905839,-1.3959463238054526,-0.09635531125211193,-0.8667907628986283,-0.1457702306193194,-1.3113162913856442,0.046
source_heterogeneity_les_rice_paddy_l500_cv2p0_s6_wind3_n2_point,point,2,2.0,500.0,6,0.137381000131495,0.0310593142939614,0.1063216858375335,0.2834516864640727,0.456492335442958,0.30174515659976026,0.4846716625512403,0.1095753377988744,0.3009491933707653,0.06803907071916761,0.45528816992320253,0.10293227120513151,0.6295
source_heterogeneity_les_rice_paddy_l500_cv2p0_s7_wind3_n2_point,point,2,2.0,500.0,7,0.6212676429913359,0.4185186766270046,0.2027489663643312,0.2834516864640727,0.456492335442958,0.30174515659976026,2.191793778831798,1.4765079786535387,1.3609596366793058,0.9168142466639542,2.058915046034676,1.386993850516496,0.91325
source_heterogeneity_les_rice_paddy_l100_cv0p5_s0_wind3_n3_point,point,3,0.5,100.0,0,0.088823886236205,-0.0638345114318776,0.1526583976680826,0.08490550218320969,0.08799473432694195,0.08672129583583088,1.0461499426096108,-0.751830090989098,1.0094227446176764,-0.7254355833918684,1.0242453757189522,-0.7360880717548378,0.25075
source_heterogeneity_les_rice_paddy_l100_cv0p5_s1_wind3_n3_point,point,3,0.5,100.0,1,0.1397019162136931,0.0394863821436087,0.1002155340700843,0.08490550218320969,0.08799473432694195,0.08672129583583088,1.6453811899285786,0.4650627006292797,1.5876167736882365,0.44873573908295655,1.6109297591465657,0.45532509360052714,0.70725
source_heterogeneity_les_rice_paddy_l100_cv0p5_s2_wind3_n3_point,point,3,0.5,100.0,2,0.0406007722886036,-0.1509647428205099,0.1915655151091135,0.08490550218320969,0.08799473432694195,0.08672129583583088,0.47818776456907314,-1.778032506005996,0.4614000212530056,-1.7156110984960151,0.4681753414462756,-1.740803586541143,0.02175
source_heterogeneity_les_rice_paddy_l100_cv0p5_s3_wind3_n3_point,point,3,0.5,100.0,3,0.0239419563413887,-0.0387733606057033,0.062715316947092,0.08490550218320969,0.08799473432694195,0.08672129583583088,0.28198356673901503,-0.4566648757584387,0.2720839664386398,-0.44063273674583725,0.276079319510082,-0.4471031046296151,0.35325
source_heterogeneity_les_rice_paddy_l100_cv0p5_s4_wind3_n3_point,point,3,0.5,100.0,4,0.0878379148373097,-0.0778789573771225,0.1657168722144322,0.08490550218320969,0.08799473432694195,0.08672129583583088,1.0345373689419142,-0.9172427625370466,0.9982178537064548,-0.8850411103892357,1.0128759492200468,-0.8980372886096224,0.196
source_heterogeneity_les_rice_paddy_l100_cv0p5_s5_wind3_n3_point,point,3,0.5,100.0,5,0.0222998479354877,-0.0613314881978681,0.0836313361333558,0.08490550218320969,0.08799473432694195,0.08672129583583088,0.2626431428126876,-0.7223499846397067,0.253422526996141,-0.6969904354730214,0.2571438505451161,-0.7072252277453585,0.26
source_heterogeneity_les_rice_paddy_l100_cv0p5_s6_wind3_n3_point,point,3,0.5,100.0,6,0.0374059069775056,-0.0778468993674092,0.1152528063449148,0.08490550218320969,0.08799473432694195,0.08672129583583088,0.4405592807965598,-0.9168651897191611,0.42509256109036037,-0.884676793024583,0.4313347329163236,-0.897667621512235,0.1965
source_heterogeneity_les_rice_paddy_l100_cv0p5_s7_wind3_n3_point,point,3,0.5,100.0,7,0.1071255457713582,-0.000925793317255,0.1080513390886132,0.08490550218320969,0.08799473432694195,0.08672129583583088,1.2617032231927907,-0.010903808274489874,1.2174085937158041,-0.0105210081527747,1.235285344146078,-0.01067550142478945,0.532
source_heterogeneity_les_rice_paddy_l250_cv0p5_s0_wind3_n3_point,point,3,0.5,250.0,0,0.0918529370505377,-0.0387186642130415,0.1305716012635792,0.10359317032110864,0.10813732106096652,0.10701263757380337,0.8866698139058816,-0.373756919428423,0.8494101402674116,-0.35805089152534475,0.8583372873805629,-0.3618139417070102,0.369
source_heterogeneity_les_rice_paddy_l250_cv0p5_s1_wind3_n3_point,point,3,0.5,250.0,1,0.1500097574308531,0.0444319648939819,0.1055777925368711,0.10359317032110864,0.10813732106096652,0.10701263757380337,1.4480660932170197,0.42890824516959714,1.3872154031472577,0.4108846460967134,1.4017947864091838,0.41520296949356583,0.687
source_heterogeneity_les_rice_paddy_l250_cv0p5_s2_wind3_n3_point,point,3,0.5,250.0,2,0.0122438103233353,-0.1580408609695346,0.1702846712928699,0.10359317032110864,0.10813732106096652,0.10701263757380337,0.11819128891782206,-1.525591508394366,0.1132246499470094,-1.4614830422924299,0.11441462056190434,-1.4768429650240011,0.0455
source_heterogeneity_les_rice_paddy_l250_cv0p5_s3_wind3_n3_point,point,3,0.5,250.0,3,-0.0204644418129655,-0.0746959302874484,0.0542314884744829,0.10359317032110864,0.10813732106096652,0.10701263757380337,-0.19754624508094207,-0.7210507223199444,-0.1892449490350135,-0.6907507006330935,-0.19123387925890337,-0.6980103657003397,0.239
source_heterogeneity_les_rice_paddy_l250_cv0p5_s4_wind3_n3_point,point,3,0.5,250.0,4,0.0695241784004044,-0.0838517960082451,0.1533759744086495,0.10359317032110864,0.10813732106096652,0.10701263757380337,0.671127046164334,-0.8094336310813636,0.6429249191517099,-0.7754195793418118,0.6496819438961653,-0.7835690990273467,0.20575
source_heterogeneity_les_rice_paddy_l250_cv0p5_s5_wind3_n3_point,point,3,0.5,250.0,5,0.0198872226367793,-0.041817508859807,0.0617047314965863,0.10359317032110864,0.10813732106096652,0.10701263757380337,0.1919742640864712,-0.40367051930339526,0.18390711404406923,-0.3867074609350715,0.18583994458657918,-0.3907716864839139,0.358
source_heterogeneity_les_rice_paddy_l250_cv0p5_s6_wind3_n3_point,point,3,0.5,250.0,6,0.046791798040383,-0.0602035810481344,0.1069953790885174,0.10359317032110864,0.10813732106096652,0.10701263757380337,0.4516880591195545,-0.5811539589098474,0.43270720581289734,-0.5567326844928251,0.4372548803697331,-0.5625838444231768,0.2935
source_heterogeneity_les_rice_paddy_l250_cv0p5_s7_wind3_n3_point,point,3,0.5,250.0,7,0.1248410859548737,0.0120909036713733,0.1127501822835003,0.10359317032110864,0.10813732106096652,0.10701263757380337,1.2051092322775983,0.11671525867868532,1.1544680849314715,0.11181064550837722,1.1666013359288951,0.1129857551920872,0.56925
source_heterogeneity_les_rice_paddy_l500_cv0p5_s0_wind3_n3_point,point,3,0.5,500.0,0,0.0466166081913701,0.0038956095330489,0.0427209986583211,0.10518054451504458,0.11109188399234972,0.10674036425533454,0.4432056176007176,0.037037358486879564,0.4196220868356173,0.03506655385660008,0.43672895925161087,0.03649612365693431,0.54625
source_heterogeneity_les_rice_paddy_l500_cv0p5_s1_wind3_n3_point,point,3,0.5,500.0,1,0.2145790720565018,0.1522754616456674,0.0623036104108343,0.10518054451504458,0.11109188399234972,0.10674036425533454,2.040102312132538,1.4477531215279702,1.9315458910686822,1.3707163491453054,2.0102898613237388,1.426596795954415,0.91
source_heterogeneity_les_rice_paddy_l500_cv0p5_s2_wind3_n3_point,point,3,0.5,500.0,2,0.191990957326305,0.090442555290886,0.1015484020354189,0.10518054451504458,0.11109188399234972,0.10674036425533454,1.825346676151153,0.8598791317147962,1.7282176737548745,0.8141238769261874,1.7986724953180953,0.8473135343115149,0.80575
source_heterogeneity_les_rice_paddy_l500_cv0p5_s3_wind3_n3_point,point,3,0.5,500.0,3,0.0761944036128539,-0.0862417153940642,0.1624361190069181,0.10518054451504458,0.11109188399234972,0.10674036425533454,0.7244153751453091,-0.8199398072304954,0.6858683179601219,-0.776309774348621,0.7138293385488981,-0.8079578517060767,0.204
source_heterogeneity_les_rice_paddy_l500_cv0p5_s4_wind3_n3_point,point,3,0.5,500.0,4,-0.003518416787408,-0.0497483328020142,0.0462299160146062,0.10518054451504458,0.11109188399234972,0.10674036425533454,-0.03345121289902374,-0.47298036943418187,-0.031671231605454576,-0.4478124865128769,-0.03296238318047674,-0.4660686062772916,0.3365
source_heterogeneity_les_rice_paddy_l500_cv0p5_s5_wind3_n3_point,point,3,0.5,500.0,5,0.0224845731208786,-0.0869554787376637,0.1094400518585423,0.10518054451504458,0.11109188399234972,0.10674036425533454,0.21377121809502042,-0.8267258848923905,0.20239618154668246,-0.7827347562460264,0.21064733362810212,-0.8146447629657395,0.20275
source_heterogeneity_les_rice_paddy_l500_cv0p5_s6_wind3_n3_point,point,3,0.5,500.0,6,0.1196350095563589,-0.0123771945179366,0.1320122040742955,0.10518054451504458,0.11109188399234972,0.10674036425533454,1.1374252729719119,-0.11767570300195791,1.0769014374137134,-0.11141403019854221,1.1208038345286042,-0.11595608282101237,0.488
source_heterogeneity_les_rice_paddy_l500_cv0p5_s7_wind3_n3_point,point,3,0.5,500.0,7,0.3157545499644146,0.151610278417115,0.1641442715472995,0.10518054451504458,0.11109188399234972,0.10674036425533454,3.0020242947045253,1.441428917449931,2.842282789858518,1.3647286639549254,2.9581550725187284,1.4203650088212811,0.9095
source_heterogeneity_les_rice_paddy_l100_cv1p0_s0_wind3_n3_point,point,3,1.0,100.0,0,0.0517144979935937,-0.1650497598483017,0.2167642578418954,0.14964299621754684,0.16789318840168027,0.1623749508233136,0.34558582293027995,-1.1029567973121637,0.30802022694254905,-0.9830640624527557,0.3184881518447154,-1.0164730397849275,0.1255
source_heterogeneity_les_rice_paddy_l100_cv1p0_s1_wind3_n3_point,point,3,1.0,100.0,1,0.1602569933375887,0.0598995389214906,0.100357454416098,0.14964299621754684,0.16789318840168027,0.1623749508233136,1.0709287931164617,0.40028294297456,0.9545175409628759,0.35677170403234254,0.9869563779697181,0.36889642532775624,0.691
source_heterogeneity_les_rice_paddy_l100_cv1p0_s2_wind3_n3_point,point,3,1.0,100.0,2,-0.0138094133645036,-0.2666944532921516,0.252885039927648,0.14964299621754684,0.16789318840168027,0.1623749508233136,-0.09228239017900883,-1.7822047141079598,-0.08225118300490501,-1.5884769110113732,-0.08504645140450359,-1.6424605638978886,0.01475
source_heterogeneity_les_rice_paddy_l100_cv1p0_s3_wind3_n3_point,point,3,1.0,100.0,3,-0.0227712580160058,-0.0660874289278516,0.0433161709118458,0.14964299621754684,0.16789318840168027,0.1623749508233136,-0.15217055653511224,-0.44163395947896905,-0.13562943340813882,-0.3936278151424409,-0.14023873695139147,-0.407005074321863,0.36775
source_heterogeneity_les_rice_paddy_l100_cv1p0_s4_wind3_n3_point,point,3,1.0,100.0,4,0.0936472439556,-0.1748182516141541,0.2684654955697542,0.14964299621754684,0.16789318840168027,0.1623749508233136,0.6258043899325447,-1.1682354405682185,0.557778697558303,-1.0412468384119657,0.5767345485296015,-1.076633130465921,0.1065
source_heterogeneity_les_rice_paddy_l100_cv1p0_s5_wind3_n3_point,point,3,1.0,100.0,5,-0.0783058499512799,-0.1499128147300262,0.0716069647787463,0.14964299621754684,0.16789318840168027,0.1623749508233136,-0.523284429813481,-1.0018030814625438,-0.4664027808200003,-0.8929058775830949,-0.4822532635374744,-0.9232508707155951,0.15575
source_heterogeneity_les_rice_paddy_l100_cv1p0_s6_wind3_n3_point,point,3,1.0,100.0,6,0.0011121718444199,-0.1232727869824295,0.1243849588268494,0.14964299621754684,0.16789318840168027,0.1623749508233136,0.007432167709359784,-0.8237791951400046,0.006624282110594366,-0.7342334025338921,0.0068494052732930265,-0.7591859850141992,0.2195
source_heterogeneity_les_rice_paddy_l100_cv1p0_s7_wind3_n3_point,point,3,1.0,100.0,7,0.1182483471837304,-0.0181092444643752,0.1363575916481056,0.14964299621754684,0.16789318840168027,0.1623749508233136,0.7902030176662878,-0.12101631831835606,0.7043069960695736,-0.10786169848087752,0.7282425434721206,-0.11152732839981312,0.50925
source_heterogeneity_les_rice_paddy_l250_cv1p0_s0_wind3_n3_point,point,3,1.0,250.0,0,0.0502753274047188,-0.1297574318363668,0.1800327592410856,0.18257936171291975,0.20964214990302982,0.1958169592979197,0.2753615027079,-0.7106905765197713,0.2398149772265439,-0.618947248424929,0.25674654322575274,-0.6626465465585712,0.26075
source_heterogeneity_les_rice_paddy_l250_cv1p0_s1_wind3_n3_point,point,3,1.0,250.0,1,0.1813868470114299,0.0736629639984678,0.107723883012962,0.18257936171291975,0.20964214990302982,0.1958169592979197,0.9934685131424388,0.4034572325556292,0.8652212691738306,0.35137477855736876,0.9263081587099126,0.3761827589529442,0.70725
source_heterogeneity_les_rice_paddy_l250_cv1p0_s2_wind3_n3_point,point,3,1.0,250.0,2,-0.050333657131467,-0.2735025669613034,0.2231689098298363,0.18257936171291975,0.20964214990302982,0.1958169592979197,-0.2756809787220615,-1.4979927873301886,-0.2400932119554626,-1.304616304916794,-0.25704442205584654,-1.3967256357259195,0.03225
source_heterogeneity_les_rice_paddy_l250_cv1p0_s3_wind3_n3_point,point,3,1.0,250.0,3,-0.102685550856185,-0.1330615863941795,0.0303760355379945,0.18257936171291975,0.20964214990302982,0.1958169592979197,-0.5624159811536833,-0.728787663325278,-0.4898134793202717,-0.6347081751247412,-0.5243955948675376,-0.6795202359961939,0.2505
source_heterogeneity_les_rice_paddy_l250_cv1p0_s4_wind3_n3_point,point,3,1.0,250.0,4,0.0525307329229194,-0.1735351191663097,0.2260658520892291,0.18257936171291975,0.20964214990302982,0.1958169592979197,0.28771451729312403,-0.9504640477337694,0.25057333626476136,-0.8277682672429115,0.2682644706120583,-0.8862108766702379,0.17225
source_heterogeneity_les_rice_paddy_l250_cv1p0_s5_wind3_n3_point,point,3,1.0,250.0,5,-0.0990136255311015,-0.1243959387445565,0.0253823132134549,0.18257936171291975,0.20964214990302982,0.1958169592979197,-0.542304588000403,-0.681325301926247,-0.47229827387717765,-0.5933727487630516,-0.5056437700090126,-0.6352664201842605,0.273
source_heterogeneity_les_rice_paddy_l250_cv1p0_s6_wind3_n3_point,point,3,1.0,250.0,6,0.0121160071519215,-0.0959333446338649,0.1080493517857864,0.18257936171291975,0.20964214990302982,0.1958169592979197,0.06636022296414974,-0.525433672972888,0.05779375549013293,-0.4576052319547331,0.06187414611769133,-0.48991336081319725,0.344
source_heterogeneity_les_rice_paddy_l250_cv1p0_s7_wind3_n3_point,point,3,1.0,250.0,7,0.1382382000728974,-0.0060385032669559,0.1442767033398533,0.18257936171291975,0.20964214990302982,0.1958169592979197,0.7571403403756961,-0.03307330691872279,0.6594007938615378,-0.028803860625112913,0.7059562183405121,-0.03083748868640537,0.545
source_heterogeneity_les_rice_paddy_l500_cv1p0_s0_wind3_n3_point,point,3,1.0,500.0,0,-0.0240466079213653,0.0063517003471836,-0.0303983082685489,0.18537705355138773,0.22052171627683456,0.1810826469320795,-0.12971728410118152,0.0342636816450579,-0.10904417182740454,0.028803060553047377,-0.13279355216397243,0.03507625084343944,0.56725
source_heterogeneity_les_rice_paddy_l500_cv1p0_s1_wind3_n3_point,point,3,1.0,500.0,1,0.3066135595111242,0.2727628534263344,0.0338507060847897,0.18537705355138773,0.22052171627683456,0.1810826469320795,1.6539995303470982,1.4713949121578995,1.3904007491317236,1.2368979256624244,1.6932244182742082,1.5062892996513482,0.92275
source_heterogeneity_les_rice_paddy_l500_cv1p0_s2_wind3_n3_point,point,3,1.0,500.0,2,0.2587172239999514,0.1692136001038885,0.0895036238960629,0.18537705355138773,0.22052171627683456,0.1810826469320795,1.3956270155531052,0.9128076903918498,1.173205198871061,0.7673330452927556,1.428724554136825,0.934455084298371,0.845
source_heterogeneity_les_rice_paddy_l500_cv1p0_s3_wind3_n3_point,point,3,1.0,500.0,3,0.053378107299307,-0.146207329135857,0.199585436435164,0.18537705355138773,0.22052171627683456,0.1810826469320795,0.28794344432985736,-0.7887024113010156,0.24205374509374014,-0.6630064902647224,0.2947720734352202,-0.8074066268243607,0.214
source_heterogeneity_les_rice_paddy_l500_cv1p0_s4_wind3_n3_point,point,3,1.0,500.0,4,-0.0952992635557231,-0.1028573321503962,0.0075580685946731,0.18537705355138773,0.22052171627683456,0.1810826469320795,-0.5140833869673386,-0.5548547146472121,-0.4321536452949062,-0.466427224887335,-0.5262749643342024,-0.5680131911754964,0.30925
source_heterogeneity_les_rice_paddy_l500_cv1p0_s5_wind3_n3_point,point,3,1.0,500.0,5,-0.0353943374219635,-0.1564129699324285,0.121018632510465,0.18537705355138773,0.22052171627683456,0.1810826469320795,-0.19093159991429012,-0.8437558313498051,-0.1605027297063605,-0.7092860176005235,-0.19545957617484577,-0.8637656483511416,0.19125
source_heterogeneity_les_rice_paddy_l500_cv1p0_s6_wind3_n3_point,point,3,1.0,500.0,6,0.1185631673012608,-0.0336318040866062,0.152194971387867,0.18537705355138773,0.22052171627683456,0.1810826469320795,0.6395784431237296,-0.18142377086214312,0.5376484878814435,-0.15251016840620865,0.6547461576797664,-0.18572626729507008,0.47925
source_heterogeneity_les_rice_paddy_l500_cv1p0_s7_wind3_n3_point,point,3,1.0,500.0,7,0.4910417590069012,0.258142842152811,0.2328989168540902,0.18537705355138773,0.22052171627683456,0.1810826469320795,2.6488810216782372,1.392528563850823,2.2267274502365386,1.1706005490577098,2.711699698044955,1.4255526221109152,0.9155
source_heterogeneity_les_rice_paddy_l100_cv2p0_s0_wind3_n3_point,point,3,2.0,100.0,0,-0.0248334021250881,-0.3161722542097839,0.2913388520846958,0.22802411481006238,0.30379669181032753,0.27444203381818505,-0.1089069116473651,-1.3865737598549452,-0.08174349094160838,-1.0407363303586694,-0.09048687542353649,-1.152054770222424,0.0515
source_heterogeneity_les_rice_paddy_l100_cv2p0_s1_wind3_n3_point,point,3,2.0,100.0,1,0.1760191569047873,0.0738435927393069,0.1021755641654803,0.22802411481006238,0.30379669181032753,0.27444203381818505,0.7719322013437319,0.3238411551375455,0.5793978724912618,0.24306911408176368,0.6413709826294253,0.2690680859340501,0.696
source_heterogeneity_les_rice_paddy_l100_cv2p0_s2_wind3_n3_point,point,3,2.0,100.0,2,-0.083792007221213,-0.3997716331162028,0.3159796258949898,0.22802411481006238,0.30379669181032753,0.27444203381818505,-0.36746993751520257,-1.7531989256890712,-0.2758160621233088,-1.3159183226583528,-0.30531768787548164,-1.4566705673849045,0.0125
source_heterogeneity_les_rice_paddy_l100_cv2p0_s3_wind3_n3_point,point,3,2.0,100.0,3,-0.0741418065819942,-0.1017114714705304,0.0275696648885362,0.22802411481006238,0.30379669181032753,0.27444203381818505,-0.32514897226441253,-0.44605576719485646,-0.24405073715642664,-0.3348011160504439,-0.27015470462193253,-0.37061185582786194,0.40075
source_heterogeneity_les_rice_paddy_l100_cv2p0_s4_wind3_n3_point,point,3,2.0,100.0,4,0.1248627203942967,-0.3313399243196996,0.4562026447139963,0.22802411481006238,0.30379669181032753,0.27444203381818505,0.5475855941741241,-1.4530915933856223,0.41100750521751406,-1.0906633720902017,0.4549693742505091,-1.2073220698371911,0.04075
source_heterogeneity_les_rice_paddy_l100_cv2p0_s5_wind3_n3_point,point,3,2.0,100.0,5,-0.2942420686001092,-0.3790397842511355,0.0847977156510262,0.22802411481006238,0.30379669181032753,0.27444203381818505,-1.2903989073489202,-1.6622793802614468,-0.9685492848744263,-1.2476758123744982,-1.0721465094339064,-1.381128754140648,0.018
source_heterogeneity_les_rice_paddy_l100_cv2p0_s6_wind3_n3_point,point,3,2.0,100.0,6,-0.0242568443824006,-0.1699145657329726,0.145657721350572,0.22802411481006238,0.30379669181032753,0.27444203381818505,-0.10637841704859095,-0.7451605102140474,-0.07984565018747841,-0.5593035418537641,-0.08838603928460355,-0.6191273376349455,0.26325
source_heterogeneity_les_rice_paddy_l100_cv2p0_s7_wind3_n3_point,point,3,2.0,100.0,7,0.1440492970229737,-0.0711951317451976,0.2152444287681713,0.22802411481006238,0.30379669181032753,0.27444203381818505,0.6317283465521297,-0.31222632660804817,0.47416348138810366,-0.23435124102551974,0.524880591427204,-0.25941773843712157,0.463
source_heterogeneity_les_rice_paddy_l250_cv2p0_s0_wind3_n3_point,point,3,2.0,250.0,0,-0.0356198031865292,-0.2850588846784803,0.2494390814919511,0.2782121341425866,0.392182873035741,0.30875235161272085,-0.12803109144144548,-1.024609819974224,-0.09082447407968028,-0.7268519465726436,-0.11536690490120832,-0.9232606106140363,0.11525
source_heterogeneity_les_rice_paddy_l250_cv2p0_s1_wind3_n3_point,point,3,2.0,250.0,1,0.2157291083722722,0.1074098409428542,0.1083192674294179,0.2782121341425866,0.392182873035741,0.30875235161272085,0.7754122911896746,0.38607173362109914,0.5500727420919578,0.27387692917703105,0.698712438125391,0.34788347483611143,0.73125
source_heterogeneity_les_rice_paddy_l250_cv2p0_s2_wind3_n3_point,point,3,2.0,250.0,2,-0.1120162888367175,-0.4015602878759381,0.2895439990392207,0.2782121341425866,0.392182873035741,0.30875235161272085,-0.40262905563747986,-1.443360078860307,-0.28562259226070047,-1.0239108219275617,-0.36280303049229423,-1.3005902166524372,0.025
source_heterogeneity_les_rice_paddy_l250_cv2p0_s3_wind3_n3_point,point,3,2.0,250.0,3,-0.1893769505088141,-0.1999548915534275,0.0105779410446134,0.2782121341425866,0.392182873035741,0.30875235161272085,-0.6806926343901177,-0.7187137691519542,-0.48287919623546516,-0.5098511569504589,-0.6133619696162068,-0.6476222464670911,0.24425
source_heterogeneity_les_rice_paddy_l250_cv2p0_s4_wind3_n3_point,point,3,2.0,250.0,4,0.0446167364298017,-0.3028981991072097,0.3475149355370114,0.2782121341425866,0.392182873035741,0.30875235161272085,0.160369484125143,-1.088731086588665,0.11376513228239729,-0.7723391813685998,0.14450654771292584,-0.9810393265834807,0.09675
source_heterogeneity_les_rice_paddy_l250_cv2p0_s5_wind3_n3_point,point,3,2.0,250.0,5,-0.3095287829979464,-0.3278764328258384,0.018347649827892,0.2782121341425866,0.392182873035741,0.30875235161272085,-1.1125639215984364,-1.1785123385660754,-0.7892460489210041,-0.8360294530147875,-1.0025147383693436,-1.06193987224138,0.06975
source_heterogeneity_les_rice_paddy_l250_cv2p0_s6_wind3_n3_point,point,3,2.0,250.0,6,-0.0157331548585235,-0.1297014488523271,0.1139682939938036,0.2782121341425866,0.392182873035741,0.30875235161272085,-0.056550929768074375,-0.46619623278492145,-0.0401168840871072,-0.33071675937390294,-0.05095719846778094,-0.42008246471598143,0.381
source_heterogeneity_les_rice_paddy_l250_cv2p0_s7_wind3_n3_point,point,3,2.0,250.0,7,0.1535949839236661,-0.0611007025526336,0.2146956864762997,0.2782121341425866,0.392182873035741,0.30875235161272085,0.5520786661481382,-0.2196191145326496,0.3916412329144941,-0.155796458115766,0.4974698431328089,-0.19789550503334918,0.49975
source_heterogeneity_les_rice_paddy_l500_cv2p0_s0_wind3_n3_point,point,3,2.0,500.0,0,-0.1263364904304037,0.0222942329748845,-0.1486307234052882,0.2824752217651478,0.4301239427559969,0.29628632699375834,-0.4472480440618643,0.07892456136708553,-0.29372112982343923,0.051832113395118985,-0.42640000202596307,0.07524556803241939,0.616
source_heterogeneity_les_rice_paddy_l500_cv2p0_s1_wind3_n3_point,point,3,2.0,500.0,1,0.4182946990755539,0.4143958157797516,0.0038988832958022,0.2824752217651478,0.4301239427559969,0.29628632699375834,1.4808190837472022,1.4670165163169027,0.9724980581070476,0.9634335004104442,1.4117921110965266,1.3986329372144175,0.916
source_heterogeneity_les_rice_paddy_l500_cv2p0_s2_wind3_n3_point,point,3,2.0,500.0,2,0.3342706353277771,0.2842093198850055,0.0500613154427716,0.2824752217651478,0.4301239427559969,0.29628632699375834,1.1833626795262506,1.0061389388740773,0.7771495657413426,0.6607614495113873,1.1282013541408509,0.959238729538109,0.861
source_heterogeneity_les_rice_paddy_l500_cv2p0_s3_wind3_n3_point,point,3,2.0,500.0,3,0.0233875629477392,-0.2097454894569728,0.233133052404712,0.2824752217651478,0.4301239427559969,0.29628632699375834,0.08279509544799583,-0.742527037048782,0.05437400856572783,-0.4876396512899036,0.07893568084980138,-0.7079148457005624,0.23775
source_heterogeneity_les_rice_paddy_l500_cv2p0_s4_wind3_n3_point,point,3,2.0,500.0,4,-0.2074971599240778,-0.1782803007537869,-0.0292168591702909,0.2824752217651478,0.4301239427559969,0.29628632699375834,-0.73456765031445,-0.6311360679345199,-0.4824124846307101,-0.41448587960824756,-0.7003264782058235,-0.6017162606276549,0.2835
source_heterogeneity_les_rice_paddy_l500_cv2p0_s5_wind3_n3_point,point,3,2.0,500.0,5,-0.1005500230086638,-0.2416532613303946,0.1411032383217308,0.2824752217651478,0.4301239427559969,0.29628632699375834,-0.35596050648386396,-0.8554848096775975,-0.23376988122166537,-0.561822389569885,-0.33936774615583937,-0.8156071992329411,0.188
source_heterogeneity_les_rice_paddy_l500_cv2p0_s6_wind3_n3_point,point,3,2.0,500.0,6,0.1054874095512558,-0.0655927390624533,0.1710801486137091,0.2824752217651478,0.4301239427559969,0.29628632699375834,0.37343951406456066,-0.23220705395883412,0.2452488668158082,-0.1524972979699089,0.3560319864287157,-0.22138294307396472,0.47825
source_heterogeneity_les_rice_paddy_l500_cv2p0_s7_wind3_n3_point,point,3,2.0,500.0,7,0.7074851517163162,0.3663911342320209,0.3410940174842952,0.2824752217651478,0.4301239427559969,0.29628632699375834,2.5045918976373978,1.2970735342466304,1.64484019927638,0.8518268754917214,2.387842729344781,1.2366116855596223,0.8975
source_heterogeneity_les_rice_paddy_l100_cv0p5_s0_wind3_n4_point,point,4,0.5,100.0,0,-0.0203156130972749,0.0597924299671349,-0.0801080430644098,0.09110440029527267,0.0942850767205037,0.09287253082331157,-0.2229926659023193,0.656306718153519,-0.21547008077957014,0.6341664242834746,-0.21874727561721144,0.643811786295444,0.76425
source_heterogeneity_les_rice_paddy_l100_cv0p5_s1_wind3_n4_point,point,4,0.5,100.0,1,0.0101386774975107,-0.0056240375236399,0.0157627150211506,0.09110440029527267,0.0942850767205037,0.09287253082331157,0.11128636448569858,-0.06173178798622449,0.10753215514227707,-0.05964928617825337,0.10916766677543614,-0.06055652272833543,0.52725
source_heterogeneity_les_rice_paddy_l100_cv0p5_s2_wind3_n4_point,point,4,0.5,100.0,2,-0.083248937083989,-0.1482870557505011,0.0650381186665121,0.09110440029527267,0.0942850767205037,0.09287253082331157,-0.9137751504227697,-1.6276607416315498,-0.8829492426544877,-1.5727521354209586,-0.8963784699952746,-1.59667292832382,0.0265
source_heterogeneity_les_rice_paddy_l100_cv0p5_s3_wind3_n4_point,point,4,0.5,100.0,3,-0.0828245323780138,-0.0233663898384119,-0.0594581425396018,0.09110440029527267,0.0942850767205037,0.09287253082331157,-0.9091167068722968,-0.2564792673315513,-0.8784479501834288,-0.24782702259105793,-0.891808715061142,-0.25159635073223174,0.4385
source_heterogeneity_les_rice_paddy_l100_cv0p5_s4_wind3_n4_point,point,4,0.5,100.0,4,-0.0287234570859394,0.0357563390577031,-0.0644797961436425,0.09110440029527267,0.0942850767205037,0.09287253082331157,-0.31528067791287395,0.39247653177909636,-0.3046447866939377,0.3792364635147754,-0.30927828531544266,0.38500446516019826,0.68775
source_heterogeneity_les_rice_paddy_l100_cv0p5_s5_wind3_n4_point,point,4,0.5,100.0,5,-0.0616734451858271,-0.0879820054152442,0.0263085602294171,0.09110440029527267,0.0942850767205037,0.09287253082331157,-0.676953527886043,-0.9657272879256252,-0.6541167205988526,-0.9331487916805312,-0.66406551688744,-0.9473415296782263,0.16875
source_heterogeneity_les_rice_paddy_l100_cv0p5_s6_wind3_n4_point,point,4,0.5,100.0,6,-0.0722988898422889,-0.0467441767653778,-0.025554713076911,0.09110440029527267,0.0942850767205037,0.09287253082331157,-0.7935828522877663,-0.5130836338736463,-0.766811592640582,-0.4957749242114429,-0.7784744229683621,-0.5033154190048704,0.32875
source_heterogeneity_les_rice_paddy_l100_cv0p5_s7_wind3_n4_point,point,4,0.5,100.0,7,-0.0077857854319478,-0.0955032271164346,0.0877174416844868,0.09110440029527267,0.0942850767205037,0.09287253082331157,-0.08546003713008139,-1.0482833628991044,-0.08257707054773669,-1.0129198642913761,-0.0838330275155323,-1.0283258813968135,0.144
source_heterogeneity_les_rice_paddy_l250_cv0p5_s0_wind3_n4_point,point,4,0.5,250.0,0,-0.0174259588417204,0.0750926350714943,-0.0925185939132147,0.11958527198361167,0.12428660707986315,0.12411579481078894,-0.14571994153350679,0.6279421690137998,-0.14020785707443892,0.6041892753838057,-0.1404008157727692,0.6050207806828367,0.74825
source_heterogeneity_les_rice_paddy_l250_cv0p5_s1_wind3_n4_point,point,4,0.5,250.0,1,0.016113343488455,-0.0002355551443921,0.0163488986328471,0.11958527198361167,0.12428660707986315,0.12411579481078894,0.13474354509695158,-0.0019697671835740877,0.12964665998244695,-0.0018952576623218844,0.1298250840114213,-0.001897865978711229,0.53525
source_heterogeneity_les_rice_paddy_l250_cv0p5_s2_wind3_n4_point,point,4,0.5,250.0,2,-0.1022663324499527,-0.1789552362595019,0.0766889038095492,0.11958527198361167,0.12428660707986315,0.12411579481078894,-0.855174978938607,-1.496465520302755,-0.8228266492482104,-1.4398593739429237,-0.8239590505451371,-1.4418409561193575,0.0405
source_heterogeneity_les_rice_paddy_l250_cv0p5_s3_wind3_n4_point,point,4,0.5,250.0,3,-0.1183144159666655,-0.0485955632747396,-0.0697188526919259,0.11958527198361167,0.12428660707986315,0.12411579481078894,-0.9893728048959045,-0.40636746037922866,-0.9519482327700838,-0.3909959762882048,-0.9532583354683627,-0.3915340779054123,0.36725
source_heterogeneity_les_rice_paddy_l250_cv0p5_s4_wind3_n4_point,point,4,0.5,250.0,4,-0.0486976427984612,0.0003960921971857,-0.0490937349956469,0.11958527198361167,0.12428660707986315,0.12411579481078894,-0.40722107321991013,0.003312215548081721,-0.39181729988951614,0.0031869258200216384,-0.39235653183947616,0.00319131177292569,0.53725
source_heterogeneity_les_rice_paddy_l250_cv0p5_s5_wind3_n4_point,point,4,0.5,250.0,5,-0.0589302283228587,-0.0620400264970831,0.0031097981742244,0.11958527198361167,0.12428660707986315,0.12411579481078894,-0.4927883454656078,-0.5187932047818168,-0.4741478563735492,-0.4991690412565361,-0.47480039436315247,-0.49985601422978754,0.32225
source_heterogeneity_les_rice_paddy_l250_cv0p5_s6_wind3_n4_point,point,4,0.5,250.0,6,-0.0677704083740801,-0.0386989267999126,-0.0290714815741674,0.11958527198361167,0.12428660707986315,0.12411579481078894,-0.5667119976393712,-0.32360947262147816,-0.5452752309066793,-0.31136843871718,-0.5460256567457366,-0.3117969542789299,0.4035
source_heterogeneity_les_rice_paddy_l250_cv0p5_s7_wind3_n4_point,point,4,0.5,250.0,7,0.0057474160398746,-0.0755457919938287,0.0812932080337033,0.11958527198361167,0.12428660707986315,0.12411579481078894,0.04806123650964513,-0.6317315731337027,0.04624324514854178,-0.6078353393723674,0.04630688663466544,-0.6086718625054623,0.27775
source_heterogeneity_les_rice_paddy_l500_cv0p5_s0_wind3_n4_point,point,4,0.5,500.0,0,-0.0451319726155637,0.0399982934273318,-0.0851302660428955,0.12532816989172554,0.1319258470406783,0.12793703764779277,-0.3601103618967264,0.3191484680729594,-0.34210106380175526,0.3031876946372657,-0.3527670598393157,0.3126404531692068,0.64425
source_heterogeneity_les_rice_paddy_l500_cv0p5_s1_wind3_n4_point,point,4,0.5,500.0,1,0.0873921963532282,0.1316973984368626,-0.0443052020836343,0.12532816989172554,0.1319258470406783,0.12793703764779277,0.6973068898135888,1.0508204065425961,0.6624342258441707,0.9982683559822415,0.6830875402462935,1.0293922765307573,0.8495
source_heterogeneity_les_rice_paddy_l500_cv0p5_s2_wind3_n4_point,point,4,0.5,500.0,2,0.0841844000191484,0.1528990136835304,-0.068714613664382,0.12532816989172554,0.1319258470406783,0.12793703764779277,0.6717117156651822,1.2199891996797214,0.6381190790701597,1.1589769337344877,0.6580142980245157,1.1951114117903627,0.87775
source_heterogeneity_les_rice_paddy_l500_cv0p5_s3_wind3_n4_point,point,4,0.5,500.0,3,-0.0543195574031373,0.0335250381010997,-0.087844595504237,0.12532816989172554,0.1319258470406783,0.12793703764779277,-0.4334185797978656,0.2674980264218563,-0.4117431013074207,0.25412031723216844,-0.4245803904939364,0.26204325750759705,0.62425
source_heterogeneity_les_rice_paddy_l500_cv0p5_s4_wind3_n4_point,point,4,0.5,500.0,4,-0.1056599566798784,-0.1056428134816751,-1.7143198203270482e-05,0.12532816989172554,0.1319258470406783,0.12793703764779277,-0.8430663016236569,-0.8429295151516442,-0.8009041370588963,-0.800774191346302,-0.8258746538336883,-0.8257406566854153,0.196
source_heterogeneity_les_rice_paddy_l500_cv0p5_s5_wind3_n4_point,point,4,0.5,500.0,5,-0.0597605949482155,-0.0782408416633607,0.0184802467151452,0.12532816989172554,0.1319258470406783,0.12793703764779277,-0.4768329019712354,-0.6242877537504546,-0.45298625166142603,-0.5930668130501807,-0.46710941606085027,-0.6115573965277799,0.2765
source_heterogeneity_les_rice_paddy_l500_cv0p5_s6_wind3_n4_point,point,4,0.5,500.0,6,0.03319999512422,0.0926093119709422,-0.0594093168467222,0.12532816989172554,0.1319258470406783,0.12793703764779277,0.26490449156723817,0.7389345272571197,0.25165648634405235,0.7019800444592699,0.25950260952280835,0.7238663148188029,0.77925
source_heterogeneity_les_rice_paddy_l500_cv0p5_s7_wind3_n4_point,point,4,0.5,500.0,7,0.1744384621212524,0.2577223025252825,-0.0832838404040301,0.12532816989172554,0.1319258470406783,0.12793703764779277,1.3918535814570228,2.0563796850136398,1.3222462923998939,1.953539115392724,1.363471167758916,2.0144463813112905,0.95975
source_heterogeneity_les_rice_paddy_l100_cv1p0_s0_wind3_n4_point,point,4,1.0,100.0,0,-0.0449472832906162,0.0674524976799581,-0.1123997809705743,0.16056833866160625,0.17951362310748942,0.17640057817204613,-0.2799261900899497,0.42008591632820313,-0.2503836896194926,0.37575141380534,-0.2548023581123325,0.38238252039157533,0.71775
source_heterogeneity_les_rice_paddy_l100_cv1p0_s1_wind3_n4_point,point,4,1.0,100.0,1,0.0219426878584367,-0.0200983664938692,0.0420410543523059,0.16056833866160625,0.17951362310748942,0.17640057817204613,0.13665637971555752,-0.12517017153815113,0.1222341094708886,-0.11196011837962108,0.12439124681913268,-0.1139359445538039,0.51825
source_heterogeneity_les_rice_paddy_l100_cv1p0_s2_wind3_n4_point,point,4,1.0,100.0,2,-0.1377232733412298,-0.2531145058748961,0.1153912325336663,0.16056833866160625,0.17951362310748942,0.17640057817204613,-0.8577237236755507,-1.5763662250272674,-0.7672023490872538,-1.4100016561045945,-0.7807416209651321,-1.4348847860806313,0.0275
source_heterogeneity_les_rice_paddy_l100_cv1p0_s3_wind3_n4_point,point,4,1.0,100.0,3,-0.1230890746737125,-0.0170149459473784,-0.106074128726334,0.16056833866160625,0.17951362310748942,0.17640057817204613,-0.7665837219199212,-0.10596700500985425,-0.6856809669537395,-0.09478359164524337,-0.6977815829699938,-0.09645629353200572,0.5255
source_heterogeneity_les_rice_paddy_l100_cv1p0_s4_wind3_n4_point,point,4,1.0,100.0,4,-0.0189700419986644,0.0702824449291986,-0.089252486927863,0.16056833866160625,0.17951362310748942,0.17640057817204613,-0.11814310440517971,0.4377104821226126,-0.1056746650771206,0.391515940197557,-0.10753956815358413,0.3984252526692463,0.7225
source_heterogeneity_les_rice_paddy_l100_cv1p0_s5_wind3_n4_point,point,4,1.0,100.0,5,-0.137564250603248,-0.195364965613893,0.057800715010645,0.16056833866160625,0.17951362310748942,0.17640057817204613,-0.8567333494877918,-1.2167091423024545,-0.7663164957730093,-1.0883016131701162,-0.7798401344755205,-1.107507512947892,0.08825
source_heterogeneity_les_rice_paddy_l100_cv1p0_s6_wind3_n4_point,point,4,1.0,100.0,6,-0.106535307874286,-0.0994229654008698,-0.0071123424734161,0.16056833866160625,0.17951362310748942,0.17640057817204613,-0.6634888843111624,-0.6191940841488135,-0.5934664234953057,-0.5538463526043211,-0.603939675131793,-0.5636204055062738,0.3015
source_heterogeneity_les_rice_paddy_l100_cv1p0_s7_wind3_n4_point,point,4,1.0,100.0,7,0.0092992470116865,-0.1561845902471063,0.1654838372587928,0.16056833866160625,0.17951362310748942,0.17640057817204613,0.05791457449954957,-0.9726985503428631,0.05180245850265239,-0.8700431061635131,0.05271664700904101,-0.8853972694736698,0.1575
source_heterogeneity_les_rice_paddy_l250_cv1p0_s0_wind3_n4_point,point,4,1.0,250.0,0,-0.0486076492931508,0.0707625038380812,-0.119370153131232,0.2107648849953651,0.23868786518743315,0.23036161535332017,-0.23062498904511403,0.3357414297910078,-0.20364524713051887,0.29646460569964006,-0.21100585363841182,0.3071800991217581,0.69175
source_heterogeneity_les_rice_paddy_l250_cv1p0_s1_wind3_n4_point,point,4,1.0,250.0,1,0.0341403965530119,-0.0076884312192449,0.0418288277722568,0.2107648849953651,0.23868786518743315,0.23036161535332017,0.16198332352072153,-0.03647871048070448,0.14303364993525183,-0.03221123626543581,0.14820349519015402,-0.03337548752405069,0.54575
source_heterogeneity_les_rice_paddy_l250_cv1p0_s2_wind3_n4_point,point,4,1.0,250.0,2,-0.1596340717988398,-0.2938850113497546,0.1342509395509148,0.2107648849953651,0.23868786518743315,0.23036161535332017,-0.7574035485197179,-1.3943736944425889,-0.6687984396420186,-1.2312524187979856,-0.6929716635039171,-1.2757551248240926,0.037
source_heterogeneity_les_rice_paddy_l250_cv1p0_s3_wind3_n4_point,point,4,1.0,250.0,3,-0.1855483551065408,-0.0662536748468958,-0.1192946802596449,0.2107648849953651,0.23868786518743315,0.23036161535332017,-0.8803570628504893,-0.3143487343650854,-0.777368195743157,-0.2775745419435929,-0.8054655929632789,-0.2876072680132858,0.43275
source_heterogeneity_les_rice_paddy_l250_cv1p0_s4_wind3_n4_point,point,4,1.0,250.0,4,-0.0630018357009185,0.0018485612478155,-0.064850396948734,0.2107648849953651,0.23868786518743315,0.23036161535332017,-0.29891998234100503,0.008770726906695826,-0.26395072766453953,0.0077446804694653835,-0.27349103106560785,0.008024606204381076,0.5685
source_heterogeneity_les_rice_paddy_l250_cv1p0_s5_wind3_n4_point,point,4,1.0,250.0,5,-0.1486471059031443,-0.1612629664117936,0.0126158605086493,0.2107648849953651,0.23868786518743315,0.23036161535332017,-0.7052745333095367,-0.7651320399759187,-0.6227677548098937,-0.675622810925723,-0.6452772336882378,-0.7000426966291863,0.22925
source_heterogeneity_les_rice_paddy_l250_cv1p0_s6_wind3_n4_point,point,4,1.0,250.0,6,-0.1023861296055502,-0.079614228220261,-0.0227719013852891,0.2107648849953651,0.23868786518743315,0.23036161535332017,-0.485783623812865,-0.3777395282046712,-0.42895406318687374,-0.33354954244424095,-0.4444582898436188,-0.3456054434162203,0.40575
source_heterogeneity_les_rice_paddy_l250_cv1p0_s7_wind3_n4_point,point,4,1.0,250.0,7,0.0222848593473338,-0.1272801463868685,0.1495650057342023,0.2107648849953651,0.23868786518743315,0.23036161535332017,0.1057332645702526,-0.6038963577337254,0.09336402305091751,-0.5332493392025601,0.09673859645911105,-0.5525232413032479,0.302
source_heterogeneity_les_rice_paddy_l500_cv1p0_s0_wind3_n4_point,point,4,1.0,500.0,0,-0.0943924089844104,0.0439961366118766,-0.138388545596287,0.22088654293088092,0.25994040335232116,0.22868200570224503,-0.42733435786510254,0.19917979623432164,-0.36313096297104563,0.16925470624989603,-0.41276710292332247,0.19239002420313597,0.62225
source_heterogeneity_les_rice_paddy_l500_cv1p0_s1_wind3_n4_point,point,4,1.0,500.0,1,0.1718058000926833,0.2326374020732061,-0.0608316019805228,0.22088654293088092,0.25994040335232116,0.22868200570224503,0.7778011182258585,1.0531986194650265,0.6609430387773119,0.8949643805772326,0.7512869216145616,1.0172964915136837,0.85375
source_heterogeneity_les_rice_paddy_l500_cv1p0_s2_wind3_n4_point,point,4,1.0,500.0,2,0.1608406653619898,0.2545121667148513,-0.0936715013528615,0.22088654293088092,0.25994040335232116,0.22868200570224503,0.7281596390067072,1.1522302958695514,0.6187597745010329,0.9791173801091918,0.7033376538222779,1.1129523109318813,0.871
source_heterogeneity_les_rice_paddy_l500_cv1p0_s3_wind3_n4_point,point,4,1.0,500.0,3,-0.080076906409692,0.0854279217674432,-0.1655048281771352,0.22088654293088092,0.25994040335232116,0.22868200570224503,-0.36252505628986825,0.38675023219578847,-0.30805871413978075,0.3286442610141482,-0.3501670634897089,0.3735664356498362,0.6895
source_heterogeneity_les_rice_paddy_l500_cv1p0_s4_wind3_n4_point,point,4,1.0,500.0,4,-0.1832535442551768,-0.1810901145850998,-0.0021634296700769,0.22088654293088092,0.25994040335232116,0.22868200570224503,-0.8296274722019615,-0.819833169473642,-0.7049829187454033,-0.6966601276664625,-0.8013465847145914,-0.7918861566261047,0.1905
source_heterogeneity_les_rice_paddy_l500_cv1p0_s5_wind3_n4_point,point,4,1.0,500.0,5,-0.0995260960067396,-0.1468174969004804,0.0472914008937408,0.22088654293088092,0.25994040335232116,0.22868200570224503,-0.45057564252740817,-0.6646737956617939,-0.3828804399900954,-0.5648121454266005,-0.4352161233723276,-0.6420159577034839,0.24875
source_heterogeneity_les_rice_paddy_l500_cv1p0_s6_wind3_n4_point,point,4,1.0,500.0,6,0.0506413146195599,0.142277732361596,-0.0916364177420361,0.22088654293088092,0.25994040335232116,0.22868200570224503,0.22926391960150516,0.6441213234348869,0.19481894298256153,0.5473475093779626,0.22144862016601924,0.6221640916813037,0.76725
source_heterogeneity_les_rice_paddy_l500_cv1p0_s7_wind3_n4_point,point,4,1.0,500.0,7,0.3298319653037349,0.4950016913610685,-0.1651697260573336,0.22088654293088092,0.25994040335232116,0.22868200570224503,1.493218921022929,2.240977131485836,1.268875330845291,1.9042891561961113,1.4423170913289607,2.1645852276002184,0.9615
source_heterogeneity_les_rice_paddy_l100_cv2p0_s0_wind3_n4_point,point,4,2.0,100.0,0,-0.0995601516453063,0.0337503353539019,-0.1333104869992082,0.24467201416234313,0.32472914180609663,0.31217649412109116,-0.4069127071445401,0.13794113507198297,-0.3065944469645289,0.10393380515893155,-0.3189226399816239,0.1081129937374797,0.6475
source_heterogeneity_les_rice_paddy_l100_cv2p0_s1_wind3_n4_point,point,4,2.0,100.0,1,0.0293422755278105,-0.0448063128890842,0.0741485884168947,0.24467201416234313,0.32472914180609663,0.31217649412109116,0.11992493554388084,-0.18312806653626768,0.09035923097204335,-0.13798057248535797,0.09399258458078791,-0.14352878494337928,0.5195
source_heterogeneity_les_rice_paddy_l100_cv2p0_s2_wind3_n4_point,point,4,2.0,100.0,2,-0.2001110020152365,-0.3676762780082133,0.1675652759929768,0.24467201416234313,0.32472914180609663,0.31217649412109116,-0.8178745031397836,-1.5027312349840518,-0.616239740302481,-1.132255257299209,-0.6410188011709004,-1.1777833531104815,0.022
source_heterogeneity_les_rice_paddy_l100_cv2p0_s3_wind3_n4_point,point,4,2.0,100.0,3,-0.1674150660143242,-0.0126466293023714,-0.1547684367119527,0.24467201416234313,0.32472914180609663,0.31217649412109116,-0.684242808019891,-0.051688090874096426,-0.5155529469365939,-0.03894516282718783,-0.5362833818916072,-0.040511151673917695,0.575
source_heterogeneity_les_rice_paddy_l100_cv2p0_s4_wind3_n4_point,point,4,2.0,100.0,4,0.0205067804618387,0.1242653902038763,-0.1037586097420376,0.24467201416234313,0.32472914180609663,0.31217649412109116,0.08381334715392574,0.5078855897324839,0.06315041621390352,0.3826739710293019,0.06568970069182806,0.398061329228954,0.74825
source_heterogeneity_les_rice_paddy_l100_cv2p0_s5_wind3_n4_point,point,4,2.0,100.0,5,-0.320232389062524,-0.4242534270615718,0.1040210379990478,0.24467201416234313,0.32472914180609663,0.31217649412109116,-1.3088231204490985,-1.7339679346411643,-0.986152296900234,-1.3064839967917121,-1.0258055782326392,-1.3590178474392334,0.00525
source_heterogeneity_les_rice_paddy_l100_cv2p0_s6_wind3_n4_point,point,4,2.0,100.0,6,-0.1329070964105337,-0.1702032409278896,0.0372961445173559,0.24467201416234313,0.32472914180609663,0.31217649412109116,-0.5432051428748531,-0.6956383692290917,-0.409286015019544,-0.5241391024570315,-0.42574344613845244,-0.5452147875742013,0.27225
source_heterogeneity_les_rice_paddy_l100_cv2p0_s7_wind3_n4_point,point,4,2.0,100.0,7,0.0482974667229508,-0.2081924143693635,0.2564898810923143,0.24467201416234313,0.32472914180609663,0.31217649412109116,0.19739677579514586,-0.8509040769624967,0.1487315442473911,-0.6411263652268082,0.15471205434261984,-0.6669061197432984,0.19475
source_heterogeneity_les_rice_paddy_l250_cv2p0_s0_wind3_n4_point,point,4,2.0,250.0,0,-0.117509128791064,-0.0004164086768422,-0.1170927201142217,0.3211608798867218,0.4383482080914811,0.37449217164600773,-0.3658886749610077,-0.0012965734711807787,-0.26807256564977316,-0.0009499495359070741,-0.3137826039849522,-0.0011119289223375656,0.59825
source_heterogeneity_les_rice_paddy_l250_cv2p0_s1_wind3_n4_point,point,4,2.0,250.0,1,0.0526886699735567,-0.0211686472930796,0.0738573172666363,0.3211608798867218,0.4383482080914811,0.37449217164600773,0.16405693617523023,-0.06591290726487639,0.12019821000970268,-0.04829185314854032,0.14069364852668045,-0.05652627450137854,0.56875
source_heterogeneity_les_rice_paddy_l250_cv2p0_s2_wind3_n4_point,point,4,2.0,250.0,2,-0.213114746731645,-0.4015541306189708,0.1884393838873258,0.3211608798867218,0.4383482080914811,0.37449217164600773,-0.663576294867587,-1.2503208073181418,-0.4861768402328429,-0.9160619872664528,-0.5690766399600302,-1.0722630832415467,0.03025
source_heterogeneity_les_rice_paddy_l250_cv2p0_s3_wind3_n4_point,point,4,2.0,250.0,3,-0.2548776603026,-0.0827982239428277,-0.1720794363597723,0.3211608798867218,0.4383482080914811,0.37449217164600773,-0.7936136567831646,-0.2578091826502401,-0.5814502160561091,-0.18888687672141255,-0.6805954292244205,-0.22109467223014076,0.4725
source_heterogeneity_les_rice_paddy_l250_cv2p0_s4_wind3_n4_point,point,4,2.0,250.0,4,-0.0639513572846838,0.0058671760316983,-0.0698185333163821,0.3211608798867218,0.4383482080914811,0.37449217164600773,-0.19912561364024284,0.018268651006834145,-0.1458916817822088,0.013384738259210242,-0.17076820859458294,0.01566701916867919,0.6075
source_heterogeneity_les_rice_paddy_l250_cv2p0_s5_wind3_n4_point,point,4,2.0,250.0,5,-0.3272181571590687,-0.3631239321658523,0.0359057750067836,0.3211608798867218,0.4383482080914811,0.37449217164600773,-1.0188605700497626,-1.130660534663909,-0.7464799698480343,-0.8283915058004985,-0.8737650128194796,-0.9696435857919579,0.058
source_heterogeneity_les_rice_paddy_l250_cv2p0_s6_wind3_n4_point,point,4,2.0,250.0,6,-0.1321723926376648,-0.1296692452194013,-0.0025031474182634,0.3211608798867218,0.4383482080914811,0.37449217164600773,-0.41154574207258354,-0.4037516812917487,-0.30152374344845295,-0.295813334754958,-0.3529376650431081,-0.3462535535775428,0.39375
source_heterogeneity_les_rice_paddy_l250_cv2p0_s7_wind3_n4_point,point,4,2.0,250.0,7,0.0472625131888888,-0.1787808725241019,0.2260433857129907,0.3211608798867218,0.4383482080914811,0.37449217164600773,0.1471614886768245,-0.556670764469074,0.10781956516866917,-0.4078512680649335,0.12620427546230295,-0.47739548663542214,0.31125
source_heterogeneity_les_rice_paddy_l500_cv2p0_s0_wind3_n4_point,point,4,2.0,500.0,0,-0.1718245486918383,0.0253916123651816,-0.1972161610570199,0.3365841348969392,0.49920342512867244,0.3818021253082357,-0.5104950913519745,0.07543912422656646,-0.3441974554712832,0.050864259111677315,-0.4500356003862505,0.06650463861269106,0.61675
source_heterogeneity_les_rice_paddy_l500_cv2p0_s1_wind3_n4_point,point,4,2.0,500.0,1,0.2762613909733235,0.350835720028484,-0.0745743290551605,0.3365841348969392,0.49920342512867244,0.3818021253082357,0.8207795981171652,1.042341820822626,0.5534044380847659,0.7027910915035372,0.7235721664731245,0.9188940992542879,0.8575
source_heterogeneity_les_rice_paddy_l500_cv2p0_s2_wind3_n4_point,point,4,2.0,500.0,2,0.2514286000592211,0.3453620201892881,-0.093933420130067,0.3365841348969392,0.49920342512867244,0.3818021253082357,0.7470007465925498,1.0260793197963314,0.5036596052889941,0.6918262231479464,0.6585311694015277,0.9045576158343045,0.856
source_heterogeneity_les_rice_paddy_l500_cv2p0_s3_wind3_n4_point,point,4,2.0,500.0,3,-0.1051449133180177,0.1707133231195338,-0.2758582364375515,0.3365841348969392,0.49920342512867244,0.3818021253082357,-0.312388203770248,0.5071936119978013,-0.21062538441300963,0.3419714579793428,-0.2753911158381644,0.44712512530335935,0.75425
source_heterogeneity_les_rice_paddy_l500_cv2p0_s4_wind3_n4_point,point,4,2.0,500.0,4,-0.2754275012359548,-0.2579608884866176,-0.0174666127493371,0.3365841348969392,0.49920342512867244,0.3818021253082357,-0.8183020905613677,-0.7664083411584572,-0.5517339973477983,-0.5167450291834972,-0.7213880776949505,-0.6756402633389249,0.2035
source_heterogeneity_les_rice_paddy_l500_cv2p0_s5_wind3_n4_point,point,4,2.0,500.0,5,-0.1506347244242563,-0.231665206595309,0.0810304821710527,0.3365841348969392,0.49920342512867244,0.3818021253082357,-0.4475395861138258,-0.6882832034440483,-0.301750182073429,-0.46406974578669213,-0.3945361076831256,-0.6067677240096071,0.2405
source_heterogeneity_les_rice_paddy_l500_cv2p0_s6_wind3_n4_point,point,4,2.0,500.0,6,0.0549150952011103,0.1797431532776275,-0.1248280580765172,0.3365841348969392,0.49920342512867244,0.3818021253082357,0.16315414039917564,0.5340214663791689,0.11000544554948843,0.36005993594955343,0.14383129783988594,0.47077567505030943,0.7595
source_heterogeneity_les_rice_paddy_l500_cv2p0_s7_wind3_n4_point,point,4,2.0,500.0,7,0.5223813749002945,0.827188745154036,-0.3048073702537415,0.3365841348969392,0.49920342512867244,0.3818021253082357,1.5520083115630083,2.4575987380014745,1.0464298692775351,1.6570173671000423,1.3681992327270744,2.1665378224027214,0.96325
