geometry,n,CV,L_m,m_realizations,bias,bias_se,bias_p,MAE,RMSE,sigma_rep,sigma_rep_lo,sigma_rep_hi,sigma_rep_chi2_lo,sigma_rep_chi2_hi,bias_pure,sigma_rep_pure,RMSE_pure,sd_pred_loglinear,sampler
open_path,1,0.5,100.0,20,0.013356260909184906,0.01393432338927829,0.3498422489192844,0.04821373847271644,0.062189482257830324,0.06231618863778304,0.04135910349525513,0.07752464045483477,0.047390862870282456,0.09101725759540068,-0.007630459298312696,0.06786589358091291,0.06658614304089264,0.08250242573892148,circulant
open_path,1,0.5,150.0,20,0.014369015129849338,0.01727622690073792,0.41589717753517613,0.060140008037732326,0.0766639478398528,0.077261635489521,0.053581184254764457,0.0955881671377404,0.05875673163999684,0.11284615335617641,-0.005828718472842014,0.08536017445124035,0.08340273000486571,0.10085492001134981,circulant
open_path,1,0.5,200.0,20,0.015040621296101536,0.01930712285612523,0.44556330684557005,0.06777016308868858,0.08549125777306994,0.08634407831247182,0.05820313603227418,0.10636734201216315,0.06566384216390124,0.12611171173005295,-0.004535205790661839,0.09643377509085146,0.09410136779517571,0.11231552548037013,circulant
open_path,1,0.5,250.0,20,0.01546469210370835,0.020468787606656803,0.4591983141283706,0.07213331190261643,0.09055170212372939,0.09153920101097969,0.06218630258424775,0.11414745496434742,0.06961468307348158,0.13369956058965268,-0.0037035033186997046,0.10295151311040779,0.1004130434055654,0.11929653220825472,circulant
open_path,1,0.5,300.0,20,0.015787107184659012,0.021068487572908884,0.46283969676853326,0.07461450664122848,0.0931824820277203,0.09422114079226765,0.0642790123963747,0.11680943195187174,0.07165427251532223,0.13761672576398165,-0.003151935326015243,0.10644975368330825,0.10380225071054351,0.12336972248078078,circulant
open_path,1,0.5,400.0,20,0.002469354892545862,0.022904889042010417,0.9152774676811601,0.08003313919698014,0.09987062937668266,0.10243377783005066,0.0733426724843326,0.12582866216026112,0.07789990409467396,0.14961187047910968,-0.014167183545130645,0.11622230360403644,0.11416195404721663,0.1264600275841746,cholesky
open_path,1,0.5,500.0,20,0.005543074810586507,0.023900733395003586,0.8190791890683392,0.08374983354401935,0.10432824046209882,0.10688732916665471,0.07520664877156995,0.13162886267606397,0.08128678710681632,0.1561166012413544,-0.010037135584440606,0.12140476294846404,0.11875565137703784,0.12606260525836654,cholesky
open_path,1,0.75,100.0,20,0.01072371341633913,0.01957188279664143,0.5901305380106172,0.0670339061010133,0.08598320392576494,0.08752812076189787,0.05829148876313298,0.10895403466217383,0.06656429507316856,0.12784109054764575,-0.012086656154831692,0.09330416215455166,0.09174132437783888,0.11667604940866187,circulant
open_path,1,0.75,150.0,20,0.012314708930461592,0.024209857472728694,0.6168427469292737,0.08462381514414283,0.10624442966193054,0.10826977406920525,0.07318478776663691,0.13404507447034772,0.0823381231758963,0.15813576105451732,-0.009388582606715446,0.11745798975781871,0.11486821089149765,0.14263039571210456,circulant
open_path,1,0.75,200.0,20,0.013332398704646147,0.02704829497277244,0.6277238287070652,0.09507374098126874,0.1186522136875991,0.12096365246917,0.08060648028448804,0.14853556948045343,0.09199169576586097,0.17667607979785224,-0.0073827040293348994,0.13298519170883547,0.12982801112213302,0.15883813939940036,circulant
open_path,1,0.75,250.0,20,0.01394491535986602,0.028676983082420785,0.6323332173904028,0.10065045659267305,0.12577550826720335,0.12824736712380866,0.0848905421350459,0.1571704856623968,0.0975308907957534,0.18731446682800337,-0.006083325513109165,0.14223261393162812,0.13876461181378644,0.16871077379299257,circulant
open_path,1,0.75,300.0,20,0.01437876361790126,0.029518444159905212,0.631751876328592,0.10409930046258853,0.12946884262241198,0.13201049546315946,0.08738750085116255,0.1628131212651035,0.10039271375046022,0.19281078534353557,-0.005238542414741668,0.147268433864849,0.143635073568353,0.1744711347185251,circulant
open_path,1,0.75,400.0,20,-0.0029197524650978316,0.031809349067030916,0.9278264495672011,0.11026789492330666,0.1386844765204586,0.14225573366780128,0.09904720609234205,0.17477614110936904,0.10818411899271177,0.2077746896705204,-0.017737798842552947,0.1594638408559114,0.15643500318430123,0.17884148610761544,cholesky
open_path,1,0.75,500.0,20,0.0018418535934762973,0.03341354044233245,0.9566160142954832,0.1161542288284227,0.14565789177932012,0.1494298955959875,0.102613237265014,0.18418046075654695,0.11364000022646448,0.21825306709575554,-0.011402027614842164,0.16815250735678675,0.16429092694846278,0.1782794460644678,cholesky
open_path,1,1.0,100.0,20,0.008257110975381947,0.024396707641556655,0.7387341230641212,0.08364779869857294,0.10666286801349363,0.10910539342741851,0.07174116704670148,0.13567940225692107,0.08297360367113359,0.15935624298771575,-0.016755602686023083,0.11426790853850453,0.11262791570941769,0.14540765751726872,circulant
open_path,1,1.0,150.0,20,0.010415102781674871,0.03004778648848083,0.7326875918624582,0.10578118881735751,0.13138871469895022,0.13437778632328568,0.09033019201271424,0.16488049971419566,0.10219301571017111,0.1962683832282802,-0.013209760197600428,0.1435598090787925,0.14054695161432887,0.17775329072565033,circulant
open_path,1,1.0,200.0,20,0.011774019837935695,0.03353254806362781,0.7293601479373734,0.1183588186767269,0.14663843751313904,0.14996211385810146,0.10087279467961478,0.18467214351833822,0.11404474710248909,0.2190304099936239,-0.010506281375859183,0.16268806234778055,0.15891638460932933,0.19795220948536463,circulant
open_path,1,1.0,250.0,20,0.01256948998244603,0.03554241950114264,0.7274968943973035,0.1251310076936516,0.15543487438257766,0.15895053217873822,0.10419307425665028,0.19633001136897277,0.120880352895552,0.2321586388463203,-0.008743514847838436,0.1742299140795052,0.17004325586167346,0.21025599117811444,circulant
open_path,1,1.0,300.0,20,0.013101754562834309,0.03658553207708655,0.7242065709757808,0.12955599810539234,0.16000993082472037,0.1636154734347292,0.1061334353042932,0.20123631570643694,0.12442799591084629,0.23897211972898308,-0.007610453586726992,0.1806158417547315,0.17620697256898615,0.21743484744622452,circulant
open_path,1,1.0,400.0,20,-0.006707271299782676,0.03911492353412189,0.8656625880136584,0.13523111754496892,0.1706298775326664,0.1749272559140057,0.12107914246898674,0.2146141472831047,0.13303049782908505,0.2554937883721647,-0.019829041513996865,0.19437247521777837,0.19048573976425479,0.2228814027695811,cholesky
open_path,1,1.0,500.0,20,-0.00028617476430070865,0.041321744964494166,0.9945464748987844,0.14268081490649823,0.18011753781156073,0.18479646137903719,0.1262021341353431,0.23130417469239822,0.1405359337849094,0.26990846994542245,-0.011345128516784462,0.20663496394467012,0.20172213524860558,0.2221809597350492,cholesky
open_path,1,1.25,100.0,20,0.005902235162951167,0.02859470696784837,0.8386663966262424,0.09869637327524464,0.1247811061214156,0.1278794171535917,0.08877884930042483,0.15683243821621617,0.09725106837780943,0.18677704953799354,-0.021484916074060133,0.13213631327520717,0.13057031301323788,0.16942032706418056,circulant
open_path,1,1.25,150.0,20,0.00862380186404447,0.03499559911771456,0.8079957306220723,0.12418244157891367,0.15278585390388144,0.15650507708108286,0.10693985901002324,0.19036996800561995,0.11902060778402007,0.2285868764932817,-0.01710968713700505,0.16518168707971048,0.1619057801719896,0.20710752903709745,circulant
open_path,1,1.25,200.0,20,0.010332761008729074,0.03896970390173473,0.793750359247324,0.1382962447773547,0.17017897805443605,0.1742778139746353,0.12082814711008118,0.21411882474217556,0.13253660347251886,0.254545231896214,-0.013718292026798678,0.18708121470492414,0.18285951817400414,0.2306421040453442,circulant
open_path,1,1.25,250.0,20,0.01131864273658673,0.04127510973470967,0.7868714217827307,0.1454160199653711,0.18026971643077677,0.18458790229114827,0.12126209117487276,0.22542862482810877,0.14037732660191965,0.269603854457197,-0.01149689145268926,0.2004684510591172,0.19573042274928676,0.24497773639169698,circulant
open_path,1,1.25,300.0,20,0.011949038781411377,0.04247916106347803,0.781527179108222,0.15051301470993653,0.18554752193516608,0.18997258353019827,0.12615373929839593,0.23206873843373457,0.14447232496074547,0.2774685671444967,-0.010079722286270595,0.2079921357175247,0.20297608946791912,0.253342111402315,circulant
open_path,1,1.25,400.0,20,-0.009322888791276985,0.045092754995873396,0.8384053000348543,0.15517464471192752,0.19677573723570177,0.20166093092703233,0.14092293768536224,0.24862018306854658,0.15336120088162836,0.29454023582542044,-0.02094689491524005,0.22268828985553044,0.21805811868268474,0.25968811270659053,cholesky
open_path,1,1.25,500.0,20,-0.0013346208528365589,0.0478753794334905,0.9780509988951509,0.16422731162413245,0.20868820851915387,0.2141052057237603,0.1485517978987005,0.26940330921824,0.16282495232894134,0.3127159906255946,-0.010444368133014187,0.2384091030732145,0.23260705112370048,0.25887199827337276,cholesky
open_path,1,1.5,100.0,20,0.003661478275722936,0.03231374789776744,0.9109733046374858,0.11195831784845292,0.14089994387498003,0.14451147381439786,0.0970208491409403,0.1778600733136956,0.10989958770630273,0.21106935974709476,-0.02613778225272632,0.14789057021271773,0.14649649613912816,0.1896129077902909,circulant
open_path,1,1.5,150.0,20,0.006950244869759492,0.03923892886341816,0.8612837758005396,0.13980254286531663,0.17117968083966345,0.17548182460576314,0.1214356910465961,0.21508121002369845,0.13345224199216266,0.25630377567362533,-0.02093289751126711,0.1835178713326978,0.18009179559818272,0.2317919076564503,circulant
open_path,1,1.5,200.0,20,0.009019617337678601,0.04356594212809705,0.8381862299348881,0.1552380117207914,0.19011361985292763,0.19483281620449372,0.130535713288069,0.23974654251889344,0.14816848522375536,0.2845672851335125,-0.016863820184655497,0.20746125413286828,0.20291020624720635,0.258131481415105,circulant
open_path,1,1.5,250.0,20,0.010203100880748552,0.046091869644068,0.8271703529992819,0.1625074004428082,0.20116871468002206,0.2061291074683902,0.1368841156033104,0.2535755008041258,0.1567592062215011,0.301066327746901,-0.014193682388695858,0.22228748638537507,0.21712346923606177,0.27417572463731743,circulant
open_path,1,1.5,300.0,20,0.01093276144802448,0.04742085078700029,0.8201305172322961,0.16783758295152723,0.20699161811719674,0.21207249182121413,0.14195725777211343,0.26227834761092095,0.16127909293163417,0.30974706635519045,-0.012500569142935394,0.23074660272811287,0.22525110247440425,0.28353701849794677,circulant
open_path,1,1.5,400.0,20,-0.011112834419189394,0.050018063498555664,0.8265472668493838,0.1717717787200384,0.21830671527828388,0.22368758017134285,0.15396733011559957,0.275002630786167,0.1701122560511999,0.32671173495040723,-0.02144420809181871,0.24593611705836715,0.24066615684542092,0.2906393761724708,cholesky
open_path,1,1.5,500.0,20,-0.001675242314696114,0.05334264993430732,0.9752738672652221,0.1830795312421884,0.23252125531890636,0.23855558270617172,0.1626875244147408,0.2996069580703594,0.18141922916180947,0.3484275177385269,-0.009079129610034,0.26492300061749774,0.2583745673200936,0.2897259920853688,cholesky
open_path,1,1.75,100.0,20,0.001563100685243641,0.03564770130624338,0.9654826661320542,0.1237181368389045,0.15539258941055067,0.1594213667247365,0.10913437725977601,0.1968498517391442,0.12123841804510237,0.23284632642951042,-0.03060241794977118,0.16208555448716674,0.16091814257290618,0.2067841992355693,circulant
open_path,1,1.75,150.0,20,0.00541787822822234,0.0429174090332118,0.9008685483336825,0.15315753236803803,0.18715108700953897,0.19193248803285023,0.1291869579846328,0.23855440747758772,0.14596281350881615,0.2803311480705725,-0.024570184619549913,0.19936776134467873,0.19586685023925848,0.25278291743215586,circulant
open_path,1,1.75,200.0,20,0.00784946024677599,0.0474891499167704,0.8704620695721272,0.16958127506444062,0.20714917779874992,0.21237793481515418,0.1454618322130846,0.2613380535483222,0.16151137939454094,0.3101931877285906,-0.019843030777096708,0.22477019868794168,0.21997569406124562,0.28150779556077715,circulant
open_path,1,1.75,250.0,20,0.009230650766536562,0.0501761919354142,0.8559902727305421,0.17730011911259275,0.21890765043557692,0.2243947520393258,0.14993691850918023,0.28064778668181534,0.17065005346394124,0.32774461012264455,-0.016742756135153077,0.24070268576621315,0.23520462085451496,0.29900500092358534,circulant
open_path,1,1.75,300.0,20,0.010057166255930176,0.05160149869720832,0.8475396963540108,0.18229860389609215,0.22515045032435815,0.2307689176556493,0.1540806308564411,0.28189180011434894,0.17549754518702304,0.33705453562577303,-0.014787791068039586,0.24992650129182847,0.2440466594941377,0.30921405091568827,circulant
open_path,1,1.75,400.0,20,-0.01232790661158314,0.05412271444201629,0.8222528671448385,0.1859741844692147,0.236237324388617,0.24204413723831605,0.16551466855603425,0.2973313245227192,0.1840722413736012,0.3535228015392321,-0.021551346316857196,0.2653076571406923,0.25948642704133507,0.3169595960978516,cholesky
open_path,1,1.75,500.0,20,-0.001561368030449086,0.057954491492862935,0.9787875332798804,0.1988590988674825,0.25262259691060224,0.2591803651589496,0.17206270390921535,0.32735871694859203,0.1971041781022904,0.3785514899901837,-0.0074798173365619195,0.28734623363374107,0.2801703281072248,0.31596349620546027,cholesky
open_path,1,2.0,100.0,20,-0.00036423420628377555,0.03865270844479572,0.9925796853292946,0.13434261045571275,0.16848364371299165,0.17286016719408684,0.11293587597310296,0.21553548758420127,0.1314584967133591,0.2524746572185092,-0.034800928967061454,0.1749932563054284,0.1740764556789026,0.2215703589881211,circulant
open_path,1,2.0,150.0,20,0.004043288127144991,0.046132712950469064,0.9310762187461182,0.16466879006908944,0.20112847898325156,0.20631176428746745,0.14574407644471163,0.25387500117156286,0.1568981149778682,0.30133311111598904,-0.0279581361147876,0.2132454751753312,0.20971792585191223,0.27085822789439296,circulant
open_path,1,2.0,200.0,20,0.006827567734225234,0.05086923846124198,0.8946417289505509,0.18184192825936257,0.2218389611679444,0.22749415032596776,0.15123961040332032,0.27731491419418963,0.17300711608913494,0.33227150334915034,-0.02260431230543373,0.23966925794736776,0.23469179891847813,0.30163708615521245,circulant
open_path,1,2.0,250.0,20,0.00839895240058135,0.053673494351663416,0.8773036147695554,0.1899026890981234,0.23410804839618407,0.2400351639205408,0.15225578443394,0.29174618732451224,0.18254443646296808,0.35058855209356926,-0.019100401602470667,0.2564543295989574,0.25068946398467523,0.3203854338909586,circulant
open_path,1,2.0,300.0,20,0.009316033152143289,0.05517393427534394,0.8677004227400815,0.19451005890857126,0.2406779714030167,0.24674533525154932,0.16148193112284795,0.30446602867767747,0.18764745730450777,0.3603892380131406,-0.016902440612329657,0.2663094476518478,0.26011608622277477,0.3313244847470689,circulant
open_path,1,2.0,400.0,20,-0.013141883988961229,0.0575876895472782,0.8219237415506859,0.19838339130883925,0.2513626998487634,0.2575399769897363,0.17400520540079734,0.32008245644576055,0.1958566786566313,0.3761555855580052,-0.021414801015210982,0.2816930654506172,0.2753943130664439,0.3396238772195835,cholesky
open_path,1,2.0,500.0,20,-0.001158823134048996,0.06189342422262274,0.9852573950525803,0.21220388341036464,0.2697896702045602,0.27679580784403307,0.1874478181401523,0.3448975149261616,0.21050055305616483,0.4042801059337004,-0.005781269475599712,0.30657215139125127,0.2988654929646057,0.3385565509366224,cholesky
open_path,2,0.5,100.0,20,0.022963875816720214,0.014038657182366035,0.11834804388408166,0.05149333699823803,0.06536003065116862,0.06278278354517224,0.042046037689262745,0.07678795002012678,0.047745703815395175,0.091698752882691,-0.005238880677828262,0.0733809942183169,0.07171455687377386,0.08310680730500773,circulant
open_path,2,0.5,150.0,20,0.024035811400379532,0.017386126752475858,0.182863067443927,0.061188508854765324,0.07950465958221943,0.07775312256792737,0.05321694129265573,0.09695531977663326,0.05913050284206213,0.11356400544241585,-0.003064214045509045,0.09135136166363661,0.0890910047178008,0.10165766571000541,circulant
open_path,2,0.5,200.0,20,0.024651625268105215,0.01939607711707976,0.21908413870396162,0.06768876087252398,0.0880661738209483,0.08674189386123698,0.057871234440531806,0.10837387506706773,0.06596637706745222,0.12669274983698656,-0.0015747466533443323,0.10256715265848212,0.0999824964244601,0.11327785635183632,circulant
open_path,2,0.5,250.0,20,0.024989945770081897,0.020529796278196507,0.23841156670942792,0.07146550084001294,0.09291111644390249,0.09181204008453915,0.06058983446067284,0.11413258893458758,0.06982217456812141,0.13409806160171867,-0.0006095366199159869,0.10908423032590918,0.10632390312341448,0.12038660509887775,circulant
open_path,2,0.5,300.0,20,0.025225996614734875,0.021102328697024064,0.2466333787543049,0.0737625288800875,0.09537928578844716,0.09437248290018074,0.0635061688822719,0.11646842739523379,0.07176936673464777,0.13783777175415002,6.67255771097313e-05,0.1124925881385107,0.10964423249354344,0.12455893807502566,circulant
open_path,2,0.5,400.0,20,0.013002677411696075,0.02227564145240879,0.5662763410093974,0.07957487433255998,0.09796402125312034,0.0996196970599964,0.07041301765483275,0.1231171956275108,0.07575982270017928,0.14550170392461992,-0.008803221653299475,0.11699534110706956,0.11437224777103361,0.12778069252683472,cholesky
open_path,2,0.5,500.0,20,0.016018287262588304,0.0232453099913017,0.4990913947382904,0.08190406893046928,0.10258230754895946,0.1039561865972113,0.07234563431285866,0.12683863106987686,0.07905768133834322,0.15183545754300376,-0.004655062194083802,0.12249093771893203,0.11948011523316719,0.12745415753414632,cholesky
open_path,2,0.75,100.0,20,0.021020826598678852,0.01975792244849472,0.3007007142191415,0.06841940040369818,0.0886510554986551,0.08836011537800657,0.06151734271401617,0.10996793553475441,0.06719701898685342,0.12905627828533803,-0.008824277315473469,0.10134217605269233,0.09916951489687001,0.11753077401626934,circulant
open_path,2,0.75,150.0,20,0.022658872091201272,0.02441360953448648,0.364984398694315,0.08442472267480615,0.10880205312396653,0.10918098099049753,0.07323510104977018,0.1341629918063075,0.08303108728678597,0.15946664403839234,-0.005506573561303124,0.12603087359717743,0.12296306110808392,0.14376564956628,circulant
open_path,2,0.75,200.0,20,0.023557347903222496,0.027227365592436128,0.3977174877778093,0.09367867398664019,0.12099672700206723,0.12176448062585203,0.07980597714038036,0.1515169064549503,0.09260071788652655,0.17784574668890765,-0.003174346696113599,0.14164699287802984,0.13809689909178385,0.1601990807693182,circulant
open_path,2,0.75,250.0,20,0.02401504507240152,0.028818113771191756,0.41501127099830454,0.09921804749913146,0.12789023549547154,0.12887852275141518,0.08483626613612201,0.15835680158101575,0.09801087858787541,0.18823631483566247,-0.001656803317991617,0.1508136051076718,0.14700425608984471,0.1702523696588869,circulant
open_path,2,0.75,300.0,20,0.02430254104934778,0.02962099650664249,0.4221342542209008,0.10227333861848228,0.13138218581047906,0.13246912350027282,0.08807487747450703,0.16250093727303874,0.10074149596725529,0.19348064444607238,-0.0006135842437184314,0.15566521821448803,0.1517249275475197,0.17615293954049177,circulant
open_path,2,0.75,400.0,20,0.008354197286523857,0.030952202943015365,0.7901420178940883,0.10961718520355161,0.13517592642844634,0.13842245966790281,0.09855384004318667,0.16995310157193075,0.10526895093695453,0.20217591839279545,-0.01015699791702612,0.16097116447598706,0.1572237088031064,0.18070918838087605,cholesky
open_path,2,0.75,500.0,20,0.013024050474505064,0.03250158528674017,0.6930962639696641,0.11302223254061339,0.14226852697499937,0.14535150815531606,0.1003642532226632,0.1793273021292742,0.11053842575347825,0.212296290078806,-0.003755823532416378,0.17014385697462062,0.16587824352004935,0.18024739816562674,cholesky
open_path,2,1.0,100.0,20,0.019160949425120775,0.024679263714247203,0.44707173903264896,0.08490273805890965,0.1092675481327455,0.11036902259940139,0.07404478655936927,0.13566103886861866,0.08393458151842156,0.16120186391488675,-0.012799875179105347,0.12443795568987688,0.12196065504933405,0.14647285901872903,circulant
open_path,2,1.0,150.0,20,0.021330761388966966,0.030361697191181043,0.49085185122009134,0.1050917230074649,0.13405156415231972,0.1357816376634905,0.09090959358593448,0.1676591438487503,0.103260631169464,0.1983188086771113,-0.008417135748138339,0.15428566951860867,0.15061445017682618,0.17916810211547476,circulant
open_path,2,1.0,200.0,20,0.022494834143088154,0.033819778576283356,0.5139555399964296,0.11686601870125293,0.14912340057533865,0.1512466477611213,0.10251808878329394,0.18840324867269978,0.11502162279692674,0.22090656377800816,-0.005276962242172761,0.17343119914799127,0.1691221692343142,0.19964828419496483,circulant
open_path,2,1.0,250.0,20,0.023060830361642505,0.03578317389666701,0.5269818884686457,0.12359177931874388,0.1576707869113095,0.16002721856728697,0.10323362745176873,0.19647307721763363,0.12169916255174905,0.23373121644643022,-0.003225791303904797,0.18480045491097638,0.18015008592302967,0.21217720675606802,circulant
open_path,2,1.0,300.0,20,0.023384867624552913,0.03677740198478224,0.5324599231263357,0.1276386559315827,0.16200561926079263,0.16447354174761758,0.10652047823478196,0.20354712337331404,0.12508054862047674,0.2402253899686405,-0.0018319320480568945,0.1909009465843154,0.18607624461891137,0.21953079859303515,circulant
open_path,2,1.0,400.0,20,0.005055881175004014,0.038085903686094505,0.8957874006307623,0.1341352097431937,0.16608957543024377,0.17032533925323426,0.11849368871526562,0.20867545705289303,0.12953078441306173,0.24877235942565742,-0.010376132034702636,0.19667724421304153,0.1919778778601226,0.22520902882369348,cholesky
open_path,2,1.0,500.0,20,0.011350146895066714,0.04020539723841958,0.7807626109411129,0.13932627873756587,0.17561842502830619,0.179804002574977,0.12375797027338707,0.223861820744043,0.136739216820334,0.26261662622171844,-0.0017637226823819143,0.20961167693042188,0.2043118035454749,0.22463352224968697,cholesky
open_path,2,1.25,100.0,20,0.017334330747083758,0.02898692765366808,0.5568982191489682,0.10005820789326296,0.1275346091993466,0.12963348138494063,0.0902069039507297,0.15905574874425452,0.09858501737678792,0.18933898600223306,-0.016944318019644865,0.14401496634535838,0.14138742842994506,0.17066143630043407,circulant
open_path,2,1.25,150.0,20,0.020018929404603196,0.035431223128715,0.5786791564232828,0.12340142421117503,0.15573316091971381,0.15845324688353907,0.10558383191938939,0.19382468094826732,0.12050217220531155,0.23143231804909323,-0.011567905435082617,0.17764292838431311,0.17353090773940388,0.20875598285645505,circulant
open_path,2,1.25,200.0,20,0.0214541981478047,0.03937656670266953,0.5921973077525363,0.13694337951643795,0.17297412731004347,0.17609735973544763,0.12008813722631745,0.21724683233338268,0.1339203505456603,0.25720280882507746,-0.007661012853030372,0.1995051298736041,0.19460440159853465,0.23261826910385647,circulant
open_path,2,1.25,250.0,20,0.022137188158054828,0.04162754655074157,0.6010335144448206,0.14389271289207867,0.1827956648949698,0.1861640476479901,0.11940843070387736,0.22822343100679077,0.1415759700058655,0.2719059276598012,-0.0051011662551929595,0.2126403148988967,0.20731890951249474,0.24721622215740735,circulant
open_path,2,1.25,300.0,20,0.02250012020332546,0.04277312434465266,0.6049509579353726,0.14859372694408773,0.1877964817748814,0.19128722728938902,0.12516052954294282,0.23512342704965392,0.14547209891157575,0.27938869853077186,-0.003376109949681094,0.21978615997087714,0.2142476520930839,0.25578418862758795,circulant
open_path,2,1.25,400.0,20,0.0027622110182655866,0.04393481607911635,0.9505262002208635,0.15455132662115575,0.1915273427579448,0.19648247066370989,0.13532009576527246,0.24056319725996958,0.1494230315939527,0.2869767236460412,-0.009928396760560874,0.22578518473402656,0.22029202260940975,0.2624001237114029,cholesky
open_path,2,1.25,500.0,20,0.010588766258557755,0.046596740549206074,0.8226623207022786,0.16113490338131894,0.2033863081361891,0.20838695879589134,0.1420247605041467,0.2573297637917702,0.15847628046789067,0.30436408135442333,0.0007762433417021604,0.2423797077115639,0.23624379172488646,0.26172957778788997,cholesky
open_path,2,1.5,100.0,20,0.015552644754592431,0.032826056823639246,0.6410487233462385,0.11367708339651242,0.14392822823911094,0.14680258898185636,0.10157728026475954,0.18069859192201126,0.11164195878345841,0.2144156975757672,-0.021071237177746876,0.16111295184208682,0.15844087580200988,0.19100194023550782,circulant
open_path,2,1.5,150.0,20,0.01875012502050099,0.03980303139157171,0.6429523017393438,0.13907129475089194,0.17450762745362972,0.17800456780422477,0.11974763587002844,0.2195277767726636,0.13537076396195374,0.25998842283451107,-0.014758366156837344,0.1973683042559632,0.19293611512687306,0.23363683457556783,circulant
open_path,2,1.5,200.0,20,0.020469393700192632,0.04409788364979412,0.647792574610531,0.1540538771932713,0.19330504283095745,0.19721173100963238,0.13388448360187813,0.24095920990477152,0.14997762708199244,0.2880418606226421,-0.010127230733555086,0.22124579209240428,0.2158813940454255,0.2603431782611164,circulant
open_path,2,1.5,250.0,20,0.021281216428140286,0.04656139200603061,0.6528126096366489,0.16140587100480547,0.20406908501266702,0.20822887530499948,0.13869577609420242,0.2558000913691173,0.15835605949156528,0.30413318909148795,-0.007088122703982747,0.23575895969602426,0.2298987042298645,0.276681007223171,circulant
open_path,2,1.5,300.0,20,0.0216886734594576,0.04782273537818069,0.6553099719881199,0.1659750572338492,0.20957973403554409,0.2138697743511923,0.141512479846948,0.2627333958183294,0.16264590903157947,0.31237212624056915,-0.005054493511164693,0.24376093356837272,0.2376425277640196,0.286270157854696,circulant
open_path,2,1.5,400.0,20,0.0011866340777573286,0.04876221109900489,0.9808390694184824,0.1712591913469864,0.21255286282346067,0.21807123750113933,0.15103204731162953,0.2681143105752101,0.1658410813992451,0.3185086641475819,-0.00911262698447163,0.24978521430055678,0.24363099267042046,0.2936746217152737,cholesky
open_path,2,1.5,500.0,20,0.010428792703533554,0.051933479209977415,0.8429806798406748,0.17996394011218717,0.22661288293356854,0.23225357964316315,0.16274597960130086,0.2907262337253465,0.17662661636735402,0.3392229908139602,0.003534532642899968,0.26985702327211697,0.2630478383865323,0.2929241559089123,cholesky
open_path,2,1.75,100.0,20,0.013855462126674198,0.03628662866146691,0.7068216104164704,0.12572541675483545,0.15877544773494534,0.16227873672266444,0.11189148772750639,0.200313529795243,0.12341142048157293,0.237019720002382,-0.02504203734828465,0.17637862626330536,0.17372694795844743,0.20829902206721992,circulant
open_path,2,1.75,150.0,20,0.017564061755374248,0.04361217515877385,0.6916400128909425,0.1525644986914617,0.19091074062204685,0.19503957660329205,0.13232657533543749,0.24205838629722973,0.1483257245209693,0.28486927350747004,-0.017846805059667646,0.2143472252944856,0.20968072108019492,0.25479492041266927,circulant
open_path,2,1.75,200.0,20,0.019574138351134186,0.048146674226971393,0.6888798129887883,0.16859738963191948,0.21077734564092382,0.21531847292409037,0.1430911966286981,0.26509011091465634,0.16374763038054785,0.3144880542854305,-0.012539000309992152,0.23967508651864142,0.23394265594714939,0.283919783049309,circulant
open_path,2,1.75,250.0,20,0.0205206106408916,0.05076307266747541,0.6905482742325185,0.1764009871603647,0.2222206040116431,0.2270193624624732,0.14477482650398593,0.2791551588971734,0.1726460444796029,0.3315780416625565,-0.009055638057826032,0.2552482510019471,0.24894997637720245,0.3017371611937475,circulant
open_path,2,1.75,300.0,20,0.02097498429513118,0.05211192038587942,0.691809424845625,0.18052821443701425,0.2281169494929333,0.2330515928417669,0.15321246015719633,0.2889212795863556,0.17723349773944064,0.3403885462570896,-0.006739578069765334,0.26394677759746704,0.2573517597500372,0.3121947026016468,circulant
open_path,2,1.75,400.0,20,0.00011672050989746455,0.052791027741177374,0.9982589350341541,0.18598258662454456,0.23011078465187776,0.23608865326269957,0.16224198802736686,0.29266705655839875,0.17954315301655935,0.3448243905650841,-0.008108566396358777,0.26985539834943745,0.26314746448791987,0.3202697126208573,cholesky
open_path,2,1.75,500.0,20,0.010655705518309574,0.05643835660833114,0.8522496659202748,0.19569611222069125,0.24623975693706915,0.2524000038292058,0.17005311160219708,0.3173068374190922,0.1919477784409345,0.3686482865493203,0.006328304942782362,0.29319539919314513,0.2858415862782656,0.3194512848427562,cholesky
open_path,2,2.0,100.0,20,0.012282367397730762,0.03942061339693636,0.7587586214565603,0.13674904235039737,0.17226887995258022,0.17629434254057721,0.11541168482027166,0.21986923895054802,0.1340701540768095,0.2574905163230529,-0.028766599820231796,0.19017254587991503,0.18757621014228676,0.2231934996335526,circulant
open_path,2,2.0,150.0,20,0.01649068074145792,0.04695654079848298,0.7293098468500437,0.16426499234688047,0.20534205682896292,0.20999603442730042,0.1397782523120347,0.25798152512195627,0.15969996702932757,0.30671425158203003,-0.02074821103532721,0.22916983698407836,0.22432869128872054,0.27301409968887974,circulant
open_path,2,2.0,200.0,20,0.018787748710350168,0.05164932009300182,0.7200564558810795,0.18107217301368259,0.22591673810703167,0.23098278143919568,0.15302122940102506,0.2843181640014056,0.1756601865401051,0.33736689900201405,-0.01481750349867488,0.25551953282808026,0.24949003684271562,0.3042215434574845,circulant
open_path,2,2.0,250.0,20,0.01986696212600319,0.0543745916568997,0.7188694667320629,0.18921685746589537,0.2378445381406796,0.24317056638724133,0.16100700788859187,0.3040305700786779,0.18492887992125204,0.35516803200425023,-0.010929334797140526,0.2719073854120445,0.26524779978096213,0.3233129580156781,circulant
open_path,2,2.0,300.0,20,0.020366408225396985,0.0557901398448493,0.7191031513172159,0.19336024112558287,0.24403492569354188,0.2495010903346052,0.16341795230248152,0.3092002775162734,0.1897431825742975,0.36441421572354343,-0.008359224155336381,0.2811765545844528,0.2741844611462578,0.3345182687330688,circulant
open_path,2,2.0,400.0,20,-0.0005973177627013798,0.056196018054352335,0.9916301135097088,0.19851830533117998,0.24495349200745523,0.2513162328686746,0.1718869355973469,0.3095211213016792,0.19112358103579688,0.3670653614243187,-0.007021148417273368,0.28688325642740886,0.27970734563570565,0.343170684514368,cholesky
open_path,2,2.0,500.0,20,0.011127810960294637,0.06028792897137657,0.8555160963917747,0.2093860042498445,0.26302448819504476,0.26961581480535396,0.18168925174784764,0.3390661611672765,0.205040237318894,0.3937932117538722,0.00906217805349072,0.3132821943485392,0.30548415622109976,0.34229373483798997,cholesky
open_path,3,0.5,100.0,20,0.02925983507627248,0.013119036143110026,0.03797949760303963,0.05180595215987392,0.06423559002493076,0.05867011323054136,0.038709295792859096,0.07344129473647813,0.04461805754607277,0.08569190327243163,-0.008539982420560362,0.06447843789525863,0.06342339320381375,0.0765457474343384,circulant
open_path,3,0.5,150.0,20,0.030202785206996142,0.016182582299614806,0.07750123277599787,0.06003590293205239,0.07673233778565768,0.07237070814684715,0.048351104021472795,0.08941409616509621,0.05503722837652804,0.10570260360514705,-0.006661232578945878,0.08007660968161628,0.0783327662390882,0.09391280437305212,circulant
open_path,3,0.5,200.0,20,0.0308207805201176,0.01805322355318211,0.1040715532530061,0.0652957920943655,0.08451259814034522,0.08073647015583099,0.05426294763434879,0.1003919878162951,0.06139931002561004,0.11792139830999258,-0.00524713305662185,0.0901586888697599,0.08803233567895581,0.10496039995448407,circulant
open_path,3,0.5,250.0,20,0.031224191917832655,0.019130736299156598,0.11911185434601121,0.0685248632689475,0.08904305990098911,0.08555525364907382,0.057315279061854414,0.10664105798158403,0.06506394858457656,0.12495957680082255,-0.004239425003426582,0.09622933869090426,0.09388851936208177,0.1118290327094622,circulant
open_path,3,0.5,300.0,20,0.03155302050513972,0.01969220316695028,0.1255820049433834,0.07047546981705083,0.09145199587104841,0.08806620981607494,0.05738290548387658,0.10924584794586148,0.06697350663016427,0.128627008157883,-0.0034626100463326696,0.09956696310871066,0.09710762484938938,0.11594120581741559,circulant
open_path,3,0.5,400.0,20,0.020551069639721566,0.02119894776135315,0.34450649391267363,0.07773327693508467,0.0946618127912185,0.09480457649170528,0.06653853829235484,0.11641282208087368,0.07209796976045367,0.13846887539807964,-0.009956628059720639,0.10899704542661268,0.10670272985478925,0.11929486855674093,cholesky
open_path,3,0.5,500.0,20,0.02332189480238208,0.022139559765078795,0.30536876324065315,0.07983443782599256,0.09928218773985494,0.09901112125327093,0.06907629676473258,0.12404257170485335,0.075297006644943,0.1446128353628883,-0.006285655527072666,0.1141471276344946,0.11143427603412846,0.11922982431646792,cholesky
open_path,3,0.75,100.0,20,0.02673984492147342,0.018452323187828294,0.16360567465994608,0.0668749603180509,0.08476022472809813,0.08252129798155937,0.055037173015564024,0.10310234717610353,0.06275665444260914,0.12052826720760779,-0.013123265555714489,0.08863403888777656,0.08738085205539996,0.1082520341636269,circulant
open_path,3,0.75,150.0,20,0.02816598183333548,0.02269428095268398,0.2296726313041397,0.0799182222104074,0.10285377923957648,0.10149190982136014,0.06895016081493441,0.12617455794085547,0.07718362252133822,0.14823620478064822,-0.010314889815478217,0.1099222239981467,0.10763432312310632,0.1328127616248616,circulant
open_path,3,0.75,200.0,20,0.029045134878952838,0.025297674191093543,0.2651637599293956,0.08827866730940427,0.1140311094843519,0.11313463832785434,0.07649786965015709,0.13847529691699667,0.08603780571431766,0.16524124380427033,-0.008174469895646908,0.1238897303170856,0.1210291451354302,0.14843642112773578,circulant
open_path,3,0.75,250.0,20,0.02958399034108459,0.026799170999027278,0.28341548972956876,0.09375105962482357,0.12050281425331269,0.11984953618893189,0.08088714362084701,0.14689526204325834,0.09114442103657336,0.17504883315959782,-0.006659061388240056,0.13239199142237695,0.12921145661943428,0.1581501347247859,circulant
open_path,3,0.75,300.0,20,0.030000447513287797,0.027580433425250614,0.2903146277857841,0.09696675575841804,0.12390703249439267,0.12334344797553548,0.08206731507044614,0.1505177555591601,0.09380150738892132,0.18015194161421363,-0.0055153542520843145,0.13712213849250765,0.13376388135085832,0.1639656257048795,circulant
open_path,3,0.75,400.0,20,0.0158290251412787,0.02951997142007681,0.5980331074283892,0.10457907170166977,0.12964452775618457,0.1320173255782855,0.09115995012749654,0.16412616062320148,0.10039790798740574,0.1928207612159601,-0.01155329919564511,0.15030269114124703,0.14695180413451936,0.1687084210344587,cholesky
open_path,3,0.75,500.0,20,0.020131175100519795,0.03101415612429017,0.5240455509777372,0.10838438934153563,0.13667824967002926,0.13869952271740849,0.09479204613597872,0.17243370934678148,0.10547965472472734,0.20258058882432012,-0.005899591379520927,0.1588459583286941,0.15493625054175825,0.16861643458771036,cholesky
open_path,3,1.0,100.0,20,0.024422526725648992,0.023050954973658742,0.3026553500605122,0.08159283470516662,0.10340233938562633,0.10308700453477565,0.07060390226759487,0.12764020721916727,0.07839667672893708,0.15056595487598665,-0.017768143630823727,0.10868634074584982,0.10741411247863293,0.13490921906414638,circulant
open_path,3,1.0,150.0,20,0.0263072119121447,0.028208296756387478,0.3627243775021985,0.09885040993051557,0.12573989625660772,0.12615133815353846,0.08628534473587363,0.15509740820651788,0.09593688089762578,0.18425306636554253,-0.014094930720551579,0.13424980143521176,0.13160746862599115,0.1655180532264133,circulant
open_path,3,1.0,200.0,20,0.027428341914208565,0.03138978643648819,0.3931387129986723,0.10947719616835523,0.13954701393509342,0.14037939254237697,0.09258029499908843,0.17088231261341844,0.10675717959034048,0.20503415904304165,-0.011274281568728348,0.1512728905973193,0.14787299443467042,0.18498905641579358,circulant
open_path,3,1.0,250.0,20,0.02808494555231216,0.033229701509830775,0.408530071806524,0.11577802824271592,0.1475425781016886,0.14860774289601802,0.1013941405702298,0.1805872958414024,0.11301476099546533,0.2170522541816213,-0.0092897171523644,0.16175255341278957,0.15793034209280502,0.19709478288750124,circulant
open_path,3,1.0,300.0,20,0.028566730095224174,0.03418828241039295,0.413780987870512,0.11953314983555648,0.15173658918539154,0.152894647007198,0.09919057692802745,0.18679949939114132,0.11627491039343094,0.22331358473317364,-0.00781610969357906,0.16765210259097318,0.16359388038297015,0.20434234504797863,circulant
open_path,3,1.0,400.0,20,0.012507179042146719,0.03636909145896939,0.7347012068315818,0.12755998844878325,0.1590218066337414,0.16264752156432513,0.11413786868235759,0.198172588314526,0.12369187781123035,0.23755835668194233,-0.011839243473528523,0.1838332894744422,0.17956924037559957,0.2102530590501512,cholesky
open_path,3,1.0,500.0,20,0.01831925174349297,0.03840561410904398,0.638806724808975,0.13240716821540158,0.16840554531013704,0.1717551277308947,0.11757407148127959,0.21330577162517914,0.13061812481624605,0.25086066792177836,-0.0042406979682788086,0.19583526251074088,0.19092370481366744,0.21013842083765766,cholesky
open_path,3,1.25,100.0,20,0.022226180793591743,0.027086440795277188,0.42207031262286415,0.09509674527804832,0.1201408895290629,0.12113424577352652,0.0830262717984821,0.14922168052119117,0.0921214303351611,0.17692524353950723,-0.02236663350673328,0.12591755564586038,0.12475069367847798,0.15718817294822607,circulant
open_path,3,1.25,150.0,20,0.024564268272718424,0.03291554728909144,0.464631761923922,0.11523312664475134,0.14556316528999352,0.14720280251003479,0.10154712183343272,0.17992990948443965,0.11194631732731897,0.2150002381034158,-0.01787485273923572,0.15451361248894316,0.1516583132657537,0.19285176029546505,circulant
open_path,3,1.25,200.0,20,0.025934170189958604,0.03652657506980042,0.4863226089804784,0.12767557974959662,0.16131399264697188,0.16335180968264573,0.1119771271628674,0.2025526063074768,0.12422748216005383,0.23858701993121717,-0.01441031904906695,0.17382161036034935,0.1700320908297835,0.2155382115108747,circulant
open_path,3,1.25,250.0,20,0.026712896545272806,0.03862164245721126,0.497518778596683,0.13479136237362407,0.1704540198927531,0.1727212358740328,0.11482723526731835,0.21362782013109707,0.13135284077898643,0.25227173807306963,-0.011987966004495705,0.18583981955170084,0.1815305151575989,0.2296430817302622,circulant
open_path,3,1.25,300.0,20,0.027256079195807165,0.039716157929478316,0.500831584431109,0.1393070268243526,0.1752512044638613,0.17761605787086163,0.11883593825673064,0.21805793079031982,0.13507530588952935,0.25942097624549026,-0.010214638356670183,0.1926830611961,0.18808179817585371,0.23808750874745857,circulant
open_path,3,1.25,400.0,20,0.010215719647092707,0.041985061604822654,0.8103667528316074,0.14680847988641377,0.18329354459217134,0.18776290357579975,0.1337041473642069,0.23200209463358595,0.14279188458088213,0.274241171278201,-0.011356512354764783,0.21112401805210892,0.20609137250600224,0.24497432005113415,cholesky
open_path,3,1.25,500.0,20,0.017456680467961096,0.04453633005348788,0.6994459176016818,0.15276353340181997,0.19491265964783158,0.1991725229359315,0.13562766193823583,0.2500294194741422,0.15146879050722248,0.29090573769452616,-0.001917020185009387,0.22648066158567742,0.2207543669671374,0.24484075044561046,cholesky
open_path,3,1.5,100.0,20,0.020137616176464705,0.030690855033399696,0.5195993798301141,0.10693776407350046,0.13528550053946126,0.1372536762845466,0.09511859219274806,0.16749380800966535,0.10438010240085976,0.2004688265342979,-0.02681529949378142,0.1412328305343223,0.14024420518025324,0.17592284857097143,circulant
open_path,3,1.5,150.0,20,0.022936902373645936,0.036983073897182604,0.5424939814848216,0.129440185322053,0.16282907858642165,0.16539333450199675,0.11381309103320268,0.20414993654549204,0.1257800421749563,0.24156881317679468,-0.021536864800555965,0.17182643859066177,0.1688548053632184,0.21583704668594317,circulant
open_path,3,1.5,200.0,20,0.024570554626523845,0.04089550870087099,0.5550648264095941,0.142971711908546,0.17994477530846037,0.18289027485916332,0.12093215098909436,0.22504390094498763,0.1390862972467442,0.2671243479813419,-0.01745920749554816,0.1927577909269277,0.1886865432171842,0.241227411920965,circulant
open_path,3,1.5,250.0,20,0.025480778626743437,0.04317402631190363,0.5620192250514813,0.15068429926119895,0.18990841079600215,0.1930801153915621,0.12863620269676945,0.24059780369427555,0.1468355730913867,0.2820073400395415,-0.014627006416741995,0.20593029306701402,0.20124828108395953,0.2570133893337555,circulant
open_path,3,1.5,300.0,20,0.026086395404642266,0.04436899089139331,0.5634948223643732,0.1557123342649,0.19515132519892775,0.19842415945244887,0.12858359107818484,0.24516503942659235,0.1508996672665667,0.28981269921704406,-0.01258037891736399,0.21351489074850744,0.20848847468501505,0.26646427630286723,circulant
open_path,3,1.5,400.0,20,0.008653521049172042,0.0466185245384894,0.8547068688951641,0.16280816962536976,0.2033896093691059,0.20848437975760864,0.14336274389527096,0.25956728255070183,0.15855036817348306,0.3045063716478711,-0.01045512240698641,0.23358246031565083,0.22790795743743136,0.2741719011157876,cholesky
open_path,3,1.5,500.0,20,0.01721782646569459,0.04965234338526623,0.7325769284369573,0.16973344340325727,0.21711334002663726,0.22205203010323465,0.150928854334839,0.27785581913273155,0.16886843593495804,0.32432289691147553,0.0006950952505477704,0.2521164929340349,0.24573374384951022,0.2740224118441363,cholesky
open_path,3,1.75,100.0,20,0.0181788699569975,0.033944554560323255,0.5984859374580479,0.11804278574911661,0.1490734524138685,0.15180466292566658,0.10199741467483699,0.18899293438570905,0.11544598796945382,0.2217215848998674,-0.03102712065340798,0.15513972787331035,0.1543619144167877,0.19185437211491027,circulant
open_path,3,1.75,150.0,20,0.021444774234908346,0.04053368971458024,0.6028902899710171,0.14210735186475118,0.1779789267797333,0.18127217116137093,0.12129662564054607,0.21979134274254888,0.13785574492754343,0.26476099161604666,-0.024994417751950607,0.18691829926134468,0.18389194921903174,0.23538318875255548,circulant
open_path,3,1.75,200.0,20,0.02335129800445819,0.044646707133477875,0.6070038692691908,0.15631767107132039,0.19600643820518082,0.19966614424396262,0.1347730963559421,0.24481956975177163,0.1518441847704167,0.2916267069760205,-0.02033789090672696,0.2089460155674424,0.20466837898651644,0.2630728983013875,circulant
open_path,3,1.75,250.0,20,0.024397656699483995,0.047052764788616745,0.6100839651854421,0.16408359007214132,0.20654427240480633,0.21042636119331115,0.140380548948181,0.2593569303123561,0.16002722640130176,0.30734277465072823,-0.01712571270331863,0.2229633951035888,0.21799158656679785,0.2802884493759216,circulant
open_path,3,1.75,300.0,20,0.025064976171137544,0.04832076237611192,0.6099446189652968,0.16945061985408894,0.21211147655425083,0.21609701879520105,0.13979814043202987,0.26760008604259605,0.1643397070370727,0.31562517630219245,-0.014831815259687828,0.23112431843498402,0.22575985202717422,0.29059520600313954,circulant
open_path,3,1.75,400.0,20,0.007600774226073001,0.05048345111433252,0.8819099494478079,0.17607062024001105,0.22018349089040842,0.22576885686087006,0.15657927795382476,0.2826440135201791,0.17169504698152802,0.3297515886500468,-0.009344322934555364,0.2523292860041549,0.24611761724367381,0.2990008311450243,cholesky
open_path,3,1.75,500.0,20,0.017379698115562555,0.053967788196875026,0.7509399501442682,0.18418806581023534,0.2358812731036116,0.24135128600704672,0.16537314381432275,0.3034777416395185,0.18354533466752124,0.3525108426827898,0.0033837191776139794,0.27384086650884404,0.2669285086259461,0.2988378041670987,cholesky
open_path,3,2.0,100.0,20,0.016377603121270554,0.03689302656237197,0.6621138226408493,0.1282522425074084,0.16164479160710266,0.16499063057833824,0.11126560691145328,0.20665706482761745,0.12547378970925507,0.24098063524814514,-0.034941973227865006,0.16787906587846774,0.16731752214060663,0.2055729705658728,circulant
open_path,3,2.0,150.0,20,0.020104087573368522,0.043655590248183405,0.6503731982685873,0.15309641176147468,0.19134935321444416,0.19523373478563003,0.13082533625067103,0.24196033345867496,0.14847337995361787,0.28515285544151336,-0.02819656983216302,0.20024766329488003,0.19720349102540427,0.2522143269382902,circulant
open_path,3,2.0,200.0,20,0.02228184316536943,0.04789558132837176,0.6470637831172751,0.16797599748327502,0.20995768154491737,0.2141955513442179,0.1436989165635411,0.26782082405228214,0.1628936593054691,0.31284794687628253,-0.02300240922235012,0.22298025770394989,0.21854815576770797,0.2818839966117561,circulant
open_path,3,2.0,250.0,20,0.023462003105487846,0.05038867210572858,0.6467801010789388,0.17549788278343115,0.22088868881116544,0.22534499224871316,0.14594747991423904,0.2781065962050137,0.17137270201548635,0.32913250401997574,-0.019443405409134744,0.23760946810084463,0.23240781479655961,0.3003305502936331,circulant
open_path,3,2.0,300.0,20,0.024187084780900796,0.05171002933815096,0.6452877274637361,0.18108492493617614,0.2266928111323664,0.23125428143722804,0.1533980476097099,0.2881103800881914,0.17586665968066928,0.33776344419834653,-0.01692866900092129,0.24622090699929458,0.24058278850641057,0.3113742943240669,circulant
open_path,3,2.0,400.0,20,0.006904282072904018,0.053748010282318556,0.899137679493521,0.18721415281858264,0.23438385756659616,0.24036840929324393,0.1625284252059063,0.2965583416278248,0.18279786636786372,0.3510752808328074,-0.008144677367456008,0.2682091084092448,0.26154474820079615,0.32038096595126064,cholesky
open_path,3,2.0,500.0,20,0.017795801931527338,0.05765276709803889,0.760929874654138,0.19715918796371626,0.25193189574474234,0.2578310126443565,0.17221771497708674,0.3219226423477013,0.19607800847637746,0.3765806639802428,0.006036474262127435,0.29249990583169605,0.2851575427504783,0.32020628168545484,cholesky
open_path,4,0.5,100.0,20,0.05048150930717775,0.013544902517785427,0.0014290925106765124,0.061160177643221035,0.07768015243317024,0.060574645556752536,0.04040979001399697,0.07538684566612062,0.0460664360858471,0.08847360916816784,-0.005045958362989161,0.06851272358490394,0.06696831582301739,0.0743891977792162,circulant
open_path,4,0.5,150.0,20,0.051551685765436395,0.01675614829836401,0.0062107437145583946,0.06965382319316567,0.08939898162393614,0.07493577327241871,0.0484706229143825,0.09227640837986018,0.05698793576535576,0.10944906497235544,-0.003122604240547311,0.08493047497365662,0.08283886139687974,0.09157200137716016,circulant
open_path,4,0.5,200.0,20,0.05216109188311434,0.018696510609770428,0.011678085337979462,0.07391663196064968,0.09675954824761536,0.08361333733098544,0.05602215326543753,0.10342058360965967,0.06358713987807792,0.1221232689069056,-0.001753801594532437,0.09522156622272678,0.09282707126828181,0.10251145582188641,circulant
open_path,4,0.5,250.0,20,0.05249993767672471,0.019801142259805615,0.015754865031844124,0.07572192240315163,0.10102407097879254,0.08855340025013832,0.056673628234541557,0.1086908271882754,0.06734401027547889,0.12933858468726459,-0.000810449824736472,0.10124991200622957,0.09868953478522526,0.10930884736855614,circulant
open_path,4,0.5,300.0,20,0.05274233715193312,0.020368173491344496,0.01798539867995395,0.07641570853640803,0.10326733009207148,0.09108924100831105,0.06056462469011426,0.11267096724308405,0.06927249281361943,0.13304236177236672,-9.734142914609983e-05,0.10444579336761459,0.10180121335197705,0.11337620963741842,circulant
open_path,4,0.5,400.0,20,0.041527024419503324,0.0213533255608918,0.06675765494920649,0.08359544221514603,0.10192065293559148,0.09549497499967578,0.06730386590239718,0.11813713708273375,0.07262301119402492,0.1394772518764404,-0.006913881352577552,0.10707201733530013,0.10458966395775345,0.11669570107629346,cholesky
open_path,4,0.5,500.0,20,0.04436020110069902,0.02229763525272978,0.06124199166522486,0.08714750582915809,0.10683788495241864,0.09971805632519899,0.0695682770780365,0.12345589523031043,0.0758346239765592,0.14564536467752434,-0.003390829846748867,0.11213384179526252,0.10934713658357186,0.11664221858543554,cholesky
open_path,4,0.75,100.0,20,0.048726565995301535,0.019070406755983517,0.01934902266740429,0.07696179246209085,0.096354585239256,0.08528545172990078,0.058424329251932805,0.1066212056967067,0.0648587668166737,0.12456551177030786,-0.008559073872931434,0.09486632928491531,0.09285955608313329,0.10520221239342208,circulant
open_path,4,0.75,150.0,20,0.05033822767907572,0.023531457211525754,0.04561887870316502,0.08854673236599939,0.11425759168357237,0.10523587586919847,0.06902665888168256,0.13013359455069326,0.08003087273741645,0.15370453539671425,-0.005675183519629726,0.11750192586752123,0.11466723665210174,0.12950236628122763,circulant
open_path,4,0.75,200.0,20,0.05120372188959756,0.026241415498860304,0.06592915980377584,0.0944388921531804,0.12532137485536915,0.1173551777625364,0.07810952239624525,0.14441781853368663,0.0892474854132838,0.1714056439916896,-0.003550605008377756,0.13184632612058247,0.1285569438880909,0.14497309112192214,circulant
open_path,4,0.75,250.0,20,0.05164499138774117,0.027785897564930002,0.07863468914541523,0.09849831487928165,0.13166727422456476,0.12426231154205873,0.08119401242927576,0.15301720902194518,0.09450029430496194,0.18149400767694085,-0.0020754923930529864,0.14031144822942387,0.1367744312643997,0.1545860544359827,circulant
open_path,4,0.75,300.0,20,0.05193205852487799,0.028577351879744164,0.0849868688454186,0.1005373984293301,0.13495767659287475,0.1278018028400787,0.08567313431619818,0.15716358239589068,0.09719204343792029,0.1866636882731196,-0.0009745319140266574,0.14483803551075053,0.14117401820637612,0.16033817331969233,circulant
open_path,4,0.75,400.0,20,0.03728140554172761,0.029696001414651195,0.2245419175906185,0.10950188380674897,0.13470375161637893,0.13280455564618,0.092086253613482,0.16212752157426819,0.10099658889216716,0.193970567124227,-0.0075080600126410865,0.14735754527093883,0.14382247670658566,0.16503264313273078,cholesky
open_path,4,0.75,500.0,20,0.041672547374248914,0.03118926712623362,0.19729403977289103,0.11344871870927545,0.14219436872892893,0.1394826429253158,0.09712956562775667,0.17106193606778708,0.10607521012044646,0.2037243919876613,-0.002055021786882452,0.15567267251351288,0.15174486822844788,0.16495700746881004,cholesky
open_path,4,1.0,100.0,20,0.047059247842295836,0.023831454136762766,0.06301991976322364,0.0903962920914674,0.11404121503501503,0.10657750290494024,0.07281543618914263,0.13062057300347446,0.08105116721087133,0.1556640777913694,-0.012451732224667441,0.11686036505057275,0.11457998651230626,0.1311083752603131,circulant
open_path,4,1.0,150.0,20,0.04916799111116708,0.029269694308935685,0.10935980583517572,0.10438464143253864,0.13672993982204518,0.13089805231083784,0.0889439279526917,0.16291270268874203,0.09954671141888159,0.19118598242845955,-0.008685194120983843,0.144262585139179,0.14087775336938793,0.16139246931426077,circulant
open_path,4,1.0,200.0,20,0.050261668705935236,0.032592057602274356,0.1395296746949533,0.113474573463728,0.15069451714430296,0.14575611265054852,0.09512008119866767,0.17892679739030115,0.11084612358560524,0.21288724392838887,-0.005842092204869501,0.16182541672110595,0.15783606135304387,0.18067287750926606,circulant
open_path,4,1.0,250.0,20,0.05078509695932838,0.034491288782423135,0.1572841179511161,0.11886787950066832,0.1586898141304162,0.15424973269814818,0.10163406164615871,0.1922411111782564,0.11730544004489242,0.2252927844578865,-0.0038596881684542354,0.1722805748180235,0.16796268582457494,0.19265304382772916,circulant
open_path,4,1.0,300.0,20,0.0510951979339937,0.03546616668426574,0.16595364448175415,0.12202426149487997,0.1628184567491054,0.15860951921471306,0.10312715328974545,0.1967593682824663,0.12062101581206891,0.23166056498351617,-0.002393231474383446,0.17792731412599308,0.17343860646746245,0.19982162844196766,circulant
open_path,4,1.0,400.0,20,0.03423051921287762,0.03655795161100484,0.36085013129685184,0.13298256596212082,0.1629874876775578,0.16349212984070957,0.11296360089668979,0.2026389978044361,0.12433419429239223,0.238791967574061,-0.007138906285836634,0.17994197992974406,0.17553097822590333,0.20567211671491714,cholesky
open_path,4,1.0,500.0,20,0.040153635100379954,0.03858506799085503,0.3110990161480788,0.1375519963056472,0.1729151710437626,0.17255766988800617,0.11934637780536256,0.21469356311559556,0.1312284504177741,0.2520328382332453,0.00022127374298653787,0.1915461449323927,0.1866962193473865,0.20557785568387246,cholesky
open_path,4,1.25,100.0,20,0.04542590361978509,0.028004464480687642,0.12125956243976062,0.10277369571155888,0.13024693203997484,0.12523977250459184,0.08557013138226072,0.154006693934688,0.0952436439778008,0.1829216594342305,-0.01650323975544379,0.1357159108925518,0.13330500728911487,0.15275965651821058,circulant
open_path,4,1.25,150.0,20,0.04800763545110309,0.03416554072057288,0.1761172681418802,0.12059653693348873,0.15647086739536967,0.1527929430784762,0.10153890332611774,0.18706485146967966,0.11619756553257242,0.22316503885960073,-0.011914350461669566,0.16658084228695502,0.16279947761925803,0.1880448760662449,circulant
open_path,4,1.25,200.0,20,0.04932871721855146,0.037948056951693176,0.20918475224547198,0.13166620564691725,0.17261045114418147,0.1697088699160388,0.11103001339257994,0.20840241344271848,0.1290619654037257,0.24787196179721255,-0.008391591520344069,0.18658252299679706,0.182051654213034,0.2105092573657014,circulant
open_path,4,1.25,250.0,20,0.049937480260765735,0.04011842513160659,0.22835844488211302,0.13724222150217827,0.18186265312196595,0.1794150514890166,0.1165597748263955,0.21989700704657822,0.13644342325559694,0.2620485352977269,-0.005931139343028888,0.19859950531106904,0.1936616992288813,0.22446783238583917,circulant
open_path,4,1.25,300.0,20,0.05026846300293057,0.04123624700456653,0.2377495360068461,0.14056131788513182,0.18664150568961838,0.1844141028783657,0.11858131735147671,0.2256895315203961,0.14024515381795835,0.2693500079645126,-0.004125709275575082,0.20515707490735322,0.20000493891986978,0.23282023947820504,circulant
open_path,4,1.25,400.0,20,0.032077678779342034,0.042183878469897976,0.4563341051273798,0.15231984665842077,0.18665232366185525,0.18865203962656338,0.13200112183016552,0.2338949105128617,0.14346806400674025,0.27553981817459744,-0.006254006003505531,0.20638745528760144,0.20125880156201614,0.23963687935544498,cholesky
open_path,4,1.25,500.0,20,0.03944675390925245,0.04471475358459439,0.38870081441077314,0.1577234028766222,0.19885879655792463,0.1999704572246109,0.13693924559702997,0.24869170259501894,0.15207561186906962,0.2920711778840583,0.0029201941185185627,0.22116619482114783,0.2155859201774839,0.23952705202597918,cholesky
open_path,4,1.5,100.0,20,0.04383201657607659,0.03172859547474314,0.18316628443258645,0.11447714183918396,0.1450814161852695,0.14189459262423576,0.09894188432064571,0.17466305756627026,0.10790947469808193,0.2072472173056501,-0.02053240117576685,0.15236307314995995,0.1499178450177219,0.17096651368457838,circulant
open_path,4,1.5,150.0,20,0.04688036149729722,0.03839370038841555,0.23700607363590984,0.1346116838917803,0.1737964805596197,0.1717018479525145,0.11475447479139228,0.21062248606719902,0.13057760605657587,0.2507828489886975,-0.015164072850634615,0.18559446688464112,0.1815295841914034,0.21045724774500235,circulant
open_path,4,1.5,200.0,20,0.048439205405617324,0.04250405255847908,0.2686014780391675,0.1471236073761154,0.19149843815110526,0.1900839016799662,0.125447203485727,0.23103176186069818,0.14455698134435854,0.277631155276633,-0.010999223686711444,0.20736562246896947,0.2024140786471048,0.2355990753740221,circulant
open_path,4,1.5,250.0,20,0.04914304231006931,0.04487278177706226,0.28713393007370114,0.15359473499610582,0.20167499337130135,0.20067718078605007,0.1292506342675413,0.24799810472171657,0.1526130683489907,0.2931033982724735,-0.008092061707837616,0.2205708983987898,0.21513815705752953,0.25122132120509405,circulant
open_path,4,1.5,300.0,20,0.049498398906838756,0.04609829197062793,0.2963796037244142,0.15727420303852443,0.20694465304500254,0.2061578289859136,0.13045894060169433,0.2522301876461227,0.15678104865968823,0.301108277580742,-0.005975872553516965,0.22785225341656604,0.22216329123064538,0.26056922073566097,circulant
open_path,4,1.5,400.0,20,0.030574217283705324,0.04682617375861462,0.5216242933217033,0.16812619983596166,0.2063877496148418,0.20941301530095827,0.1477892230183803,0.2557402073928963,0.15925658658403374,0.3058627103827797,-0.005119082622731982,0.2281021944458681,0.22238544368363672,0.26819831064996075,cholesky
open_path,4,1.5,500.0,20,0.03927914070242593,0.04982723114889729,0.44024260934551834,0.1747588219614346,0.22071510417202567,0.2228341519590586,0.1487774865881384,0.2761145050989557,0.1694632320935076,0.3254652419100809,0.0057459317676039935,0.24587900602113635,0.23972208294965827,0.26807539340823583,cholesky
open_path,4,1.75,100.0,20,0.04231237663324833,0.03509004930191618,0.24268807194866654,0.12481826336503465,0.15869863533301448,0.15692747114580724,0.10685806794299499,0.19401353939315064,0.11934183441286492,0.22920381328348324,-0.024404874120042972,0.16736581751371907,0.16494347186005537,0.18644919293924142,circulant
open_path,4,1.75,150.0,20,0.04582345515245896,0.04208397249706692,0.28983555489195223,0.1470838682945112,0.18907655360634548,0.18820524653334642,0.12652903195665263,0.23200139883380405,0.14312828215109583,0.27488724485543076,-0.018296950219634477,0.20209579472235578,0.19782657334033094,0.2295161967370057,circulant
open_path,4,1.75,200.0,20,0.04762721346661855,0.04641709601548175,0.3177451148780218,0.1602952829697635,0.20785750097192413,0.20758356401750366,0.13778401497726317,0.25425822700937056,0.15786530645607208,0.303190665728504,-0.013531646832910573,0.2251010190354496,0.21981822217065755,0.2569348611843413,circulant
open_path,4,1.75,250.0,20,0.04843220252953581,0.0489267489256161,0.33466657575411524,0.1674187559269426,0.2186970203044322,0.2188070730314848,0.14450388352882412,0.270207491093461,0.1664006772518795,0.31958340465205326,-0.010212825433366084,0.23919290702478502,0.23335999279171976,0.2739718531913002,circulant
open_path,4,1.75,300.0,20,0.048813899970947226,0.0502322671366373,0.34337772981552905,0.17140323633375315,0.22433263115832477,0.22464552796289947,0.1438647082177449,0.27795165521527804,0.17084076614494823,0.3281108863236379,-0.007815770376220717,0.24704473431933743,0.24091623437149315,0.28416629586658837,circulant
open_path,4,1.75,400.0,20,0.029533237037876137,0.05069924014387225,0.5670670226195265,0.18120859394710118,0.22295752546637643,0.22673389473856914,0.158258441796559,0.28294968452654834,0.17242894901768266,0.33116109560199475,-0.0038835434083626906,0.24619645485919858,0.23999404487482634,0.2924862740115859,cholesky
open_path,4,1.75,500.0,20,0.03946145244868651,0.054137824327409066,0.4749481310192915,0.18902066043630775,0.23925798349180044,0.24211171070005702,0.16504078836803354,0.30108522025849427,0.1841236303421668,0.35362149742080534,0.00854383697079444,0.2667779866084372,0.26016334596190227,0.2923522254191217,cholesky
open_path,4,2.0,100.0,20,0.040903982586435995,0.038138297101854506,0.2969219238026102,0.1346831922101606,0.1711992996544922,0.1705596497316598,0.11450577315739906,0.20984749621964086,0.1297089752811952,0.2491145866644913,-0.02803282625920649,0.18102387867621414,0.17865330046352493,0.199781292600267,circulant
open_path,4,2.0,150.0,20,0.04486615730109692,0.045329799546582415,0.33472387464383185,0.1585663580198668,0.20261785677155975,0.20272102638519485,0.13365764769883176,0.2496331953491931,0.1541673932946337,0.2960885811831914,-0.02123144177642678,0.2166076723528213,0.21218792061733302,0.2459278140815467,circulant
open_path,4,2.0,200.0,20,0.04691302638515991,0.049808091466446276,0.35807888537763355,0.1720212780422864,0.22211912474994677,0.22274855669700214,0.14425780082845405,0.2750259301031811,0.16939813771891352,0.32534022389813505,-0.015913433181809006,0.2404449850967993,0.23489644243990146,0.2753070575006734,circulant
open_path,4,2.0,250.0,20,0.04781884756171827,0.05241646194219895,0.3730485479407231,0.1792237728358722,0.23342850372298726,0.23441354408557502,0.1575689066742683,0.28974371448424685,0.17826924857790233,0.342377773613573,-0.012221364363547751,0.25519431604994014,0.24903271621193368,0.2935622842008491,circulant
open_path,4,2.0,300.0,20,0.048225624611244994,0.05378177818046537,0.38110526630999575,0.18338478990407686,0.23933830552159335,0.24051942392467104,0.15581976905014858,0.2985508024797016,0.18291271154446728,0.35129584852010887,-0.009574166079704897,0.2634987014522728,0.25700515955872183,0.3044856832400292,circulant
open_path,4,2.0,400.0,20,0.028821238924545144,0.053971337624393385,0.5995275520662079,0.19218798459125583,0.23701448105021913,0.24136715952947127,0.16354257463728514,0.29867176808146634,0.1835574063288493,0.35253402709940845,-0.0026287662793692697,0.2615017234539806,0.25489390775984344,0.31340058365880025,cholesky
open_path,4,2.0,500.0,20,0.039867659712274524,0.057817197679588414,0.4988151274540789,0.2013746468988165,0.25515322630495035,0.2585663685602056,0.17379205166677386,0.3228507454502807,0.19663723958679435,0.3776547039733845,0.011239121659962117,0.2846986435741649,0.2777174276598578,0.313256949885698,cholesky
point,1,0.5,100.0,20,0.06175471061688968,0.023433301399497623,0.01630543742107781,0.09563411645774797,0.11936044972473098,0.10479690973303528,0.07849862216898043,0.1225022995084264,0.07969704320742824,0.15306339390901746,0.00390664791960288,0.1850348120244958,0.1803919329567185,0.18518434994300983,circulant
point,1,0.5,150.0,20,0.06312377333607516,0.029012606335662123,0.04240133955526843,0.11252192968746219,0.14134180542768698,0.12974831994196317,0.09742858925222111,0.15167442806105913,0.09867235099630227,0.18950671594135307,0.007643076248358982,0.21072645186863503,0.20553289823243667,0.20582910707294916,circulant
point,1,0.5,200.0,20,0.06393812760440262,0.03218981151943986,0.06161965378824375,0.12050102281253698,0.15419331862646016,0.14395721348074664,0.10623334889119174,0.17140064207867517,0.10947807804660291,0.21025982282473782,0.009947865452735304,0.2235076455846581,0.2180753179067338,0.21520100600253572,circulant
point,1,0.5,250.0,20,0.06420004990420365,0.0338528581907307,0.07321159423281198,0.12453445857991871,0.16092218788487486,0.15139458429426877,0.10956934188075679,0.18004393068117538,0.11513412710935586,0.22112263568226917,0.011049709673238973,0.22823539476688923,0.22273060350351667,0.2187310574545319,circulant
point,1,0.5,300.0,20,0.06411920310018424,0.03458781024487568,0.07935865317792959,0.12637368066626622,0.16383311002168546,0.15468138980081134,0.11128147786843134,0.18660688321864916,0.117633711125112,0.22592325057856572,0.011406422522016017,0.2282703303348652,0.22278259133150377,0.21904945655999616,circulant
point,1,0.5,400.0,20,0.02763875859918811,0.03807044820864185,0.476693634714035,0.14364324469951542,0.1682311578936403,0.17025622025681653,0.1244052841025364,0.2005055372141251,0.12947822008022034,0.24867140617997266,-0.036208623646594267,0.1980458173138033,0.1963978179463775,0.21502287435571035,cholesky
point,1,0.5,500.0,20,0.03355241361925507,0.03934629458445451,0.404421822712446,0.14658702598485132,0.17475769371528221,0.17596197870714425,0.1279241989322104,0.21215064340695727,0.13381739457406108,0.2570050751350689,-0.029721495668493036,0.19713996215699028,0.1944333401196123,0.20851111962119281,cholesky
point,1,0.75,100.0,20,0.05819901691784154,0.03286256245358157,0.09260519508760179,0.12862147142234642,0.1546160980606439,0.14696584712208136,0.1106430773105059,0.17205477571409156,0.11176611503089567,0.2146541477847454,0.0009118815891563312,0.269115718365183,0.26230314124249576,0.2618902192286498,circulant
point,1,0.75,150.0,20,0.06080974252875761,0.04065596085013039,0.15115364949395535,0.1523811279279169,0.18735810814243706,0.18181898430292337,0.13683678673908964,0.21341072098340136,0.13827159106918743,0.2655596513808554,0.006742660871264089,0.3044812449691347,0.2968481945147745,0.2910863147537086,circulant
point,1,0.75,200.0,20,0.06252421699063623,0.045168730467557296,0.18233039658815053,0.166468871836229,0.20657528346648374,0.20200070356564795,0.1505530295052515,0.23786713820860134,0.15361959470955167,0.2950364981041118,0.011226864465072895,0.3228244161485122,0.31485054544063207,0.30434018132511986,circulant
point,1,0.75,250.0,20,0.06324904500960957,0.04756949318639208,0.19938938224378328,0.17313968642229538,0.21678265302560873,0.21273724083997153,0.15372287708151122,0.25064570146046233,0.16178462817503939,0.3107179799171256,0.013757740284113973,0.3297647856804435,0.3217092609777507,0.3093324279644077,circulant
point,1,0.75,300.0,20,0.06330495431918942,0.048653745411106654,0.20877151243357292,0.175467848699203,0.22132344916298752,0.21758616419840587,0.15181660032117944,0.2588296039925174,0.16547218781197046,0.3178001798401707,0.014874686607428578,0.3298481169863953,0.3218400962701298,0.3097827122976027,circulant
point,1,0.75,400.0,20,0.014802254986596975,0.05191953110373232,0.7786521007464562,0.1930916856377934,0.22679555384373248,0.2321912018157203,0.17152556542623512,0.27904794527255766,0.17657917862876457,0.3391318835284744,-0.05095086386272872,0.2700741104066088,0.26812126805735376,0.30408826513429155,cholesky
point,1,0.75,500.0,20,0.02380636938033651,0.054182973421814495,0.6653499117968267,0.19828584115202505,0.23737489503067738,0.2423136235884832,0.17252090365485703,0.2915680379726412,0.18427718315430633,0.35391640565860755,-0.04149208561468722,0.2692339435855899,0.2656768031431662,0.29487925327388964,cholesky
point,1,1.0,100.0,20,0.05426902765488216,0.040774189194558025,0.19895254142046992,0.15575149640848204,0.18583132929515678,0.1823477175329383,0.13970057848198844,0.2140018912806913,0.13867368761177679,0.26633190413968894,-0.0030604921656431764,0.34733905169419377,0.33855806385689097,0.32638097962455404,circulant
point,1,1.0,150.0,20,0.05823109473555932,0.05032693811768361,0.2615897255362307,0.18738091299560447,0.22696712030561528,0.22506890946113173,0.16572985035148788,0.26175789604132166,0.17116274370749085,0.32872926533121355,0.004663628908946049,0.38864335897904684,0.3788313963878796,0.36276664643848405,circulant
point,1,1.0,200.0,20,0.06097568625668015,0.05595711223866173,0.28947958783925665,0.20673699239556545,0.25141758909469053,0.25024781358046616,0.1834168408033462,0.2975370476395164,0.1903110584299976,0.3655048585164788,0.011498694754789197,0.4109005511657988,0.4006613529927777,0.3792842925274875,circulant
point,1,1.0,250.0,20,0.06227727473603045,0.05901066999562298,0.3044980982588543,0.215947337141185,0.26465332652710244,0.2639037390160404,0.18601743831542747,0.3113415477350198,0.20069625854943682,0.38545031587263756,0.015651399690823777,0.4193825294854827,0.4090630599895835,0.3855058855043354,circulant
point,1,1.0,300.0,20,0.06255168461261283,0.06042971098066313,0.313611142246758,0.21888612612657923,0.27073227118834375,0.2702498832268565,0.1900335525059115,0.32474633375165823,0.2055224402627946,0.39471931410567773,0.017656988361266092,0.4193066578257695,0.4090708237825768,0.3860670528599192,circulant
point,1,1.0,400.0,20,0.005329500469898114,0.06303232302022287,0.9335022243815702,0.23172957532919583,0.2748032109281973,0.2818891181058864,0.20556764073506523,0.33663174496027376,0.21437396658564606,0.4117192504361183,-0.06355542354617896,0.3289791010138621,0.3268871033259474,0.37897034169195043,cholesky
point,1,1.0,500.0,20,0.01730198433147464,0.0663155043192561,0.7969734314052804,0.23931251059946118,0.2895799281908793,0.2965719512400751,0.20728831620059757,0.3585170996519057,0.22554012014574498,0.4331645800497858,-0.051475872448222174,0.3281345672953415,0.32394203954673984,0.3674936003259508,cholesky
point,1,1.25,100.0,20,0.05022555491802548,0.04749166664352921,0.30351496439437287,0.17853284849256368,0.21301717296463588,0.2123891899593812,0.1602108810156581,0.2481558318904062,0.16151993882361237,0.310209626673009,-0.006886054346342682,0.4208978376037588,0.4102982548817444,0.380279644550031,circulant
point,1,1.25,150.0,20,0.05557873057827638,0.05836860298281231,0.3529516394709052,0.21779809231364192,0.26042269056637674,0.2610323280425306,0.19309720883344864,0.30559585448761273,0.19851257808590922,0.3812564144490877,0.0024481379168987127,0.4645276799329701,0.4527721949633973,0.42267405263911134,circulant
point,1,1.25,200.0,20,0.059406674862128264,0.06488385456148986,0.3713595208797909,0.24025290005516475,0.28899399663409864,0.29016941888340225,0.21440627989571573,0.3396502173725108,0.22067105578910906,0.4238132228902939,0.011548461010926535,0.48884760899100926,0.4766096437622053,0.4419194283676695,circulant
point,1,1.25,250.0,20,0.06134366064370519,0.06848437862812719,0.3816042155541723,0.2508550692129118,0.3047542237717191,0.30627145201865236,0.2133511151613,0.3632241219953785,0.2329164973176481,0.447331395771492,0.017304024897680934,0.4979971358504983,0.48569591230233167,0.4491684573046263,circulant
point,1,1.25,300.0,20,0.061889405952584034,0.07020544689720197,0.38903797125121975,0.2542954208192179,0.3122140119787144,0.3139683033057906,0.2241867218396073,0.3804756771740416,0.2387698787881023,0.45857319844891387,0.020189825670032125,0.49741200239421607,0.48523746164132747,0.44982229602635565,circulant
point,1,1.25,400.0,20,-0.0016460416422046328,0.0720056276158838,0.9820004000210456,0.26206226759974627,0.3138695703821527,0.3220189562233046,0.22987271563405856,0.3836111540254699,0.24489232299995548,0.4703317537524752,-0.07413440697239555,0.3775651761088078,0.37539792140703176,0.441553631585389,cholesky
point,1,1.25,500.0,20,0.013077107284065026,0.07627975828518194,0.8656935083063103,0.2739070462431715,0.3327528207119946,0.3411334496658392,0.23585575372519466,0.41641955600958097,0.25942871165548437,0.49824984071342804,-0.059818092722021945,0.37665630914101733,0.37196059021332806,0.42818161728395693,cholesky
point,1,1.5,100.0,20,0.0462602551369417,0.05329839982738509,0.39625328337452953,0.19823198121781568,0.2368832629469022,0.23835769021199224,0.17882364162370482,0.2799764720596138,0.181268733820876,0.3481384815745275,-0.010022044144407735,0.4905554888463558,0.4782393695883425,0.42560376565247754,circulant
point,1,1.5,150.0,20,0.05301001162906375,0.06512329926905555,0.42573264015467244,0.2431502332366541,0.2887730932392524,0.2912402481693412,0.21447523833493273,0.34077217029880946,0.22148541117503273,0.42537724577246205,0.0006373521530361664,0.5335448922091739,0.5200356243760047,0.4730510060817418,circulant
point,1,1.5,200.0,20,0.05792309283938194,0.0723129009907096,0.4330311262384638,0.2677741068178892,0.3204825143876509,0.3233931245308771,0.2352015347598078,0.3812521710938383,0.24593736479805686,0.47233882500576957,0.01178832793779076,0.5582502521715049,0.544242722985471,0.49459016679901635,circulant
point,1,1.5,250.0,20,0.06050944668896289,0.07635699755411203,0.4378791356328959,0.27945926265340715,0.3382880777868164,0.34147887417755934,0.24321139653737997,0.4064439120261048,0.25969140367861365,0.4987543579576668,0.019013034414833437,0.5672127416625096,0.5531774354280419,0.5027031806221549,circulant
point,1,1.5,300.0,20,0.0613498901696272,0.07834115163409133,0.44321380115556896,0.28330599371971044,0.3469484021747088,0.3503522809788939,0.24395507182611992,0.42200524724865757,0.26643954431600997,0.5117146042474435,0.022696347941633596,0.5657416161208928,0.5518836123771148,0.503434947957287,circulant
point,1,1.5,400.0,20,-0.0068274778977357965,0.07934125722264473,0.9323254034415971,0.2872213521110159,0.34590790871295746,0.3548248891402596,0.25348278016547854,0.42612290353794835,0.26984091986033,0.5182471688674095,-0.08295053342102424,0.4180902892510489,0.41586092201907715,0.4941807720542981,cholesky
point,1,1.5,500.0,20,0.010400452322544305,0.08455338662809285,0.9033953094699257,0.3024833921890359,0.36870638457155686,0.3781342404564747,0.259988413896996,0.46130119932788816,0.28756745763437197,0.5522921462562115,-0.06674979809329121,0.4170884044775244,0.4119710376199057,0.4792149969395601,cholesky
point,1,1.75,100.0,20,0.0424997875531816,0.05839324607746375,0.4755980385832912,0.21563810324481175,0.25805403407787886,0.2611425353121638,0.19555709238014563,0.3068756830031744,0.19859638965585058,0.38141738006120807,-0.012288632349918116,0.5566664228720727,0.54271045827454,0.4641463226196932,circulant
point,1,1.75,150.0,20,0.050623670023971015,0.07086452080495499,0.4836818622962128,0.26471486945348977,0.31301211132494217,0.31691577142565497,0.23439878648238358,0.3712943698961994,0.24101139998085266,0.46287818678315334,-0.0005642229072540278,0.5968094121974912,0.5816981340099248,0.5158903717587641,circulant
point,1,1.75,200.0,20,0.056587872382874216,0.07855677117867924,0.4800825409768656,0.2910463247101761,0.3470653352946509,0.3513165608968461,0.25219782450798994,0.4159022817321547,0.26717286993105777,0.5131230041448838,0.012376348132102432,0.6205521907979628,0.6049660688187649,0.539380112795033,circulant
point,1,1.75,250.0,20,0.05980618772705783,0.08295671765396968,0.4797284967238604,0.30315515036235785,0.3665123506308247,0.3709937197290662,0.2614323277326216,0.4421172935287326,0.28213716021066443,0.5418629042146372,0.020890413641368528,0.6286075400646782,0.613046879803629,0.5482278388615528,circulant
point,1,1.75,300.0,20,0.06094230622849507,0.08516753126921539,0.4829660553677316,0.30733479895446203,0.3762055607720472,0.3808807787876091,0.2600335283794007,0.4611391663046697,0.2896561736528585,0.5563036622401806,0.025259300917504425,0.6259193001678288,0.6105933623036665,0.5490258748401445,circulant
point,1,1.75,400.0,20,-0.010729357487906436,0.08542716725054703,0.9013707483909947,0.30841248697926943,0.37252293392046215,0.38204190619493394,0.26684382644910476,0.463194942536819,0.29053919989272214,0.5579995719972399,-0.09030962111168306,0.45232506344927187,0.45002654648198726,0.5389336433777109,cholesky
point,1,1.75,500.0,20,0.008766307094707274,0.0915174134132564,0.9246917265603416,0.32617343112493924,0.39901146642582025,0.4092783150339847,0.2780059378146687,0.5023164914319279,0.31125222719086154,0.5977802982173043,-0.07252196893542616,0.45122113009757703,0.4457352564162708,0.522612571889986,cholesky
point,1,2.0,100.0,20,0.03901642253761185,0.06290908986895517,0.5424918804476678,0.2311380593565835,0.276976171181383,0.28133800269925424,0.20965171154765974,0.3320208588138038,0.2139548486127351,0.41091430690496306,-0.013691422314138826,0.6193922985333357,0.6038641681316026,0.4973352301870261,circulant
point,1,2.0,150.0,20,0.048466651856033535,0.07579838062669278,0.5301873004388655,0.2836947378553052,0.333933394480224,0.33898066333137633,0.25226252627775564,0.3999128833569037,0.25779153832708074,0.49510554205468654,-0.0011325524514454732,0.6551578873268817,0.6385699234503198,0.5527792514692421,circulant
point,1,2.0,200.0,20,0.0554252249245909,0.083862387509064,0.5166064474695222,0.31133753919358964,0.3697256500347647,0.37504399845139275,0.2718315669410799,0.44746475029060073,0.28521735827335243,0.5477786264348445,0.013334841714661963,0.6769325955071407,0.659927018632051,0.5779486327526493,circulant
point,1,2.0,250.0,20,0.05923960720753069,0.0885491068409508,0.5115413208565184,0.32308431645466473,0.3904961884402648,0.3960036444865153,0.27688403154877816,0.4736607329242178,0.3011569677516174,0.5783916909368433,0.022951695521906776,0.6835243684050912,0.6666123794385537,0.5874290178499367,circulant
point,1,2.0,300.0,20,0.06065862185923707,0.09095589275405641,0.5128533042994741,0.3274977223451264,0.4010810173928987,0.4067671183045014,0.2796843589364958,0.4905346046717615,0.3093424861998169,0.5941125155015056,0.02789071301266673,0.679358850538692,0.6627442321796133,0.5882841176056998,circulant
point,1,2.0,400.0,20,-0.013712624676419535,0.09055239259172326,0.881230437816853,0.325985593890377,0.39494685256771234,0.4049626107206832,0.2856408043836593,0.4875363074143031,0.3079701755158277,0.5914769029074186,-0.09649290307926382,0.48162436164187855,0.47924399295689024,0.5774702384196253,cholesky
point,1,2.0,500.0,20,0.007837186545824767,0.09746148210493903,0.9367496318361449,0.347177771303491,0.42489703562238434,0.43586099834904596,0.2990146527318061,0.5328670147149779,0.33146810250747866,0.6366062114792224,-0.07736063992897575,0.48041843622227615,0.47460135775128703,0.5599821243278599,cholesky
point,2,0.5,100.0,20,0.08300090649010285,0.014592877830408281,1.7526302535398322e-05,0.0884756277709842,0.10457169818966318,0.06526133363228513,0.046484208382352864,0.07933446111000286,0.04963061734851001,0.09531885283862891,-0.009678668161088403,0.1058278400561713,0.10360131158329662,0.10066740254137618,circulant
point,2,0.5,150.0,20,0.08326572059954646,0.016936827060967663,9.587646861848108e-05,0.09328839746661774,0.11128093427865862,0.07574379326296334,0.052858223712581504,0.09331847098039138,0.057602427206591464,0.11062923605196225,-0.011181699452186647,0.10989538862467621,0.1076948328452169,0.10790164617171241,circulant
point,2,0.5,200.0,20,0.08329501635298169,0.018253716557772404,0.00021245938606215232,0.0955929463974379,0.11519038564264764,0.08163310213038513,0.05580653226881907,0.10058599885413907,0.062081190029507495,0.11923099354006393,-0.012177766765749474,0.10877609717026884,0.10671890813354948,0.11052518328021362,circulant
point,2,0.5,250.0,20,0.08333906011309225,0.018947149324436856,0.0003087697954296722,0.0965522899066409,0.11732985052177157,0.08473422773856006,0.05669931935220807,0.1054371937682506,0.06443956626613491,0.12376040964340718,-0.012719448259536687,0.10627056504636216,0.10435777742715904,0.11121203396553206,circulant
point,2,0.5,300.0,20,0.08351584258204311,0.01924766140257849,0.00035352863160072206,0.09679311956935957,0.11838020477295388,0.08607815860812891,0.057217961416132085,0.1070418118315593,0.06546161278308542,0.1257233169524045,-0.012848176831935157,0.10340737569299452,0.10160465898880415,0.110877395097095,circulant
point,2,0.5,400.0,20,0.07664983552195165,0.020055911499924237,0.0011510250196745744,0.0953294504826885,0.11626585664461134,0.08969276292910072,0.061687703022028535,0.11117784218139509,0.06821048464848774,0.1310027054994099,0.0025052653833036098,0.08768480773946491,0.08550128997583815,0.10865785143984463,cholesky
point,2,0.5,500.0,20,0.07817125427598981,0.020648960211568416,0.001249839462822633,0.09818204708001199,0.11921391107434245,0.09234495739551084,0.06135168813712532,0.11472527416793614,0.07022745306408748,0.13487642551052084,0.0031119454309985793,0.0858711166134511,0.08375464428546268,0.105544134241927,cholesky
point,2,0.75,100.0,20,0.0812223814943288,0.02079246460573862,0.000948973830955957,0.10218316235210963,0.12170160376448315,0.09298672855637984,0.06673439353618359,0.11247464359318389,0.07071551386728629,0.1358137782649654,-0.011033146691941708,0.1494806736579924,0.14611289653316287,0.14236520596288596,circulant
point,2,0.75,150.0,20,0.08140898366977467,0.024051245997340553,0.003109431314407525,0.10931716098180166,0.1327336011287754,0.10756044198724642,0.07368585812943258,0.13144006012428738,0.08179868294117659,0.15709973073501884,-0.013945910843480222,0.1550003579877696,0.15171797473198154,0.15259597141841863,circulant
point,2,0.75,200.0,20,0.08111541426184868,0.02587947506892698,0.0054601424020670085,0.11232878473168617,0.1389421023228466,0.11573653095226358,0.07915282762825514,0.1418657678803029,0.08801652006225863,0.16904149437171026,-0.016276080237839392,0.15285049678027046,0.1498666788702054,0.15630621317865012,circulant
point,2,0.75,250.0,20,0.08086858454199124,0.026835422524101694,0.007144807174227934,0.11394103017346638,0.142205436269924,0.12001165793764075,0.08174153964656977,0.1483746449611108,0.0912677130691784,0.17528562358736002,-0.017849438250578463,0.14874130006886818,0.1460697712558264,0.15727756673315274,circulant
point,2,0.75,300.0,20,0.08086747970327277,0.02724368739110271,0.007896333049369687,0.11443990220284819,0.14367219920422214,0.12183747392851911,0.08257330110289691,0.15057893279930176,0.09265622859205527,0.17795235863640987,-0.018672436901220883,0.14423271757860698,0.14181531256861782,0.15680431590691188,circulant
point,2,0.75,400.0,20,0.07185233323656784,0.02837984174657141,0.02032766751506063,0.11624108059708564,0.14305820747229817,0.12691851067204007,0.08514188392078603,0.15750144580749917,0.09652030822874012,0.18537357678607616,0.006929663046071758,0.12177308041506257,0.11889183818924125,0.1536654071645492,cholesky
point,2,0.75,500.0,20,0.07425578875971213,0.02925279638054027,0.02004523286436223,0.11836195393886735,0.1475558131348021,0.1308224824776957,0.08747492333370896,0.16535129233298526,0.09948924128667588,0.1910756072736259,0.00769697983922579,0.11990202188773272,0.11711922817698839,0.14926194607385976,cholesky
point,2,1.0,100.0,20,0.08028293761804009,0.02628122922744859,0.006519576182286055,0.11560181187251495,0.13988819555984838,0.11753323016965866,0.08333988994329253,0.14231946471626672,0.0893828925585876,0.17166570228727512,-0.010796926807218716,0.18778266346787564,0.18334608229415592,0.1774227977030728,circulant
point,2,1.0,150.0,20,0.08035885063277012,0.03026510301158963,0.015626666256321177,0.12428672385582529,0.15447037780998776,0.13534965535989604,0.09486009127591191,0.16404595004090824,0.10293211277705992,0.1976878675771758,-0.015071151763887774,0.19441403833416981,0.19008976038130038,0.1901729006336847,circulant
point,2,1.0,200.0,20,0.07969846426348089,0.03248481951471149,0.023977075562397036,0.12918691450980388,0.1624864661598669,0.14527652934341323,0.09865832414621167,0.17687050420601827,0.11048140508724788,0.21218677815283082,-0.018851546764913723,0.1910801624435467,0.1871935572366456,0.19479679359125646,circulant
point,2,1.0,250.0,20,0.07911063972304835,0.03363128882398423,0.029591218533906588,0.13172762107092925,0.16657941496077075,0.1504036959627154,0.0995119158476881,0.18359985059861497,0.11438056605135596,0.21967537229064085,-0.02163595783353929,0.185282943308007,0.1818829164550891,0.1960073440486738,circulant
point,2,1.0,300.0,20,0.07887364012797081,0.03410965155898158,0.03212792598143713,0.13263613638056898,0.16830611803218623,0.15254299914942898,0.103283653718593,0.1871054712430359,0.11600748557541092,0.22279997784621414,-0.02334743174583998,0.1790914167838834,0.17611119032163275,0.19541755467535712,circulant
point,2,1.0,400.0,20,0.06852126837449227,0.03533283333445647,0.06745927106471371,0.1356414724643905,0.16856730803159398,0.15801323434703046,0.10838540500270281,0.1974065628600393,0.12016754689791204,0.23078964821873188,0.012313741981432598,0.15048367033054877,0.14718932205133264,0.1915056861324928,cholesky
point,2,1.0,500.0,20,0.07182141866082424,0.03646990789995264,0.06367266575669875,0.13818114450613977,0.17444009183912665,0.16309838639490143,0.10767825901305388,0.20183557370855176,0.12403475618402479,0.23821687706520578,0.013241673483003504,0.14852193505077668,0.14536563847173875,0.1860178678063603,cholesky
point,2,1.25,100.0,20,0.07972385162601896,0.031183860223012,0.019288074421992887,0.12760960045747557,0.1575821123980959,0.13945846251901317,0.09961527429293851,0.16886654903279213,0.10605682115372232,0.20368907477206585,-0.009722688376426541,0.22179199809774353,0.21639463156105584,0.20672245828543592,circulant
point,2,1.25,150.0,20,0.0797205846562222,0.035711505572029754,0.03782463329210127,0.1388287015170943,0.17488937243906794,0.15970670807584209,0.11246056325235566,0.19488853261428749,0.12145541740172328,0.2332630879135472,-0.01517383036528917,0.22919262751135688,0.2239040924329794,0.22157811750922682,circulant
point,2,1.25,200.0,20,0.07873588962264134,0.03820468110574787,0.053270157324069936,0.14464527165142668,0.18420558032837836,0.17085652802230816,0.11905140982084973,0.21020545389343448,0.12993474836951835,0.24954819867519185,-0.02031713355377767,0.2245942763352314,0.21984823272034965,0.2269656017074956,circulant
point,2,1.25,250.0,20,0.07783068953201747,0.0394711302061867,0.06336551761926931,0.14724777645959086,0.1888360360427809,0.17652026057955753,0.11654291689913761,0.21753775015426247,0.13424196257535986,0.25782048580287525,-0.02430416942354095,0.2171064576025264,0.21300034245852728,0.22837606287525755,circulant
point,2,1.25,300.0,20,0.07735778386842516,0.039983024192460755,0.0680493132103861,0.148101858957432,0.19067886346671234,0.17880952008072176,0.11818371639966944,0.21951128678651996,0.13598292243612367,0.26116411329799216,-0.026946001714672624,0.2092636063388562,0.20573716509044673,0.22768887548614483,circulant
point,2,1.25,400.0,20,0.0662761915827805,0.0410761201445699,0.12312236161090917,0.15277153210709762,0.19091945643964398,0.18369799379041357,0.12835057910825123,0.2260678664778839,0.13970055973527842,0.2683040793422825,0.017927386903386754,0.17491008397457,0.17142126998530638,0.22313099965429298,cholesky
point,2,1.25,500.0,20,0.07044931747908652,0.042465124910532163,0.11353408244174944,0.1562479716154654,0.19805442729952794,0.1899098119459392,0.12725135877768173,0.2373605489071825,0.14442458777387956,0.27737688474897365,0.019032806333820606,0.1726847796710655,0.16938500284996583,0.21673692116106266,cholesky
point,2,1.5,100.0,20,0.07931351374623571,0.035601221996869215,0.03817258726696174,0.13896051561237108,0.17427600697890475,0.15921350493412076,0.11329050067991471,0.19389851285389237,0.12108034114999089,0.23254272939390414,-0.008286297561099198,0.25230532960658497,0.24605638196918236,0.23136094174939079,circulant
point,2,1.5,150.0,20,0.07929182350715,0.04051101021973627,0.06516810918911843,0.15179710214382264,0.19356882576111523,0.181170745377038,0.12499128701295761,0.2193160515789639,0.1377786115928209,0.26461285199227885,-0.01470274138009671,0.26012846414527097,0.25396780813665865,0.24798719192477595,circulant
point,2,1.5,200.0,20,0.07805595755768416,0.04317523307344854,0.08648222588443355,0.15773086704878675,0.20374161768826832,0.19308551219325623,0.13086506924179978,0.24061183851249515,0.14683967730723518,0.2820152224550217,-0.021042017281112324,0.25422955894596255,0.2486841404292287,0.25401679039273906,circulant
point,2,1.5,250.0,20,0.07688263605823538,0.04450285240191467,0.10028227162921838,0.16027299895412853,0.2086636367302375,0.19902280632664202,0.1355324705226952,0.246710697409835,0.15135493246398618,0.290687065861542,-0.026135272028622425,0.24510100990925468,0.24032027015967636,0.2555953591983778,circulant
point,2,1.5,300.0,20,0.07619632334979355,0.04501905379113355,0.10687827715453299,0.1615888946805553,0.21050764492710677,0.2013313291193885,0.13317145398122443,0.24588185662464082,0.15311054187296147,0.2940588287739623,-0.02966857174592577,0.23568481241394632,0.23162510315574683,0.2548262684918234,circulant
point,2,1.5,400.0,20,0.06479259215299246,0.04583138951381898,0.17362106629970536,0.1670703192064382,0.21001878256119036,0.20496420491234058,0.13887777254987108,0.2513791544090816,0.15587330901729504,0.2993649041146922,0.023366833467431496,0.19594307077820164,0.19240585111421757,0.24972515633603623,cholesky
point,2,1.5,500.0,20,0.06979439059642088,0.04746265791094675,0.1577904685191358,0.1715633999763374,0.21834063062605946,0.21225945896339019,0.14452730264933372,0.2700278701145758,0.16142127964731437,0.31002014525993904,0.0246645931785729,0.19327957894576792,0.18999338939090793,0.24256899133063237,cholesky
point,2,1.75,100.0,20,0.07896977457979772,0.03959738999497137,0.06066755268039882,0.15158207828954579,0.18980868760688321,0.1770849115206521,0.12510227809682706,0.21612746654638051,0.13467137419221162,0.258645198951746,-0.00671815953388618,0.2798534187032921,0.2728500922291339,0.25231292337411587,circulant
point,2,1.75,150.0,20,0.07898958799087079,0.04475696805797948,0.09365728131773102,0.16382077038759815,0.21047539670014748,0.20015924608885777,0.13444054216121898,0.2488282329199762,0.1522191839868858,0.2923469175443924,-0.013913574074046014,0.2877813938283132,0.2808394766509728,0.270444842075609,circulant
point,2,1.75,200.0,20,0.07757247046325508,0.04751323913672585,0.11900553043822301,0.16963228809998362,0.22115636582694795,0.21248566508184488,0.14509506457160676,0.26353053862526854,0.1615933072275378,0.3103505355004706,-0.021275366386761703,0.28058576950163194,0.2743074854235165,0.27702047928005896,circulant
point,2,1.75,250.0,20,0.07617956976072097,0.04885921573570629,0.13545890069012625,0.17214596066667,0.22618700920429993,0.21850505542473334,0.14767082363301615,0.2715915705808705,0.1661709957630265,0.3191422863020234,-0.027354925566701292,0.26990224150141817,0.2644865798521262,0.27874200283146855,circulant
point,2,1.75,300.0,20,0.07530564226045146,0.04935984431932112,0.1435723482873517,0.17310177235114435,0.2279526927886219,0.22074393451361773,0.14835985482245995,0.27410603645557363,0.1678736418041891,0.3224123295959484,-0.03171031742739481,0.2590183621350425,0.2544435704794093,0.27790326348746636,circulant
point,2,1.75,400.0,20,0.06383347207715057,0.04980370370916546,0.21536823889924755,0.17949742310693054,0.22627965290162713,0.2227289340499048,0.15409156026261728,0.27561001984186273,0.16938321488428468,0.3253115636163591,0.028454188114222106,0.2142673262408448,0.21077144863790287,0.27234019605372445,cholesky
point,2,1.75,500.0,20,0.069611919831231,0.05166864631873235,0.19374039049794115,0.18444727323060545,0.23573109811474718,0.2310692109481596,0.15364022727561064,0.28599121525658827,0.17572591535145882,0.3374931354913305,0.029952523057149877,0.21103305443992684,0.207858981524547,0.2645359707639744,cholesky
point,2,2.0,100.0,20,0.07867964401259003,0.04321257774773133,0.08443142255576833,0.1628580492838708,0.20413156791250756,0.19325252265384404,0.13374677964849108,0.2367558258841589,0.14696668715826483,0.2822591531966915,-0.005108118022915052,0.3047968321652144,0.29712311643961403,0.27035462678489236,circulant
point,2,2.0,150.0,20,0.07878451366647157,0.048522658021408156,0.12092214194924446,0.17497097629927746,0.2257022775282749,0.21699992356968817,0.14688864644458124,0.2709025650019124,0.16502635744506475,0.31694393340592497,-0.012938880295544348,0.31257395569472163,0.30493403961023435,0.2897830732072252,circulant
point,2,2.0,200.0,20,0.0772397703510169,0.05131608952630643,0.14872229397704473,0.1813905472481695,0.23664205451492315,0.22949252904057232,0.1477756246679591,0.2878704669644941,0.17452686390582497,0.3351902786179261,-0.021173651719114134,0.304123974935978,0.29717864332996535,0.2968289031175939,circulant
point,2,2.0,250.0,20,0.07566589710651031,0.05265274065911598,0.16696142440733897,0.18287574275389587,0.24165934466587335,0.23547021463090084,0.15739775288005256,0.29354842709094425,0.1790728363775939,0.34392111664079855,-0.02812583076466859,0.2919948529432526,0.2859877738545599,0.29867352467331443,circulant
point,2,2.0,300.0,20,0.07462641289131025,0.05312622515374884,0.17624849556331112,0.18392470725970067,0.24329944858892266,0.23758770166348325,0.15829260342473847,0.29352440801613333,0.1806831649259909,0.34701385814043867,-0.03322891418643988,0.2797622511966598,0.27469570814430583,0.29777481104705567,circulant
point,2,2.0,400.0,20,0.06323548660674169,0.05315991669563129,0.24888315859184348,0.19025192860052192,0.2401921832305001,0.23773837481931515,0.1638887881139917,0.29537163947689987,0.18079775041368443,0.3472339270781713,0.03313438987878979,0.23040460784940064,0.22700188753612585,0.29181395498104096,cholesky
point,2,2.0,500.0,20,0.06973798570776349,0.0552502519117794,0.22214373501905063,0.19541011032515151,0.2507241572736118,0.24708663809745293,0.16970259890826617,0.30506293399008555,0.18790701484037492,0.3608877352691942,0.0348354730315868,0.22651189017952233,0.223507862846924,0.2834516864640727,cholesky
point,3,0.5,100.0,20,0.09579118113849866,0.014033649399382828,1.625978385297111e-06,0.0975407623630608,0.11365682283848966,0.0627603880588382,0.04256515335420419,0.07847791718723524,0.0477286722631618,0.0916660426705744,-0.003130318541818879,0.08964207819056237,0.08742834761895028,0.08490550218320969,circulant
point,3,0.5,150.0,20,0.09668763720637827,0.01731380471311961,2.192501589241848e-05,0.10105355545360936,0.12265434369719257,0.07742968857538339,0.05231012826549778,0.09695998696116707,0.058884534397532676,0.11309160692674933,-0.0016789066188735338,0.0970448189339359,0.09460248815575244,0.09419559181160847,circulant
point,3,0.5,200.0,20,0.09725776060982799,0.01930918080305428,7.322198325402872e-05,0.10447340103814828,0.12862004820887907,0.08635328173092671,0.0577913285493579,0.10686604253522075,0.06567084127523119,0.1261251539820035,-0.0004559143519176443,0.10174973509865683,0.09917442221112649,0.10004824388531257,circulant
point,3,0.5,250.0,20,0.09758863241192148,0.020453121706147517,0.00013276168583913395,0.10639151358853613,0.1321809923515189,0.09146914097404465,0.06136100755123205,0.11189409818579671,0.06956140308836609,0.1335972328868799,0.0004815343597592158,0.10421553811491065,0.10157788312763268,0.10359317032110864,circulant
point,3,0.5,300.0,20,0.09781487005833653,0.021047293079963676,0.00017559741526329754,0.107319213890849,0.1341064173647671,0.0941263561383194,0.06165352519323881,0.11642113754047116,0.07158218969646471,0.13747828598688547,0.0012277477601976554,0.10503680374246406,0.10238457402350189,0.1055222834736798,circulant
point,3,0.5,400.0,20,0.0835510708213247,0.022097849217161396,0.0012635017448479255,0.10528998565705391,0.12750986352378244,0.0988245860122268,0.07023023714604036,0.1209308061445669,0.07515514838592494,0.14434038728068257,-0.01122048864780927,0.09839030994198789,0.09655319674382633,0.10640548500842126,cholesky
point,3,0.5,500.0,20,0.08650083616874338,0.023135308584900545,0.0013907172737904032,0.10988348420936658,0.13286083780010072,0.10346424535254417,0.0703874221817505,0.1284463384419321,0.07868356474719918,0.15111694211440577,-0.008880864140067482,0.09938004508597346,0.09726995137811033,0.10518054451504458,cholesky
point,3,0.75,100.0,20,0.09319743442556734,0.019785171204912317,0.0001522820303915519,0.10180619989773305,0.12697782789154202,0.08848197552131074,0.06191464359015416,0.10979029345678169,0.06728969245528789,0.1292342637542215,-0.00904522554345295,0.13469421884393645,0.13159491656447547,0.12007451270759359,circulant
point,3,0.75,150.0,20,0.094617045745068,0.02437281144019662,0.0010030474421864404,0.11157394481365282,0.14226394539029383,0.10899852636612839,0.07355016100081241,0.13376733085811715,0.08289233229755218,0.15920015598915999,-0.0071759822342752355,0.14415799282663358,0.14069095661072242,0.13321268345573675,circulant
point,3,0.75,200.0,20,0.09549199833891694,0.027171782668002627,0.002318420080663788,0.11803108308382068,0.152139841726439,0.12151590623100895,0.08046018868109972,0.1501301723839187,0.09241167944697203,0.17748268597833436,-0.0049887210630310125,0.1500500283275186,0.14633573654059834,0.1414895833942201,circulant
point,3,0.75,250.0,20,0.09597653568462663,0.028773235738946752,0.0034748165872799538,0.12128057315349017,0.15792902901276087,0.12867782208982267,0.0862602969504854,0.15921829080079608,0.09785824766259865,0.1879431771419901,-0.0031739351414994607,0.15285472235503467,0.14901815897133291,0.14650286643733781,circulant
point,3,0.75,300.0,20,0.09628158335570297,0.029600366685694823,0.004188076717078937,0.12253011410259347,0.16098942742958444,0.13237686413626756,0.09014221501680299,0.16297319189602952,0.10067133360714231,0.1933458930358399,-0.0017193107370853087,0.15337714115656328,0.149503431690724,0.14923104442105628,circulant
point,3,0.75,400.0,20,0.07754150811503924,0.030629831856565884,0.020338022009338385,0.12751133205922432,0.154396343455482,0.13698077234133982,0.0934878907740127,0.16923728077789787,0.10417256157347626,0.20007023077546499,-0.013908459776440524,0.1338830861969994,0.1312322063538687,0.15048008000979637,cholesky
point,3,0.75,500.0,20,0.082127221586927,0.03228370400000226,0.019812761459282086,0.1324328199667082,0.16293371001982276,0.14437711341897386,0.09841236196006531,0.18010821663726861,0.10979740791620442,0.21087311676452072,-0.010587964488845714,0.13533727073274496,0.13233470066062017,0.1487477525509631,cholesky
point,3,1.0,100.0,20,0.09066430261358432,0.024751628237094734,0.0016535795355873922,0.11198413133532044,0.1409263448605943,0.11069264658389422,0.07494253625377652,0.1380254621893553,0.08418069445000313,0.16167453992740488,-0.015970528963063006,0.1787681598283949,0.17497202637955883,0.14964299621754684,circulant
point,3,1.0,150.0,20,0.09261620029158789,0.030376500846498754,0.006604452416801414,0.1263622580525001,0.16158485333199077,0.13584784162270225,0.09390498209699175,0.16629998611991126,0.10331097864451115,0.19841550430213478,-0.013864664767519857,0.1889383225319086,0.1846754833870177,0.16601645625696065,circulant
point,3,1.0,200.0,20,0.09380264502240052,0.03381908666443642,0.01209746511418912,0.13401620028051012,0.1747278399303186,0.15124355343727292,0.10134822387783114,0.18652155666979636,0.1150192695933631,0.22090204429636226,-0.010685115822740421,0.19504288989680377,0.19040434384350913,0.17633155209419027,circulant
point,3,1.0,250.0,20,0.09444252166163773,0.035789228092868774,0.01618313966074701,0.1378407809502819,0.18236199713754309,0.16005429375579946,0.10620848962654195,0.20091742230895118,0.12171975297253747,0.23377076169881414,-0.00794384919943553,0.19753488849199952,0.1926970038767409,0.18257936171291975,circulant
point,3,1.0,300.0,20,0.09481941970438054,0.036804929215738066,0.0184973183410506,0.13927231479795957,0.1863549726463176,0.1645966472669167,0.10870854668547272,0.20154858454342292,0.1251741691853927,0.2404051943983785,-0.005750445779199408,0.19733022287920884,0.19241965503851172,0.1859793565868741,circulant
point,3,1.0,400.0,20,0.07303360620262024,0.0376068060104904,0.06710778726737529,0.14913835249148333,0.1794577190952284,0.16818274931220842,0.11684475291245147,0.20880989477271847,0.12790136534392377,0.24564295332996072,-0.015695761117929485,0.16196840485950578,0.15864562042857422,0.18753596859109334,cholesky
point,3,1.0,500.0,20,0.07923448487478192,0.039858595993702325,0.06142837650905821,0.15452229024337535,0.19095431236441487,0.17825306025923837,0.12248693486800274,0.224476878307235,0.13555974008705504,0.26035136386609353,-0.011513021877361402,0.1637479079998105,0.16001643096365847,0.18537705355138773,cholesky
point,3,1.25,100.0,20,0.08818493463990829,0.029110546757431608,0.006898651706665054,0.12364276268429006,0.15452390564330337,0.13018632282360632,0.0867680963410752,0.16099553360952523,0.09900544798048068,0.19014645052681953,-0.022950950503024616,0.221219161533086,0.21683580812892458,0.17435509102421126,circulant
point,3,1.25,150.0,20,0.09068843693695453,0.03551187212448035,0.01940405121734114,0.1398905523360081,0.17940223178096593,0.1588139201572359,0.10698028985316628,0.19580019646192698,0.1207764607654495,0.23195910720256105,-0.020723851112280277,0.2309322097995414,0.22603689798720558,0.19343246977037762,circulant
point,3,1.25,200.0,20,0.0922069608287024,0.039439897511549166,0.030482521150195934,0.14798652761219047,0.19508133796951055,0.17638058372289747,0.12087663675756077,0.21731061603831792,0.1341357396675597,0.25761647774781526,-0.016604816567660212,0.23642751850291083,0.23103850948146648,0.20545100400908692,circulant
point,3,1.25,250.0,20,0.09301624179389528,0.041691156156632166,0.0379222540283567,0.1522544667268147,0.20414925610767595,0.1864485184535768,0.1285611276146864,0.2300184954923459,0.14179230732098147,0.2723214176497451,-0.012981032600719733,0.2380897782489147,0.23242399314328,0.21273057901299736,circulant
point,3,1.25,300.0,20,0.0934691691284222,0.04285241458101506,0.041939530073108924,0.1548887735733096,0.20887016266235406,0.1916418240063057,0.1290934460312993,0.2365214231701353,0.1457417663086518,0.2799066124377614,-0.010096088974748592,0.23685411136051335,0.2310774925810508,0.21669205018581694,circulant
point,3,1.25,400.0,20,0.06967675608882941,0.043301125075399474,0.1240795962185532,0.16648669483893191,0.20119545611711673,0.19364851834162788,0.13363642182463709,0.23850412528222767,0.14726783807502047,0.28283753326629407,-0.016924999604194323,0.18435876796036862,0.18048601931804517,0.21850572162079987,cholesky
point,3,1.25,500.0,20,0.07740277963772987,0.04611322972902665,0.10961412837363026,0.17336421570808974,0.21539117776836805,0.2062246326723356,0.13854978257265435,0.26064936487329593,0.15683185222151796,0.3012058491503182,-0.012001260249047584,0.1863494942935154,0.18202707922131217,0.21599028262414824,cholesky
point,3,1.5,100.0,20,0.08579225514218128,0.03300095053933445,0.017596845011089737,0.13377315625003328,0.16748881465899002,0.14758473745612039,0.09765414566078841,0.18325056379308263,0.11223677518507597,0.21555808145251115,-0.029477300216516816,0.2616379486239556,0.2567111345076382,0.1951358279730957,circulant
point,3,1.5,150.0,20,0.08887028120407997,0.03995034328469404,0.03842952101387084,0.15149957094384006,0.19550574294384634,0.1786633666180562,0.12072150985634195,0.22064867069867253,0.13587177413166845,0.26095064569590226,-0.027196634653741048,0.2700034480515197,0.2645683764137605,0.21648696877042733,circulant
point,3,1.5,200.0,20,0.0907412403166116,0.04422562357429373,0.05423262284442641,0.16086983148462886,0.21306379918785934,0.19778300131887602,0.13288945735062466,0.24293913761217148,0.15041207266473808,0.2888762418328804,-0.02222903236608482,0.27427610491986865,0.2682538769961144,0.2299379475512412,circulant
point,3,1.5,250.0,20,0.09173283725132897,0.04668232191357466,0.06420174079893104,0.16573419340487375,0.22320496821484162,0.208769690292562,0.13947607992923092,0.25771557047948984,0.1587673440947162,0.30492308812270996,-0.01781047617195267,0.274742354940312,0.2683773585452258,0.23808514811381642,circulant
point,3,1.5,300.0,20,0.0922664873089702,0.04795252656074266,0.06944977971400598,0.16870403349527557,0.22847878664758414,0.2144502181653696,0.14697807941644703,0.2630859343700399,0.1630873309767095,0.31321990601191735,-0.014314851081765898,0.27228454397966567,0.26577592856990806,0.24251877235018796,circulant
point,3,1.5,400.0,20,0.06717192763260016,0.047982899070097125,0.17765616740473653,0.18052503928606706,0.21967448946596121,0.21458604815649723,0.14828825775968374,0.26893268603685505,0.16319062838022397,0.3134182954442927,-0.017787337059490378,0.20249679296872372,0.19816935425073973,0.2445486085600604,cholesky
point,3,1.5,500.0,20,0.07630445142570949,0.05131369974598272,0.15341718386312625,0.1888255072255532,0.23632856187556958,0.2294818416180621,0.15399082264739813,0.2888433250106035,0.17451873622366582,0.33517466887174446,-0.012232921392371594,0.20461375176478158,0.19980763850886338,0.24173336371436058,cholesky
point,3,1.75,100.0,20,0.08353393285175503,0.03650827318659478,0.03376651377277196,0.14332397035852268,0.17972797263630166,0.1632699611727176,0.10805957340440692,0.2013144353447612,0.12416523715446329,0.23846747431915755,-0.035323761192064054,0.29980635717423126,0.294342364121668,0.2128072735122759,circulant
point,3,1.75,150.0,20,0.08719914945463589,0.04382155186365667,0.06119317892493667,0.163206880353421,0.20997602580450894,0.19597593769333782,0.13237589834914062,0.24071729910539144,0.14903781813557335,0.28623689595675655,-0.03303508448587989,0.30619729267755774,0.30026698078193986,0.23609196759768664,circulant
point,3,1.75,200.0,20,0.08943169610070753,0.048334613647591694,0.07988998509798566,0.17417809085202146,0.2288809535986481,0.2161589635644082,0.14630680048420658,0.2650667729475402,0.16438681543903372,0.31571565107510235,-0.027326098820725973,0.30882990223870066,0.3022479590794406,0.25076106322276653,circulant
point,3,1.75,250.0,20,0.09061021464637223,0.0509376973937255,0.0912701997237293,0.1788559550429529,0.2398093874267267,0.22780030797936818,0.15461946285879222,0.2808883922015322,0.17323994604369652,0.33271866853388776,-0.022216466058596944,0.30786494117778795,0.30089093085404794,0.25964607197020356,circulant
point,3,1.75,300.0,20,0.09122503853390398,0.052288767964353736,0.09720263903980061,0.18109114479201313,0.24549989308527764,0.2338424792560165,0.15335367151941512,0.2862288785955513,0.17783495926048346,0.3415436925211346,-0.018200209992997363,0.3040805687597642,0.296939371465267,0.2644812039668262,circulant
point,3,1.75,400.0,20,0.06528987309772036,0.0518773275482586,0.2234408147848224,0.19203925104381658,0.23536493512533538,0.23200246177785747,0.1564971540948088,0.2904682708335133,0.17643564364294442,0.33885621518257186,-0.01840000575735882,0.2174671456201999,0.21275789448304422,0.2666948615713078,cholesky
point,3,1.75,500.0,20,0.07570665562629299,0.05568694066873501,0.18990410490719623,0.2016797531227375,0.2542659425993563,0.24903956958857817,0.16336162308512978,0.31394377678083507,0.18939220048015998,0.36374013161241575,-0.01230835975086915,0.21964817141600038,0.214440082460882,0.2636246689464789,cholesky
point,3,2.0,100.0,20,0.08145061132070973,0.03968156075582599,0.054144751154660366,0.1527240443974925,0.1911860379339067,0.1774613346066297,0.11924020564210007,0.22192267126631876,0.13495764033330157,0.25919499183430533,-0.040422111950159455,0.3356451523902372,0.32963423978922984,0.22802411481006238,circulant
point,3,2.0,150.0,20,0.08569837413684545,0.04722066508340758,0.08536762979106638,0.17354146397831163,0.22295794297841545,0.21117723413850026,0.14228812034164146,0.2601505476760832,0.16059825806348024,0.30843947837680075,-0.0381649700876929,0.33965560204376705,0.3332479505436195,0.2529737872052712,circulant
point,3,2.0,200.0,20,0.08828777995645076,0.0518911451531721,0.10517530694403066,0.18560754983632682,0.24280827838128302,0.23206425598560312,0.15845716356262432,0.2868531457635309,0.17648263754436022,0.33894647004968165,-0.0318259713789127,0.34039110112824916,0.33329519812794817,0.26869180045626123,circulant
point,3,2.0,250.0,20,0.08964897796814807,0.05459779966399726,0.11704070914562985,0.1909647029194514,0.2543116475617724,0.24416878294122613,0.16513153300132832,0.30133699522439983,0.18568801402201854,0.35662599878970513,-0.026130165120335242,0.3378618277529453,0.3303420491689619,0.2782121341425866,circulant
point,3,2.0,300.0,20,0.09034091400016334,0.05600972975614328,0.12324157547085095,0.1937019805265851,0.26031939509408963,0.2504831262722582,0.16172119494231657,0.30770195120083477,0.19049001147176936,0.3658485495597292,-0.02168051204882255,0.3327082380323753,0.3250078117131594,0.28339300355237246,circulant
point,3,2.0,400.0,20,0.0638634856240727,0.05515923816977465,0.2612925149076673,0.20162316945107497,0.2487706460778376,0.2466796122694344,0.16976858744452333,0.3065871190924651,0.18759747560792267,0.36029324488962244,-0.018839211957717383,0.23005153237974316,0.22501652845944986,0.2857649493389216,cholesky
point,3,2.0,500.0,20,0.07545025518654835,0.05941131613312414,0.2194308196472086,0.21251917329819808,0.2697352891566944,0.26569548301279106,0.18155287900266823,0.3341329912006589,0.20205886264806389,0.3880672863334784,-0.012286864621447133,0.23225113520636037,0.226703611256276,0.2824752217651478,cholesky
point,4,0.5,100.0,20,-0.016800420010862648,0.012689105100330436,0.20121063815241244,0.0475754968439981,0.05780578248963334,0.05674740315595629,0.03635442094928397,0.07090187538306844,0.04315585500326955,0.08288364747301202,-0.005401265437187658,0.09444954851258167,0.09221634899431852,0.09110440029527267,circulant
point,4,0.5,150.0,20,-0.01568078566704939,0.015582153244451225,0.3269018473884103,0.057258027338236914,0.06970762895174111,0.06968550778082368,0.04478798277867054,0.08692280876887448,0.052995159291316124,0.10178067611323621,-0.002415942643325602,0.10725695253257615,0.10456905829212754,0.10467913501190931,circulant
point,4,0.5,200.0,20,-0.015105349427095132,0.017307429651422186,0.3936867376326531,0.06320997378389778,0.07693872160982579,0.077401178432751,0.04988279171416925,0.09522928790009463,0.05886285270791977,0.11304996582107875,-0.0004884267824250187,0.11490733076897462,0.11199887719057634,0.11377576904076774,circulant
point,4,0.5,250.0,20,-0.014799049826688948,0.018279734950407,0.42820022360679133,0.06640834443549212,0.08104219495459335,0.08174945991957759,0.05405372608469707,0.10113964982526025,0.06216967901049382,0.11940094242659997,0.000858670638308015,0.11918241514703995,0.11616782253073524,0.11958527198361167,circulant
point,4,0.5,300.0,20,-0.014568615105558996,0.018771355511387228,0.44723880215163536,0.06777479998102583,0.08310930461179895,0.08394805390655434,0.05446511294783298,0.10481377218355065,0.06384168861862105,0.12261214644332048,0.0019522235237110445,0.12115342945531385,0.1181018923304409,0.12307552114722148,circulant
point,4,0.5,400.0,20,-0.021886995299479028,0.019019893789956957,0.26411538002987933,0.06999248289240607,0.08574620340914832,0.08505955087833973,0.06013726033666786,0.10377679189745478,0.06468697138899059,0.12423556739394262,0.0017057153988686308,0.1197071630052501,0.11668857740177131,0.12575857238024005,cholesky
point,4,0.5,500.0,20,-0.019589843711669518,0.019828489264768892,0.3355854675657726,0.07362879088565268,0.0886226422568504,0.08867569977429614,0.06071889348894625,0.10929868136707226,0.06743701788883201,0.12951721190336038,0.005601847614926193,0.12519049048847303,0.12214911649294925,0.12532816989172554,cholesky
point,4,0.75,100.0,20,-0.01763933610129148,0.0179224445611715,0.3373833139958922,0.06526888707530873,0.08008877911425157,0.08015160872350173,0.05280602861738582,0.09982864917305989,0.060954528524309624,0.1170671662908724,-0.009116616853442765,0.12930212256377405,0.12635742818439624,0.128841078489442,circulant
point,4,0.75,150.0,20,-0.016012641007843054,0.021946528146418776,0.47452185044910195,0.07942757566810768,0.09699359013870729,0.09814785761100969,0.06406011264256976,0.12205080244045519,0.07464050293722911,0.1433519769725086,-0.004541452286067904,0.1461975495222668,0.14256809636404102,0.14803865243132644,circulant
point,4,0.75,200.0,20,-0.015242914554450796,0.024353817133007473,0.5388310411707175,0.0880614070549999,0.10724460925438484,0.10891358124200749,0.07105196452910434,0.13556956194685713,0.08282773234661309,0.15907608755024238,-0.0016301456636310114,0.15638764954618506,0.15243654240022642,0.16090323564688264,circulant
point,4,0.75,250.0,20,-0.01487864460281425,0.025709190957044215,0.5695699724284321,0.09259416518005378,0.11304716519606484,0.11497499725294748,0.07303529283158364,0.14360826710727911,0.08743738099897025,0.1679292198505402,0.00042036918819473234,0.1622136801983611,0.15810689691337232,0.16911911349929895,circulant
point,4,0.75,300.0,20,-0.014622344169170364,0.026391522125210055,0.5860040786571985,0.09448838820923022,0.11596356889396452,0.1180264750033188,0.07342696487540207,0.1466954793222282,0.08975800051663896,0.17238612170098144,0.002099622130447191,0.165028170802573,0.16086326713582474,0.17405507120253727,circulant
point,4,0.75,400.0,20,-0.024122353128419916,0.026574423667856385,0.37539162334615306,0.09843620056793928,0.11832027633819986,0.11884443556841234,0.08382535515380794,0.14404582520872924,0.09038005166933324,0.17358081170182113,0.005462405604875315,0.16643716426930988,0.16231482077278386,0.177849478644814,cholesky
point,4,0.75,500.0,20,-0.020529928577130634,0.027829766185722832,0.4697122767551157,0.10270036299625954,0.12303210881908072,0.12445849797840258,0.08592096649344032,0.15365368172078403,0.09464949220529924,0.18178055202125598,0.011721234259226141,0.1759245234331905,0.17187016431159624,0.17724079760827766,cholesky
point,4,1.0,100.0,20,-0.018468626297439,0.02246148367782709,0.4211423321461813,0.08147829505069323,0.09963401471631572,0.10045080875824673,0.06570058475426432,0.12346861652032422,0.07639187516331385,0.1467156020975312,-0.013587482196029451,0.1576616239145784,0.15426907643802204,0.16056833866160625,circulant
point,4,1.0,150.0,20,-0.01640949618917087,0.027371868320535772,0.5559202962280616,0.09843052125849772,0.12043436343901463,0.12241071647178199,0.07746076795679782,0.15078560599752053,0.09309217403982793,0.17878962043571647,-0.007599636830575918,0.17731779598135622,0.17299501499482065,0.18449333673149065,circulant
point,4,1.0,200.0,20,-0.015492368020919339,0.030318591836923276,0.6152474874353502,0.10917932394819754,0.13306065036441342,0.13558886465886133,0.08898841419914673,0.16794993731820915,0.10311402915115742,0.19803724989434046,-0.0038292389970491342,0.18920962981110714,0.18445848552964408,0.20052583800137963,circulant
point,4,1.0,250.0,20,-0.015102146560677649,0.03197872274298917,0.6421228941170326,0.11479843583410601,0.1402077397575707,0.14301319577388466,0.0898769685175302,0.17712537113378252,0.10876016164845706,0.2088810173381009,-0.0011422039254252252,0.1961336523810164,0.1911708496249069,0.2107648849953651,circulant
point,4,1.0,300.0,20,-0.01484818510894596,0.032813257595278485,0.6560289289989568,0.11711036219238824,0.14379831781803795,0.14674534909250797,0.08709923193087107,0.1810479960670705,0.11159842839743644,0.21433209461693034,0.0010922047605645981,0.19960601946923653,0.19455494794318282,0.21691632782249015,circulant
point,4,1.0,400.0,20,-0.025652002254835982,0.03283050532702446,0.44422632992973726,0.12234664854023185,0.14538577901641536,0.1468224832937913,0.1045274045930391,0.1796402417570074,0.11165708821658672,0.2144447546434995,0.009857545744600881,0.20530763808860458,0.20035178100718812,0.22164511235576723,cholesky
point,4,1.0,500.0,20,-0.02077248603697236,0.034515417269039186,0.5544002318806082,0.12761631754611652,0.15187647195012827,0.15435763857068355,0.10873937438375494,0.1923206592165252,0.11738750142444734,0.22545038871468234,0.01855276789539222,0.2190717022482173,0.2143291753033527,0.22088654293088092,cholesky
point,4,1.25,100.0,20,-0.019346342783991607,0.026460931890526274,0.47362165538491197,0.09559609829230342,0.11695177806644089,0.11833688491041755,0.07869206501910812,0.1465682183981023,0.08999406426929239,0.1728394976068603,-0.018550063495480502,0.18127537854485226,0.1776564932079232,0.18708464819998025,circulant
point,4,1.25,150.0,20,-0.01689983259807459,0.03202980178061931,0.6038649751518423,0.11455827393992482,0.14063378037247118,0.14324162817461716,0.09396228826627864,0.17659897072268715,0.10893388229496784,0.20921465922338142,-0.011312137949320806,0.20267411869034796,0.1978659216048793,0.21496062851090936,circulant
point,4,1.25,200.0,20,-0.015846491272284817,0.035379278089152554,0.6592883254125184,0.12696747081180587,0.1550267213409508,0.15822094160442796,0.10148857489098051,0.19574895053194466,0.12032550627199544,0.23109301954750278,-0.006788423281523516,0.21557308571977035,0.21022428549778785,0.23364074244149036,circulant
point,4,1.25,250.0,20,-0.015433126768809138,0.03726867382128588,0.683434906207428,0.13343909630666367,0.16318182595317632,0.16667057619132417,0.10612036975364761,0.20659705112853022,0.12675137221092747,0.2434343161606953,-0.0035278486641369218,0.22318803633226136,0.21756539315790857,0.24557066910536307,circulant
point,4,1.25,300.0,20,-0.015187669079293684,0.03821848165059209,0.6955083593291705,0.1363074022176783,0.167281378957487,0.17091824593510457,0.11015669189525504,0.21115246707616367,0.1299816842493581,0.24963834210806277,-0.0007775795376462113,0.22712469313667125,0.22137513309028883,0.25273796327323983,circulant
point,4,1.25,400.0,20,-0.026650044029632485,0.03798469266398279,0.49143420145842415,0.1421288496356541,0.16770249105349827,0.1698727098022062,0.11705292101829554,0.20775777354872837,0.1291865640633641,0.24811126168781364,0.014342589027861685,0.23777088681593242,0.23219378705382135,0.25824766087736145,cholesky
point,4,1.25,500.0,20,-0.020546570860996278,0.040073648057418004,0.6140564391976427,0.1485914711634184,0.17588123742489473,0.17921480232557813,0.1252882132325615,0.22907283795717184,0.13629113569032938,0.2617560570494521,0.02543630163782066,0.25582949316989156,0.25064576305574293,0.2573638210421047,cholesky
point,4,1.5,100.0,20,-0.02026333256146063,0.03004623537619027,0.5081772061050001,0.10799038941416642,0.1325267957503066,0.13437084953824083,0.0902079856174027,0.16599495617268906,0.10218774035177698,0.19625825155679782,-0.023727162678111768,0.2014589721930947,0.19778627316372785,0.20938257387901033,circulant
point,4,1.5,150.0,20,-0.01744800517961576,0.03607670045665578,0.6341708756656941,0.12864587276365896,0.15821969183920812,0.16133990924996006,0.1063959974683844,0.19779737954016166,0.12269745120664825,0.2356484952245405,-0.015361918949232594,0.22385219621575514,0.21872426481048896,0.24058098894438684,circulant
point,4,1.5,200.0,20,-0.016251401419970453,0.03971025953551015,0.6869332200555496,0.14198711150500498,0.1738542423505591,0.17758967945111984,0.1108608158490015,0.2164184923064475,0.1350552453546981,0.2593824486738098,-0.010164123056830055,0.23722490160806878,0.23144152748226574,0.2614875164054606,circulant
point,4,1.5,250.0,20,-0.01580637708511231,0.041763696174585,0.7092759447621576,0.14911836929586886,0.18272865566641333,0.18677292727604,0.11980679700030718,0.23095688525529498,0.1420390171143006,0.2727952399743417,-0.00638412458273382,0.2452012629571351,0.23907788152540013,0.2748393268030695,circulant
point,4,1.5,300.0,20,-0.015567425296821211,0.042797120289985,0.7200613114569548,0.15250489897594255,0.18719674497054054,0.19139454041928397,0.11816126701401783,0.23696786078471005,0.14555370951604632,0.2795454370444796,-0.00315996166319094,0.24943175752527508,0.2431365396988965,0.2828608641929996,circulant
point,4,1.5,400.0,20,-0.027263474707126912,0.04225296440108973,0.5264847655532048,0.15853078593117073,0.1861833614102547,0.18896100130343066,0.13376916554824725,0.22983284524116854,0.14370302639421387,0.2759910788364776,0.018649720174796474,0.2651667118507789,0.25912454125895623,0.28902724222960285,cholesky
point,4,1.5,500.0,20,-0.020022923130118785,0.04471938471377571,0.6593998032428844,0.16612296624039374,0.19595295727564185,0.19999116826393495,0.1399847696815637,0.2508057004568063,0.15209136241553214,0.2921014278406495,0.03204400184602013,0.2874038284336192,0.28195341924277834,0.2880380608008571,cholesky
point,4,1.75,100.0,20,-0.021177866278583174,0.033295882956620074,0.5323312074724831,0.11988550441980839,0.1466703877252374,0.14890371532375835,0.09990474775320751,0.18427216024448262,0.11323984518374833,0.21748454311465218,-0.028898639118497833,0.21907147087095055,0.21547117028731438,0.22834420070884326,circulant
point,4,1.75,150.0,20,-0.0180028672315853,0.0396288238565255,0.6547691783888369,0.140769844149838,0.17367363977684425,0.17722548802311278,0.11405568674692268,0.22019056598515777,0.13477828127200145,0.2588505210039449,-0.019502009566505607,0.24193073246722557,0.23660998229925537,0.2623679354423874,circulant
point,4,1.75,200.0,20,-0.01665438176883301,0.04345194293047188,0.7057648859513822,0.15476084242702604,0.19013343729162624,0.1943229962939531,0.12048890267981142,0.24027601548603608,0.1477807720789511,0.28382265663264805,-0.013694219211641568,0.25539348913980886,0.24930317731643908,0.285167752133221,circulant
point,4,1.75,250.0,20,-0.016169797013061114,0.04561810553842153,0.7268977949163143,0.16240460719172548,0.1995010823048846,0.20401036997734037,0.12978749929157543,0.25193743735720486,0.15514792671145114,0.29797175986309127,-0.009444169559298688,0.2634846048229059,0.2569866192400171,0.2997286987142853,circulant
point,4,1.75,300.0,20,-0.01593512388200116,0.04671058350898683,0.73673738983927,0.16621410268338016,0.20422933627759104,0.20889607998955045,0.1279560566212842,0.25978651496240757,0.1588634622452182,0.305107689329229,-0.005789106010714846,0.2678737727744493,0.2611552296658057,0.30847666426760834,circulant
point,4,1.75,400.0,20,-0.02760491223522108,0.04582365379958001,0.5540194824042688,0.17225134719058433,0.20163920472677374,0.20492960974655489,0.14366317917372387,0.24930976562575968,0.15584699972602478,0.2993143753967987,0.022670964421327197,0.28857853249227305,0.2821837408009492,0.31520146775985286,cholesky
point,4,1.75,500.0,20,-0.019318579451019814,0.048642332874981264,0.6956787230340569,0.1809100256614891,0.21290528860245475,0.2175351257852618,0.14909123119916226,0.2678953031811283,0.16543337358903254,0.31772563458157993,0.03824299009555406,0.3148170547747713,0.3092196878752337,0.31412270633993883,cholesky
point,4,2.0,100.0,20,-0.02204487527717982,0.03625455048253646,0.550348998497609,0.1304861815281502,0.15956012255294652,0.16213527874529865,0.11063799091891464,0.20111314893399163,0.12330232206779626,0.2368101893496665,-0.03391391566785475,0.2346478123892463,0.2312072008870666,0.24467201416234313,circulant
point,4,2.0,150.0,20,-0.018522304087202835,0.04276954168241495,0.669838661911492,0.15127889688073695,0.18734597932021813,0.19127120513678111,0.1272498701549473,0.23480287720308823,0.14545991421842094,0.27936529702912316,-0.023569511168156056,0.25761996038528784,0.25220064164505457,0.2811286251940202,circulant
point,4,2.0,200.0,20,-0.01701958288578253,0.046712218555033734,0.7196203150245585,0.16572108042716524,0.20432391462072558,0.20890339213776488,0.13246389345186957,0.2563055709341388,0.15886902306369718,0.30511836924551006,-0.017209458854981978,0.2709154440135979,0.2646159186234116,0.30555874890621154,circulant
point,4,2.0,250.0,20,-0.01649235718266711,0.04895358308995405,0.7398867635912509,0.17376981178228545,0.2140201170334143,0.21892707906264294,0.13305026958306818,0.2706498662923356,0.1664919406858369,0.31975868205732605,-0.012536512814385458,0.2789488782784795,0.2721746075807332,0.3211608798867218,circulant
point,4,2.0,300.0,20,-0.016261978057391668,0.050087454398987236,0.7489770521645968,0.17793120711791588,0.2189309494009035,0.22399790571211267,0.13969273051184522,0.2766280724047057,0.17034825564407058,0.327164987633219,-0.008493175445981552,0.2833972208149794,0.27635198489702895,0.33053437106849903,circulant
point,4,2.0,400.0,20,-0.027755928313368573,0.04884667334895899,0.5765364438877735,0.1838607225789097,0.21471922132048393,0.2184489641659992,0.1559411322416092,0.27084133484923617,0.16612833889955333,0.31906036100048213,0.026378142694847527,0.30884003495194745,0.3021735680725465,0.33774003344216896,cholesky
point,4,2.0,500.0,20,-0.01851033153839427,0.05199444011662863,0.7257584308627104,0.19352483306868432,0.22739315431967871,0.23252620510564745,0.15848211386853733,0.29038650084331386,0.17683394541282307,0.3396211798317486,0.043999605837863734,0.3388810887929307,0.33321815382463105,0.3365841348969392,cholesky
