run,L_m,CV,seed,n,geometry,covariance_model,source_dx_m,source_nx,source_ny,domain_area_m2,path_length_total_m,path_length_each_m,Q_true_kg_s,Q_true_recomputed_kg_s,Q_prior_kg_s,Q_hat_kg_s,posterior_sigma_kg_s,e_signed,e_abs,converged,n_iter,method,n_obs,n_state,dof,dfs,prior_influence,ak_diag,chi2,chi2_per_dof,sigma_repr_mean_ng_m3,inverse_crime_flag,total_only,inversion_template,n_fine_cells,state_units,obs_units,jacobian_units,nature_run,E_Q_reported
source_heterogeneity_les_rice_paddy_l100_cv0p5_s0_wind3_n1_op,100.0,0.5,0,1,open_path,exponential,40.0,25,25,1000000.0,1000.0,1000.0,0.027778,0.027777999999999997,0.0,0.027891975965221916,0.010876612596965455,0.004103101923173557,0.004103101923173557,True,1,nonnegative,1,1,0,0.9998816992984155,0.00011830070158447281,0.9998816992984155,9.20443775605762e-08,,36833.462887422305,False,True,uniform,625,kg s-1,ng m-3,ng m-3 / (kg s-1),source_heterogeneity_les_rice_paddy_l100_cv0p5_s0_wind3_surface,0.004103101923173683
source_heterogeneity_les_rice_paddy_l100_cv0p5_s1_wind3_n1_op,100.0,0.5,1,1,open_path,exponential,40.0,25,25,1000000.0,1000.0,1000.0,0.027778,0.027778000000000004,0.0,0.029251823613950782,0.010876612596965455,0.05305722564442299,0.05305722564442299,True,1,nonnegative,1,1,0,0.9998816992984155,0.00011830070158447281,0.9998816992984155,1.0123824143447814e-07,,36833.462887422305,False,True,uniform,625,kg s-1,ng m-3,ng m-3 / (kg s-1),source_heterogeneity_les_rice_paddy_l100_cv0p5_s1_wind3_surface,0.053057225644422855
source_heterogeneity_les_rice_paddy_l100_cv0p5_s2_wind3_n1_op,100.0,0.5,2,1,open_path,exponential,40.0,25,25,1000000.0,1000.0,1000.0,0.027778,0.027777999999999997,0.0,0.026540608258544967,0.010876612596965455,-0.0445457463264106,0.0445457463264106,True,1,nonnegative,1,1,0,0.9998816992984155,0.00011830070158447281,0.9998816992984155,8.334133333776861e-08,,36833.462887422305,False,True,uniform,625,kg s-1,ng m-3,ng m-3 / (kg s-1),source_heterogeneity_les_rice_paddy_l100_cv0p5_s2_wind3_surface,0.04454574632641048
source_heterogeneity_les_rice_paddy_l100_cv0p5_s3_wind3_n1_op,100.0,0.5,3,1,open_path,exponential,40.0,25,25,1000000.0,1000.0,1000.0,0.027778,0.027777999999999997,0.0,0.026339579356329836,0.010876612596965455,-0.05178272891029466,0.05178272891029466,True,1,nonnegative,1,1,0,0.9998816992984155,0.00011830070158447281,0.9998816992984155,8.208359531859021e-08,,36833.462887422305,False,True,uniform,625,kg s-1,ng m-3,ng m-3 / (kg s-1),source_heterogeneity_les_rice_paddy_l100_cv0p5_s3_wind3_surface,0.05178272891029454
source_heterogeneity_les_rice_paddy_l100_cv0p5_s4_wind3_n1_op,100.0,0.5,4,1,open_path,exponential,40.0,25,25,1000000.0,1000.0,1000.0,0.027778,0.027777999999999997,0.0,0.028555344603169663,0.010876612596965455,0.027984181840653134,0.027984181840653134,True,1,nonnegative,1,1,0,0.9998816992984155,0.00011830070158447281,0.9998816992984155,9.647471665369569e-08,,36833.462887422305,False,True,uniform,625,kg s-1,ng m-3,ng m-3 / (kg s-1),source_heterogeneity_les_rice_paddy_l100_cv0p5_s4_wind3_surface,0.027984181840653263
source_heterogeneity_les_rice_paddy_l100_cv0p5_s5_wind3_n1_op,100.0,0.5,5,1,open_path,exponential,40.0,25,25,1000000.0,1000.0,1000.0,0.027778,0.027777999999999997,0.0,0.026276363159247123,0.010876612596965455,-0.0540584937991532,0.0540584937991532,True,1,nonnegative,1,1,0,0.9998816992984155,0.00011830070158447281,0.9998816992984155,8.169005936026254e-08,,36833.462887422305,False,True,uniform,625,kg s-1,ng m-3,ng m-3 / (kg s-1),source_heterogeneity_les_rice_paddy_l100_cv0p5_s5_wind3_surface,0.05405849379915308
source_heterogeneity_les_rice_paddy_l100_cv0p5_s6_wind3_n1_op,100.0,0.5,6,1,open_path,exponential,40.0,25,25,1000000.0,1000.0,1000.0,0.027778,0.027777999999999997,0.0,0.026553302380554346,0.010876612596965455,-0.04408876158995085,0.04408876158995085,True,1,nonnegative,1,1,0,0.9998816992984155,0.00011830070158447281,0.9998816992984155,8.342107514663855e-08,,36833.462887422305,False,True,uniform,625,kg s-1,ng m-3,ng m-3 / (kg s-1),source_heterogeneity_les_rice_paddy_l100_cv0p5_s6_wind3_surface,0.04408876158995073
source_heterogeneity_les_rice_paddy_l100_cv0p5_s7_wind3_n1_op,100.0,0.5,7,1,open_path,exponential,40.0,25,25,1000000.0,1000.0,1000.0,0.027778,0.027778000000000004,0.0,0.028030465548673923,0.010876612596965455,0.009088687042764871,0.009088687042764871,True,1,nonnegative,1,1,0,0.9998816992984155,0.00011830070158447281,0.9998816992984155,9.296068652168359e-08,,36833.462887422305,False,True,uniform,625,kg s-1,ng m-3,ng m-3 / (kg s-1),source_heterogeneity_les_rice_paddy_l100_cv0p5_s7_wind3_surface,0.009088687042764745
source_heterogeneity_les_rice_paddy_l250_cv0p5_s0_wind3_n1_op,250.0,0.5,0,1,open_path,exponential,40.0,25,25,1000000.0,1000.0,1000.0,0.027778,0.027778,0.0,0.027999191795615365,0.010876612596965455,0.0079628409394256,0.0079628409394256,True,1,nonnegative,1,1,0,0.9998816992984155,0.00011830070158447281,0.9998816992984155,9.275336868424041e-08,,36833.462887422305,False,True,uniform,625,kg s-1,ng m-3,ng m-3 / (kg s-1),source_heterogeneity_les_rice_paddy_l250_cv0p5_s0_wind3_surface,0.0079628409394256
source_heterogeneity_les_rice_paddy_l250_cv0p5_s1_wind3_n1_op,250.0,0.5,1,1,open_path,exponential,40.0,25,25,1000000.0,1000.0,1000.0,0.027778,0.027778,0.0,0.029618216578335996,0.010876612596965455,0.06624726684196111,0.06624726684196111,True,1,nonnegative,1,1,0,0.9998816992984155,0.00011830070158447281,0.9998816992984155,1.0379023842854983e-07,,36833.462887422305,False,True,uniform,625,kg s-1,ng m-3,ng m-3 / (kg s-1),source_heterogeneity_les_rice_paddy_l250_cv0p5_s1_wind3_surface,0.06624726684196111
source_heterogeneity_les_rice_paddy_l250_cv0p5_s2_wind3_n1_op,250.0,0.5,2,1,open_path,exponential,40.0,25,25,1000000.0,1000.0,1000.0,0.027778,0.027778000000000008,0.0,0.025793764989541675,0.010876612596965455,-0.07143188892138837,0.07143188892138837,True,1,nonnegative,1,1,0,0.9998816992984155,0.00011830070158447281,0.9998816992984155,7.871693539512258e-08,,36833.462887422305,False,True,uniform,625,kg s-1,ng m-3,ng m-3 / (kg s-1),source_heterogeneity_les_rice_paddy_l250_cv0p5_s2_wind3_surface,0.0714318889213886
source_heterogeneity_les_rice_paddy_l250_cv0p5_s3_wind3_n1_op,250.0,0.5,3,1,open_path,exponential,40.0,25,25,1000000.0,1000.0,1000.0,0.027778,0.027778000000000004,0.0,0.025100893653494324,0.010876612596965455,-0.09637505747374457,0.09637505747374457,True,1,nonnegative,1,1,0,0.9998816992984155,0.00011830070158447281,0.9998816992984155,7.454475093210148e-08,,36833.462887422305,False,True,uniform,625,kg s-1,ng m-3,ng m-3 / (kg s-1),source_heterogeneity_les_rice_paddy_l250_cv0p5_s3_wind3_surface,0.09637505747374468
source_heterogeneity_les_rice_paddy_l250_cv0p5_s4_wind3_n1_op,250.0,0.5,4,1,open_path,exponential,40.0,25,25,1000000.0,1000.0,1000.0,0.027778,0.027777999999999997,0.0,0.027962561721027818,0.010876612596965455,0.006644168803650985,0.006644168803650985,True,1,nonnegative,1,1,0,0.9998816992984155,0.00011830070158447281,0.9998816992984155,9.251083737111e-08,,36833.462887422305,False,True,uniform,625,kg s-1,ng m-3,ng m-3 / (kg s-1),source_heterogeneity_les_rice_paddy_l250_cv0p5_s4_wind3_surface,0.006644168803651111
source_heterogeneity_les_rice_paddy_l250_cv0p5_s5_wind3_n1_op,250.0,0.5,5,1,open_path,exponential,40.0,25,25,1000000.0,1000.0,1000.0,0.027778,0.027778000000000004,0.0,0.026112700050851312,0.010876612596965455,-0.05995031856680426,0.05995031856680426,True,1,nonnegative,1,1,0,0.9998816992984155,0.00011830070158447281,0.9998816992984155,8.067561056977687e-08,,36833.462887422305,False,True,uniform,625,kg s-1,ng m-3,ng m-3 / (kg s-1),source_heterogeneity_les_rice_paddy_l250_cv0p5_s5_wind3_surface,0.05995031856680438
source_heterogeneity_les_rice_paddy_l250_cv0p5_s6_wind3_n1_op,250.0,0.5,6,1,open_path,exponential,40.0,25,25,1000000.0,1000.0,1000.0,0.027778,0.027777999999999997,0.0,0.026807952973179894,0.010876612596965455,-0.03492141359421509,0.03492141359421509,True,1,nonnegative,1,1,0,0.9998816992984155,0.00011830070158447281,0.9998816992984155,8.50287915021729e-08,,36833.462887422305,False,True,uniform,625,kg s-1,ng m-3,ng m-3 / (kg s-1),source_heterogeneity_les_rice_paddy_l250_cv0p5_s6_wind3_surface,0.03492141359421497
source_heterogeneity_les_rice_paddy_l250_cv0p5_s7_wind3_n1_op,250.0,0.5,7,1,open_path,exponential,40.0,25,25,1000000.0,1000.0,1000.0,0.027778,0.027778000000000004,0.0,0.02847871115200154,0.010876612596965455,0.025225399668858072,0.025225399668858072,True,1,nonnegative,1,1,0,0.9998816992984155,0.00011830070158447281,0.9998816992984155,9.595759664634971e-08,,36833.462887422305,False,True,uniform,625,kg s-1,ng m-3,ng m-3 / (kg s-1),source_heterogeneity_les_rice_paddy_l250_cv0p5_s7_wind3_surface,0.025225399668857944
source_heterogeneity_les_rice_paddy_l500_cv0p5_s0_wind3_n1_op,500.0,0.5,0,1,open_path,exponential,40.0,25,25,1000000.0,1000.0,1000.0,0.027778,0.027778000000000004,0.0,0.026982536234099987,0.010876612596965455,-0.028636466480668633,0.028636466480668633,True,1,nonnegative,1,1,0,0.9998816992984155,0.00011830070158447281,0.9998816992984155,8.61398752517463e-08,,36833.462887422305,False,True,uniform,625,kg s-1,ng m-3,ng m-3 / (kg s-1),source_heterogeneity_les_rice_paddy_l500_cv0p5_s0_wind3_surface,0.028636466480668754
source_heterogeneity_les_rice_paddy_l500_cv0p5_s1_wind3_n1_op,500.0,0.5,1,1,open_path,exponential,40.0,25,25,1000000.0,1000.0,1000.0,0.027778,0.027778,0.0,0.03143555470969984,0.010876612596965455,0.1316709161818647,0.1316709161818647,True,1,nonnegative,1,1,0,0.9998816992984155,0.00011830070158447281,0.9998816992984155,1.1691788678903043e-07,,36833.462887422305,False,True,uniform,625,kg s-1,ng m-3,ng m-3 / (kg s-1),source_heterogeneity_les_rice_paddy_l500_cv0p5_s1_wind3_surface,0.1316709161818647
source_heterogeneity_les_rice_paddy_l500_cv0p5_s2_wind3_n1_op,500.0,0.5,2,1,open_path,exponential,40.0,25,25,1000000.0,1000.0,1000.0,0.027778,0.027777999999999997,0.0,0.03117469858547385,0.010876612596965455,0.12228017083569191,0.12228017083569191,True,1,nonnegative,1,1,0,0.9998816992984155,0.00011830070158447281,0.9998816992984155,1.1498553942653189e-07,,36833.462887422305,False,True,uniform,625,kg s-1,ng m-3,ng m-3 / (kg s-1),source_heterogeneity_les_rice_paddy_l500_cv0p5_s2_wind3_surface,0.12228017083569205
source_heterogeneity_les_rice_paddy_l500_cv0p5_s3_wind3_n1_op,500.0,0.5,3,1,open_path,exponential,40.0,25,25,1000000.0,1000.0,1000.0,0.027778,0.027778000000000004,0.0,0.028091657829053367,0.010876612596965455,0.011291591513189073,0.011291591513189073,True,1,nonnegative,1,1,0,0.9998816992984155,0.00011830070158447281,0.9998816992984155,9.336700767468746e-08,,36833.462887422305,False,True,uniform,625,kg s-1,ng m-3,ng m-3 / (kg s-1),source_heterogeneity_les_rice_paddy_l500_cv0p5_s3_wind3_surface,0.011291591513188946
source_heterogeneity_les_rice_paddy_l500_cv0p5_s4_wind3_n1_op,500.0,0.5,4,1,open_path,exponential,40.0,25,25,1000000.0,1000.0,1000.0,0.027778,0.027778,0.0,0.025197840450275667,0.010876612596965455,-0.09288500071007035,0.09288500071007035,True,1,nonnegative,1,1,0,0.9998816992984155,0.00011830070158447281,0.9998816992984155,7.512168903160138e-08,,36833.462887422305,False,True,uniform,625,kg s-1,ng m-3,ng m-3 / (kg s-1),source_heterogeneity_les_rice_paddy_l500_cv0p5_s4_wind3_surface,0.09288500071007035
source_heterogeneity_les_rice_paddy_l500_cv0p5_s5_wind3_n1_op,500.0,0.5,5,1,open_path,exponential,40.0,25,25,1000000.0,1000.0,1000.0,0.027778,0.027777999999999997,0.0,0.026190870628101052,0.010876612596965455,-0.057136200298759765,0.057136200298759765,True,1,nonnegative,1,1,0,0.9998816992984155,0.00011830070158447281,0.9998816992984155,8.115935208234858e-08,,36833.462887422305,False,True,uniform,625,kg s-1,ng m-3,ng m-3 / (kg s-1),source_heterogeneity_les_rice_paddy_l500_cv0p5_s5_wind3_surface,0.05713620029875965
source_heterogeneity_les_rice_paddy_l500_cv0p5_s6_wind3_n1_op,500.0,0.5,6,1,open_path,exponential,40.0,25,25,1000000.0,1000.0,1000.0,0.027778,0.027778000000000004,0.0,0.028826113115898742,0.010876612596965455,0.03773177031819216,0.03773177031819216,True,1,nonnegative,1,1,0,0.9998816992984155,0.00011830070158447281,0.9998816992984155,9.831298300198666e-08,,36833.462887422305,False,True,uniform,625,kg s-1,ng m-3,ng m-3 / (kg s-1),source_heterogeneity_les_rice_paddy_l500_cv0p5_s6_wind3_surface,0.037731770318192026
source_heterogeneity_les_rice_paddy_l500_cv0p5_s7_wind3_n1_op,500.0,0.5,7,1,open_path,exponential,40.0,25,25,1000000.0,1000.0,1000.0,0.027778,0.027778,0.0,0.03436407140821422,0.010876612596965455,0.2370966739223206,0.2370966739223206,True,1,nonnegative,1,1,0,0.9998816992984155,0.00011830070158447281,0.9998816992984155,1.3971657352645977e-07,,36833.462887422305,False,True,uniform,625,kg s-1,ng m-3,ng m-3 / (kg s-1),source_heterogeneity_les_rice_paddy_l500_cv0p5_s7_wind3_surface,0.2370966739223206
source_heterogeneity_les_rice_paddy_l100_cv1p0_s0_wind3_n1_op,100.0,1.0,0,1,open_path,exponential,40.0,25,25,1000000.0,1000.0,1000.0,0.027778,0.027778000000000004,0.0,0.02693875256821519,0.010876612596965455,-0.030212665842926437,0.030212665842926437,True,1,nonnegative,1,1,0,0.9998816992984155,0.00011830070158447281,0.9998816992984155,8.586054942960935e-08,,36833.462887422305,False,True,uniform,625,kg s-1,ng m-3,ng m-3 / (kg s-1),source_heterogeneity_les_rice_paddy_l100_cv1p0_s0_wind3_surface,0.030212665842926558
source_heterogeneity_les_rice_paddy_l100_cv1p0_s1_wind3_n1_op,100.0,1.0,1,1,open_path,exponential,40.0,25,25,1000000.0,1000.0,1000.0,0.027778,0.027777999999999997,0.0,0.029752703507184296,0.010876612596965455,0.07108875754857426,0.07108875754857426,True,1,nonnegative,1,1,0,0.9998816992984155,0.00011830070158447281,0.9998816992984155,1.0473493547159903e-07,,36833.462887422305,False,True,uniform,625,kg s-1,ng m-3,ng m-3 / (kg s-1),source_heterogeneity_les_rice_paddy_l100_cv1p0_s1_wind3_surface,0.0710887575485744
source_heterogeneity_les_rice_paddy_l100_cv1p0_s2_wind3_n1_op,100.0,1.0,2,1,open_path,exponential,40.0,25,25,1000000.0,1000.0,1000.0,0.027778,0.027778000000000004,0.0,0.02510046556038534,0.010876612596965455,-0.09639046870237812,0.09639046870237812,True,1,nonnegative,1,1,0,0.9998816992984155,0.00011830070158447281,0.9998816992984155,7.454220824766398e-08,,36833.462887422305,False,True,uniform,625,kg s-1,ng m-3,ng m-3 / (kg s-1),source_heterogeneity_les_rice_paddy_l100_cv1p0_s2_wind3_surface,0.09639046870237823
source_heterogeneity_les_rice_paddy_l100_cv1p0_s3_wind3_n1_op,100.0,1.0,3,1,open_path,exponential,40.0,25,25,1000000.0,1000.0,1000.0,0.027778,0.027778000000000004,0.0,0.025120356936153353,0.010876612596965455,-0.09567438490340009,0.09567438490340009,True,1,nonnegative,1,1,0,0.9998816992984155,0.00011830070158447281,0.9998816992984155,7.466040004696283e-08,,36833.462887422305,False,True,uniform,625,kg s-1,ng m-3,ng m-3 / (kg s-1),source_heterogeneity_les_rice_paddy_l100_cv1p0_s3_wind3_surface,0.0956743849034002
source_heterogeneity_les_rice_paddy_l100_cv1p0_s4_wind3_n1_op,100.0,1.0,4,1,open_path,exponential,40.0,25,25,1000000.0,1000.0,1000.0,0.027778,0.027778,0.0,0.02928251326503256,0.010876612596965455,0.054162044244818235,0.054162044244818235,True,1,nonnegative,1,1,0,0.9998816992984155,0.00011830070158447281,0.9998816992984155,1.0145078176632651e-07,,36833.462887422305,False,True,uniform,625,kg s-1,ng m-3,ng m-3 / (kg s-1),source_heterogeneity_les_rice_paddy_l100_cv1p0_s4_wind3_surface,0.054162044244818235
source_heterogeneity_les_rice_paddy_l100_cv1p0_s5_wind3_n1_op,100.0,1.0,5,1,open_path,exponential,40.0,25,25,1000000.0,1000.0,1000.0,0.027778,0.027777999999999997,0.0,0.023649171378712603,0.010876612596965455,-0.14863664127321613,0.14863664127321613,True,1,nonnegative,1,1,0,0.9998816992984155,0.00011830070158447281,0.9998816992984155,6.61714357183464e-08,,36833.462887422305,False,True,uniform,625,kg s-1,ng m-3,ng m-3 / (kg s-1),source_heterogeneity_les_rice_paddy_l100_cv1p0_s5_wind3_surface,0.14863664127321602
source_heterogeneity_les_rice_paddy_l100_cv1p0_s6_wind3_n1_op,100.0,1.0,6,1,open_path,exponential,40.0,25,25,1000000.0,1000.0,1000.0,0.027778,0.027778000000000004,0.0,0.02543786957560302,0.010876612596965455,-0.08424402132612074,0.08424402132612074,True,1,nonnegative,1,1,0,0.9998816992984155,0.00011830070158447281,0.9998816992984155,7.655969122126406e-08,,36833.462887422305,False,True,uniform,625,kg s-1,ng m-3,ng m-3 / (kg s-1),source_heterogeneity_les_rice_paddy_l100_cv1p0_s6_wind3_surface,0.08424402132612085
source_heterogeneity_les_rice_paddy_l100_cv1p0_s7_wind3_n1_op,100.0,1.0,7,1,open_path,exponential,40.0,25,25,1000000.0,1000.0,1000.0,0.027778,0.027778,0.0,0.02800156509365857,0.010876612596965455,0.008048278985476599,0.008048278985476599,True,1,nonnegative,1,1,0,0.9998816992984155,0.00011830070158447281,0.9998816992984155,9.276909347486906e-08,,36833.462887422305,False,True,uniform,625,kg s-1,ng m-3,ng m-3 / (kg s-1),source_heterogeneity_les_rice_paddy_l100_cv1p0_s7_wind3_surface,0.008048278985476599
source_heterogeneity_les_rice_paddy_l250_cv1p0_s0_wind3_n1_op,250.0,1.0,0,1,open_path,exponential,40.0,25,25,1000000.0,1000.0,1000.0,0.027778,0.027778000000000004,0.0,0.02690047527751761,0.010876612596965455,-0.0315906372842678,0.0315906372842678,True,1,nonnegative,1,1,0,0.9998816992984155,0.00011830070158447281,0.9998816992984155,8.561672415950927e-08,,36833.462887422305,False,True,uniform,625,kg s-1,ng m-3,ng m-3 / (kg s-1),source_heterogeneity_les_rice_paddy_l250_cv1p0_s0_wind3_surface,0.03159063728426792
source_heterogeneity_les_rice_paddy_l250_cv1p0_s1_wind3_n1_op,250.0,1.0,1,1,open_path,exponential,40.0,25,25,1000000.0,1000.0,1000.0,0.027778,0.027778000000000004,0.0,0.030466707035832256,0.010876612596965455,0.09679267894852962,0.09679267894852962,True,1,nonnegative,1,1,0,0.9998816992984155,0.00011830070158447281,0.9998816992984155,1.0982209736538366e-07,,36833.462887422305,False,True,uniform,625,kg s-1,ng m-3,ng m-3 / (kg s-1),source_heterogeneity_les_rice_paddy_l250_cv1p0_s1_wind3_surface,0.09679267894852948
source_heterogeneity_les_rice_paddy_l250_cv1p0_s2_wind3_n1_op,250.0,1.0,2,1,open_path,exponential,40.0,25,25,1000000.0,1000.0,1000.0,0.027778,0.027778000000000004,0.0,0.02417905490447596,0.010876612596965455,-0.1295609869509698,0.1295609869509698,True,1,nonnegative,1,1,0,0.9998816992984155,0.00011830070158447281,0.9998816992984155,6.916993116191505e-08,,36833.462887422305,False,True,uniform,625,kg s-1,ng m-3,ng m-3 / (kg s-1),source_heterogeneity_les_rice_paddy_l250_cv1p0_s2_wind3_surface,0.1295609869509699
source_heterogeneity_les_rice_paddy_l250_cv1p0_s3_wind3_n1_op,250.0,1.0,3,1,open_path,exponential,40.0,25,25,1000000.0,1000.0,1000.0,0.027778,0.027777999999999997,0.0,0.022930352367799018,0.010876612596965455,-0.17451391864788618,0.17451391864788618,True,1,nonnegative,1,1,0,0.9998816992984155,0.00011830070158447281,0.9998816992984155,6.22099937435794e-08,,36833.462887422305,False,True,uniform,625,kg s-1,ng m-3,ng m-3 / (kg s-1),source_heterogeneity_les_rice_paddy_l250_cv1p0_s3_wind3_surface,0.1745139186478861
source_heterogeneity_les_rice_paddy_l250_cv1p0_s4_wind3_n1_op,250.0,1.0,4,1,open_path,exponential,40.0,25,25,1000000.0,1000.0,1000.0,0.027778,0.027778000000000004,0.0,0.02788885989766907,0.010876612596965455,0.003990924388691371,0.003990924388691371,True,1,nonnegative,1,1,0,0.9998816992984155,0.00011830070158447281,0.9998816992984155,9.202381247236608e-08,,36833.462887422305,False,True,uniform,625,kg s-1,ng m-3,ng m-3 / (kg s-1),source_heterogeneity_les_rice_paddy_l250_cv1p0_s4_wind3_surface,0.003990924388691245
source_heterogeneity_les_rice_paddy_l250_cv1p0_s5_wind3_n1_op,250.0,1.0,5,1,open_path,exponential,40.0,25,25,1000000.0,1000.0,1000.0,0.027778,0.027777999999999997,0.0,0.022925119128322312,0.010876612596965455,-0.1747023137618867,0.1747023137618867,True,1,nonnegative,1,1,0,0.9998816992984155,0.00011830070158447281,0.9998816992984155,6.21816014505727e-08,,36833.462887422305,False,True,uniform,625,kg s-1,ng m-3,ng m-3 / (kg s-1),source_heterogeneity_les_rice_paddy_l250_cv1p0_s5_wind3_surface,0.17470231376188658
source_heterogeneity_les_rice_paddy_l250_cv1p0_s6_wind3_n1_op,250.0,1.0,6,1,open_path,exponential,40.0,25,25,1000000.0,1000.0,1000.0,0.027778,0.027777999999999997,0.0,0.025760497849755225,0.010876612596965455,-0.07262949637284094,0.07262949637284094,True,1,nonnegative,1,1,0,0.9998816992984155,0.00011830070158447281,0.9998816992984155,7.851401824934064e-08,,36833.462887422305,False,True,uniform,625,kg s-1,ng m-3,ng m-3 / (kg s-1),source_heterogeneity_les_rice_paddy_l250_cv1p0_s6_wind3_surface,0.07262949637284083
source_heterogeneity_les_rice_paddy_l250_cv1p0_s7_wind3_n1_op,250.0,1.0,7,1,open_path,exponential,40.0,25,25,1000000.0,1000.0,1000.0,0.027778,0.027777999999999997,0.0,0.02852134984284464,0.010876612596965455,0.026760380259364915,0.026760380259364915,True,1,nonnegative,1,1,0,0.9998816992984155,0.00011830070158447281,0.9998816992984155,9.624514963342567e-08,,36833.462887422305,False,True,uniform,625,kg s-1,ng m-3,ng m-3 / (kg s-1),source_heterogeneity_les_rice_paddy_l250_cv1p0_s7_wind3_surface,0.026760380259365044
source_heterogeneity_les_rice_paddy_l500_cv1p0_s0_wind3_n1_op,500.0,1.0,0,1,open_path,exponential,40.0,25,25,1000000.0,1000.0,1000.0,0.027778,0.027777999999999997,0.0,0.025157623680501857,0.010876612596965455,-0.09433279283959047,0.09433279283959047,True,1,nonnegative,1,1,0,0.9998816992984155,0.00011830070158447281,0.9998816992984155,7.488208590080297e-08,,36833.462887422305,False,True,uniform,625,kg s-1,ng m-3,ng m-3 / (kg s-1),source_heterogeneity_les_rice_paddy_l500_cv1p0_s0_wind3_surface,0.09433279283959035
source_heterogeneity_les_rice_paddy_l500_cv1p0_s1_wind3_n1_op,500.0,1.0,1,1,open_path,exponential,40.0,25,25,1000000.0,1000.0,1000.0,0.027778,0.027778000000000004,0.0,0.03390168357956193,0.010876612596965455,0.22045084525746733,0.22045084525746733,True,1,nonnegative,1,1,0,0.9998816992984155,0.00011830070158447281,0.9998816992984155,1.3598193999661526e-07,,36833.462887422305,False,True,uniform,625,kg s-1,ng m-3,ng m-3 / (kg s-1),source_heterogeneity_les_rice_paddy_l500_cv1p0_s1_wind3_surface,0.22045084525746717
source_heterogeneity_les_rice_paddy_l500_cv1p0_s2_wind3_n1_op,500.0,1.0,2,1,open_path,exponential,40.0,25,25,1000000.0,1000.0,1000.0,0.027778,0.027777999999999997,0.0,0.033352344143752495,0.010876612596965455,0.20067478377681958,0.20067478377681958,True,1,nonnegative,1,1,0,0.9998816992984155,0.00011830070158447281,0.9998816992984155,1.3161076919866047e-07,,36833.462887422305,False,True,uniform,625,kg s-1,ng m-3,ng m-3 / (kg s-1),source_heterogeneity_les_rice_paddy_l500_cv1p0_s2_wind3_surface,0.20067478377681974
source_heterogeneity_les_rice_paddy_l500_cv1p0_s3_wind3_n1_op,500.0,1.0,3,1,open_path,exponential,40.0,25,25,1000000.0,1000.0,1000.0,0.027778,0.027777999999999997,0.0,0.027862887205089386,0.010876612596965455,0.0030559149358983803,0.0030559149358983803,True,1,nonnegative,1,1,0,0.9998816992984155,0.00011830070158447281,0.9998816992984155,9.185249006916484e-08,,36833.462887422305,False,True,uniform,625,kg s-1,ng m-3,ng m-3 / (kg s-1),source_heterogeneity_les_rice_paddy_l500_cv1p0_s3_wind3_surface,0.0030559149358985057
source_heterogeneity_les_rice_paddy_l500_cv1p0_s4_wind3_n1_op,500.0,1.0,4,1,open_path,exponential,40.0,25,25,1000000.0,1000.0,1000.0,0.027778,0.027778000000000004,0.0,0.02260379851278456,0.010876612596965455,-0.18626976338164883,0.18626976338164883,True,1,nonnegative,1,1,0,0.9998816992984155,0.00011830070158447281,0.9998816992984155,6.045073078832291e-08,,36833.462887422305,False,True,uniform,625,kg s-1,ng m-3,ng m-3 / (kg s-1),source_heterogeneity_les_rice_paddy_l500_cv1p0_s4_wind3_surface,0.18626976338164894
source_heterogeneity_les_rice_paddy_l500_cv1p0_s5_wind3_n1_op,500.0,1.0,5,1,open_path,exponential,40.0,25,25,1000000.0,1000.0,1000.0,0.027778,0.027778,0.0,0.02459021281761336,0.010876612596965455,-0.11475942049055517,0.11475942049055517,True,1,nonnegative,1,1,0,0.9998816992984155,0.00011830070158447281,0.9998816992984155,7.154236215175184e-08,,36833.462887422305,False,True,uniform,625,kg s-1,ng m-3,ng m-3 / (kg s-1),source_heterogeneity_les_rice_paddy_l500_cv1p0_s5_wind3_surface,0.11475942049055517
source_heterogeneity_les_rice_paddy_l500_cv1p0_s6_wind3_n1_op,500.0,1.0,6,1,open_path,exponential,40.0,25,25,1000000.0,1000.0,1000.0,0.027778,0.027778000000000004,0.0,0.028718270465604698,0.010876612596965455,0.03384946596604137,0.03384946596604137,True,1,nonnegative,1,1,0,0.9998816992984155,0.00011830070158447281,0.9998816992984155,9.757875288397902e-08,,36833.462887422305,False,True,uniform,625,kg s-1,ng m-3,ng m-3 / (kg s-1),source_heterogeneity_les_rice_paddy_l500_cv1p0_s6_wind3_surface,0.03384946596604124
source_heterogeneity_les_rice_paddy_l500_cv1p0_s7_wind3_n1_op,500.0,1.0,7,1,open_path,exponential,40.0,25,25,1000000.0,1000.0,1000.0,0.027778,0.027777999999999997,0.0,0.03942637570642237,0.010876612596965455,0.41933817072583957,0.41933817072583957,True,1,nonnegative,1,1,0,0.9998816992984155,0.00011830070158447281,0.9998816992984155,1.8391299329614004e-07,,36833.462887422305,False,True,uniform,625,kg s-1,ng m-3,ng m-3 / (kg s-1),source_heterogeneity_les_rice_paddy_l500_cv1p0_s7_wind3_surface,0.41933817072583973
source_heterogeneity_les_rice_paddy_l100_cv2p0_s0_wind3_n1_op,100.0,2.0,0,1,open_path,exponential,40.0,25,25,1000000.0,1000.0,1000.0,0.027778,0.027778,0.0,0.025062942961469468,0.010876612596965455,-0.09774127145692753,0.09774127145692753,True,1,nonnegative,1,1,0,0.9998816992984155,0.00011830070158447281,0.9998816992984155,7.431950905129442e-08,,36833.462887422305,False,True,uniform,625,kg s-1,ng m-3,ng m-3 / (kg s-1),source_heterogeneity_les_rice_paddy_l100_cv2p0_s0_wind3_surface,0.09774127145692753
source_heterogeneity_les_rice_paddy_l100_cv2p0_s1_wind3_n1_op,100.0,2.0,1,1,open_path,exponential,40.0,25,25,1000000.0,1000.0,1000.0,0.027778,0.027778000000000004,0.0,0.030148092923063453,0.010876612596965455,0.08532266264898311,0.08532266264898311,True,1,nonnegative,1,1,0,0.9998816992984155,0.00011830070158447281,0.9998816992984155,1.0753711745813969e-07,,36833.462887422305,False,True,uniform,625,kg s-1,ng m-3,ng m-3 / (kg s-1),source_heterogeneity_les_rice_paddy_l100_cv2p0_s1_wind3_surface,0.08532266264898297
source_heterogeneity_les_rice_paddy_l100_cv2p0_s2_wind3_n1_op,100.0,2.0,2,1,open_path,exponential,40.0,25,25,1000000.0,1000.0,1000.0,0.027778,0.027777999999999997,0.0,0.023391175665369985,0.010876612596965455,-0.15792441265137935,0.15792441265137935,True,1,nonnegative,1,1,0,0.9998816992984155,0.00011830070158447281,0.9998816992984155,6.473554394310451e-08,,36833.462887422305,False,True,uniform,625,kg s-1,ng m-3,ng m-3 / (kg s-1),source_heterogeneity_les_rice_paddy_l100_cv2p0_s2_wind3_surface,0.15792441265137924
source_heterogeneity_les_rice_paddy_l100_cv2p0_s3_wind3_n1_op,100.0,2.0,3,1,open_path,exponential,40.0,25,25,1000000.0,1000.0,1000.0,0.027778,0.027777999999999997,0.0,0.023715153666237193,0.010876612596965455,-0.14626129792507767,0.14626129792507767,True,1,nonnegative,1,1,0,0.9998816992984155,0.00011830070158447281,0.9998816992984155,6.654119358391042e-08,,36833.462887422305,False,True,uniform,625,kg s-1,ng m-3,ng m-3 / (kg s-1),source_heterogeneity_les_rice_paddy_l100_cv2p0_s3_wind3_surface,0.14626129792507755
source_heterogeneity_les_rice_paddy_l100_cv2p0_s4_wind3_n1_op,100.0,2.0,4,1,open_path,exponential,40.0,25,25,1000000.0,1000.0,1000.0,0.027778,0.027778000000000004,0.0,0.03086574924467295,0.010876612596965455,0.11115808354355783,0.11115808354355783,True,1,nonnegative,1,1,0,0.9998816992984155,0.00011830070158447281,0.9998816992984155,1.1271775954793405e-07,,36833.462887422305,False,True,uniform,625,kg s-1,ng m-3,ng m-3 / (kg s-1),source_heterogeneity_les_rice_paddy_l100_cv2p0_s4_wind3_surface,0.11115808354355769
source_heterogeneity_les_rice_paddy_l100_cv2p0_s5_wind3_n1_op,100.0,2.0,5,1,open_path,exponential,40.0,25,25,1000000.0,1000.0,1000.0,0.027778,0.027778000000000004,0.0,0.018119247277232027,0.010876612596965455,-0.3477123163211165,0.3477123163211165,True,1,nonnegative,1,1,0,0.9998816992984155,0.00011830070158447281,0.9998816992984155,3.884355807539672e-08,,36833.462887422305,False,True,uniform,625,kg s-1,ng m-3,ng m-3 / (kg s-1),source_heterogeneity_les_rice_paddy_l100_cv2p0_s5_wind3_surface,0.34771231632111654
source_heterogeneity_les_rice_paddy_l100_cv2p0_s6_wind3_n1_op,100.0,2.0,6,1,open_path,exponential,40.0,25,25,1000000.0,1000.0,1000.0,0.027778,0.027777999999999997,0.0,0.02453177450908632,0.010876612596965455,-0.11686318276743032,0.11686318276743032,True,1,nonnegative,1,1,0,0.9998816992984155,0.00011830070158447281,0.9998816992984155,7.120272728648264e-08,,36833.462887422305,False,True,uniform,625,kg s-1,ng m-3,ng m-3 / (kg s-1),source_heterogeneity_les_rice_paddy_l100_cv2p0_s6_wind3_surface,0.11686318276743021
source_heterogeneity_les_rice_paddy_l100_cv2p0_s7_wind3_n1_op,100.0,2.0,7,1,open_path,exponential,40.0,25,25,1000000.0,1000.0,1000.0,0.027778,0.027778000000000004,0.0,0.02829045063897919,0.010876612596965455,0.018448075418647493,0.018448075418647493,True,1,nonnegative,1,1,0,0.9998816992984155,0.00011830070158447281,0.9998816992984155,9.469312114297147e-08,,36833.462887422305,False,True,uniform,625,kg s-1,ng m-3,ng m-3 / (kg s-1),source_heterogeneity_les_rice_paddy_l100_cv2p0_s7_wind3_surface,0.018448075418647368
source_heterogeneity_les_rice_paddy_l250_cv2p0_s0_wind3_n1_op,250.0,2.0,0,1,open_path,exponential,40.0,25,25,1000000.0,1000.0,1000.0,0.027778,0.027778000000000004,0.0,0.024690631057405744,0.010876612596965455,-0.111144392778251,0.111144392778251,True,1,nonnegative,1,1,0,0.9998816992984155,0.00011830070158447281,0.9998816992984155,7.212786557840048e-08,,36833.462887422305,False,True,uniform,625,kg s-1,ng m-3,ng m-3 / (kg s-1),source_heterogeneity_les_rice_paddy_l250_cv2p0_s0_wind3_surface,0.11114439277825111
source_heterogeneity_les_rice_paddy_l250_cv2p0_s1_wind3_n1_op,250.0,2.0,1,1,open_path,exponential,40.0,25,25,1000000.0,1000.0,1000.0,0.027778,0.027778,0.0,0.031412209706172776,0.010876612596965455,0.13083050277819772,0.13083050277819772,True,1,nonnegative,1,1,0,0.9998816992984155,0.00011830070158447281,0.9998816992984155,1.1674429767845095e-07,,36833.462887422305,False,True,uniform,625,kg s-1,ng m-3,ng m-3 / (kg s-1),source_heterogeneity_les_rice_paddy_l250_cv2p0_s1_wind3_surface,0.13083050277819772
source_heterogeneity_les_rice_paddy_l250_cv2p0_s2_wind3_n1_op,250.0,2.0,2,1,open_path,exponential,40.0,25,25,1000000.0,1000.0,1000.0,0.027778,0.027778000000000004,0.0,0.022723219714333956,0.010876612596965455,-0.18197063451890144,0.18197063451890144,True,1,nonnegative,1,1,0,0.9998816992984155,0.00011830070158447281,0.9998816992984155,6.109116907600878e-08,,36833.462887422305,False,True,uniform,625,kg s-1,ng m-3,ng m-3 / (kg s-1),source_heterogeneity_les_rice_paddy_l250_cv2p0_s2_wind3_surface,0.18197063451890155
source_heterogeneity_les_rice_paddy_l250_cv2p0_s3_wind3_n1_op,250.0,2.0,3,1,open_path,exponential,40.0,25,25,1000000.0,1000.0,1000.0,0.027778,0.027778000000000004,0.0,0.020622909097195614,0.010876612596965455,-0.2575812118512631,0.2575812118512631,True,1,nonnegative,1,1,0,0.9998816992984155,0.00011830070158447281,0.9998816992984155,5.031975936036211e-08,,36833.462887422305,False,True,uniform,625,kg s-1,ng m-3,ng m-3 / (kg s-1),source_heterogeneity_les_rice_paddy_l250_cv2p0_s3_wind3_surface,0.2575812118512632
source_heterogeneity_les_rice_paddy_l250_cv2p0_s4_wind3_n1_op,250.0,2.0,4,1,open_path,exponential,40.0,25,25,1000000.0,1000.0,1000.0,0.027778,0.027778000000000004,0.0,0.028119556579938903,0.010876612596965455,0.012295938510292398,0.012295938510292398,True,1,nonnegative,1,1,0,0.9998816992984155,0.00011830070158447281,0.9998816992984155,9.355255146667946e-08,,36833.462887422305,False,True,uniform,625,kg s-1,ng m-3,ng m-3 / (kg s-1),source_heterogeneity_les_rice_paddy_l250_cv2p0_s4_wind3_surface,0.012295938510292273
source_heterogeneity_les_rice_paddy_l250_cv2p0_s5_wind3_n1_op,250.0,2.0,5,1,open_path,exponential,40.0,25,25,1000000.0,1000.0,1000.0,0.027778,0.027778,0.0,0.01746297950299226,0.010876612596965455,-0.37133776719014117,0.37133776719014117,True,1,nonnegative,1,1,0,0.9998816992984155,0.00011830070158447281,0.9998816992984155,3.608073609299402e-08,,36833.462887422305,False,True,uniform,625,kg s-1,ng m-3,ng m-3 / (kg s-1),source_heterogeneity_les_rice_paddy_l250_cv2p0_s5_wind3_surface,0.37133776719014117
source_heterogeneity_les_rice_paddy_l250_cv2p0_s6_wind3_n1_op,250.0,2.0,6,1,open_path,exponential,40.0,25,25,1000000.0,1000.0,1000.0,0.027778,0.027778,0.0,0.024823382364805493,0.010876612596965455,-0.10636538394393072,0.10636538394393072,True,1,nonnegative,1,1,0,0.9998816992984155,0.00011830070158447281,0.9998816992984155,7.290555400784359e-08,,36833.462887422305,False,True,uniform,625,kg s-1,ng m-3,ng m-3 / (kg s-1),source_heterogeneity_les_rice_paddy_l250_cv2p0_s6_wind3_surface,0.10636538394393072
source_heterogeneity_les_rice_paddy_l250_cv2p0_s7_wind3_n1_op,250.0,2.0,7,1,open_path,exponential,40.0,25,25,1000000.0,1000.0,1000.0,0.027778,0.027778000000000004,0.0,0.02858378070885474,0.010876612596965455,0.029007873455782915,0.029007873455782915,True,1,nonnegative,1,1,0,0.9998816992984155,0.00011830070158447281,0.9998816992984155,9.666695605618556e-08,,36833.462887422305,False,True,uniform,625,kg s-1,ng m-3,ng m-3 / (kg s-1),source_heterogeneity_les_rice_paddy_l250_cv2p0_s7_wind3_surface,0.029007873455782787
source_heterogeneity_les_rice_paddy_l500_cv2p0_s0_wind3_n1_op,500.0,2.0,0,1,open_path,exponential,40.0,25,25,1000000.0,1000.0,1000.0,0.027778,0.027777999999999994,0.0,0.022445988018556,0.010876612596965455,-0.1919508957248182,0.1919508957248182,True,1,nonnegative,1,1,0,0.9998816992984155,0.00011830070158447281,0.9998816992984155,5.960959266364644e-08,,36833.462887422305,False,True,uniform,625,kg s-1,ng m-3,ng m-3 / (kg s-1),source_heterogeneity_les_rice_paddy_l500_cv2p0_s0_wind3_surface,0.191950895724818
source_heterogeneity_les_rice_paddy_l500_cv2p0_s1_wind3_n1_op,500.0,2.0,1,1,open_path,exponential,40.0,25,25,1000000.0,1000.0,1000.0,0.027778,0.027777999999999997,0.0,0.03682369041650005,0.010876612596965455,0.3256422498560029,0.3256422498560029,True,1,nonnegative,1,1,0,0.9998816992984155,0.00011830070158447281,0.9998816992984155,1.6043285866523655e-07,,36833.462887422305,False,True,uniform,625,kg s-1,ng m-3,ng m-3 / (kg s-1),source_heterogeneity_les_rice_paddy_l500_cv2p0_s1_wind3_surface,0.32564224985600304
source_heterogeneity_les_rice_paddy_l500_cv2p0_s2_wind3_n1_op,500.0,2.0,2,1,open_path,exponential,40.0,25,25,1000000.0,1000.0,1000.0,0.027778,0.027778000000000004,0.0,0.03590727508763744,0.010876612596965455,0.29265156194245234,0.29265156194245234,True,1,nonnegative,1,1,0,0.9998816992984155,0.00011830070158447281,0.9998816992984155,1.5254697440899564e-07,,36833.462887422305,False,True,uniform,625,kg s-1,ng m-3,ng m-3 / (kg s-1),source_heterogeneity_les_rice_paddy_l500_cv2p0_s2_wind3_surface,0.2926515619424522
source_heterogeneity_les_rice_paddy_l500_cv2p0_s3_wind3_n1_op,500.0,2.0,3,1,open_path,exponential,40.0,25,25,1000000.0,1000.0,1000.0,0.027778,0.027778000000000004,0.0,0.027547529736163433,0.010876612596965455,-0.008296863123211432,0.008296863123211432,True,1,nonnegative,1,1,0,0.9998816992984155,0.00011830070158447281,0.9998816992984155,8.978504852033571e-08,,36833.462887422305,False,True,uniform,625,kg s-1,ng m-3,ng m-3 / (kg s-1),source_heterogeneity_les_rice_paddy_l500_cv2p0_s3_wind3_surface,0.008296863123211555
source_heterogeneity_les_rice_paddy_l500_cv2p0_s4_wind3_n1_op,500.0,2.0,4,1,open_path,exponential,40.0,25,25,1000000.0,1000.0,1000.0,0.027778,0.027777999999999997,0.0,0.019548338369346076,0.010876612596965455,-0.29626544857995263,0.29626544857995263,True,1,nonnegative,1,1,0,0.9998816992984155,0.00011830070158447281,0.9998816992984155,4.521248692487992e-08,,36833.462887422305,False,True,uniform,625,kg s-1,ng m-3,ng m-3 / (kg s-1),source_heterogeneity_les_rice_paddy_l500_cv2p0_s4_wind3_surface,0.2962654485799525
source_heterogeneity_les_rice_paddy_l500_cv2p0_s5_wind3_n1_op,500.0,2.0,5,1,open_path,exponential,40.0,25,25,1000000.0,1000.0,1000.0,0.027778,0.027778000000000004,0.0,0.022761544620728772,0.010876612596965455,-0.1805909489261728,0.1805909489261728,True,1,nonnegative,1,1,0,0.9998816992984155,0.00011830070158447281,0.9998816992984155,6.129741517923396e-08,,36833.462887422305,False,True,uniform,625,kg s-1,ng m-3,ng m-3 / (kg s-1),source_heterogeneity_les_rice_paddy_l500_cv2p0_s5_wind3_surface,0.18059094892617292
source_heterogeneity_les_rice_paddy_l500_cv2p0_s6_wind3_n1_op,500.0,2.0,6,1,open_path,exponential,40.0,25,25,1000000.0,1000.0,1000.0,0.027778,0.027777999999999994,0.0,0.028228935294747935,0.010876612596965455,0.01623354074259968,0.01623354074259968,True,1,nonnegative,1,1,0,0.9998816992984155,0.00011830070158447281,0.9998816992984155,9.428176347824233e-08,,36833.462887422305,False,True,uniform,625,kg s-1,ng m-3,ng m-3 / (kg s-1),source_heterogeneity_les_rice_paddy_l500_cv2p0_s6_wind3_surface,0.016233540742599934
source_heterogeneity_les_rice_paddy_l500_cv2p0_s7_wind3_n1_op,500.0,2.0,7,1,open_path,exponential,40.0,25,25,1000000.0,1000.0,1000.0,0.027778,0.027778,0.0,0.04584873431049793,0.010876612596965455,0.6505412308480786,0.6505412308480786,True,1,nonnegative,1,1,0,0.9998816992984155,0.00011830070158447281,0.9998816992984155,2.487100889835546e-07,,36833.462887422305,False,True,uniform,625,kg s-1,ng m-3,ng m-3 / (kg s-1),source_heterogeneity_les_rice_paddy_l500_cv2p0_s7_wind3_surface,0.6505412308480786
source_heterogeneity_les_rice_paddy_l100_cv0p5_s0_wind3_n2_op,100.0,0.5,0,2,open_path,exponential,40.0,25,25,1000000.0,1000.0,500.0,0.027778,0.027777999999999997,0.0,0.02806299323119743,0.007707611625065145,0.010259674245713514,0.010259674245713514,True,1,nonnegative,2,1,1,0.999940592723037,5.9407276962963884e-05,0.999940592723037,0.9128254848068742,0.9128254848068742,37573.927669659366,False,True,uniform,625,kg s-1,ng m-3,ng m-3 / (kg s-1),source_heterogeneity_les_rice_paddy_l100_cv0p5_s0_wind3_surface,0.01025967424571364
source_heterogeneity_les_rice_paddy_l100_cv0p5_s1_wind3_n2_op,100.0,0.5,1,2,open_path,exponential,40.0,25,25,1000000.0,1000.0,500.0,0.027778,0.027778000000000004,0.0,0.029464673157602886,0.007707611625065145,0.06071974791572054,0.06071974791572054,True,1,nonnegative,2,1,1,0.999940592723037,5.9407276962963884e-05,0.999940592723037,0.6356391860651835,0.6356391860651835,37573.927669659366,False,True,uniform,625,kg s-1,ng m-3,ng m-3 / (kg s-1),source_heterogeneity_les_rice_paddy_l100_cv0p5_s1_wind3_surface,0.06071974791572041
source_heterogeneity_les_rice_paddy_l100_cv0p5_s2_wind3_n2_op,100.0,0.5,2,2,open_path,exponential,40.0,25,25,1000000.0,1000.0,500.0,0.027778,0.027777999999999997,0.0,0.02678411172933578,0.007707611625065145,-0.03577969150637994,0.03577969150637994,True,1,nonnegative,2,1,1,0.999940592723037,5.9407276962963884e-05,0.999940592723037,0.45878595118041166,0.45878595118041166,37573.927669659366,False,True,uniform,625,kg s-1,ng m-3,ng m-3 / (kg s-1),source_heterogeneity_les_rice_paddy_l100_cv0p5_s2_wind3_surface,0.03577969150637982
source_heterogeneity_les_rice_paddy_l100_cv0p5_s3_wind3_n2_op,100.0,0.5,3,2,open_path,exponential,40.0,25,25,1000000.0,1000.0,500.0,0.027778,0.027777999999999997,0.0,0.026480102662293455,0.007707611625065145,-0.046723930365992726,0.046723930365992726,True,1,nonnegative,2,1,1,0.999940592723037,5.9407276962963884e-05,0.999940592723037,0.536812436929905,0.536812436929905,37573.927669659366,False,True,uniform,625,kg s-1,ng m-3,ng m-3 / (kg s-1),source_heterogeneity_les_rice_paddy_l100_cv0p5_s3_wind3_surface,0.04672393036599261
source_heterogeneity_les_rice_paddy_l100_cv0p5_s4_wind3_n2_op,100.0,0.5,4,2,open_path,exponential,40.0,25,25,1000000.0,1000.0,500.0,0.027778,0.027777999999999997,0.0,0.028669879179964844,0.007707611625065145,0.0321073936195854,0.0321073936195854,True,1,nonnegative,2,1,1,0.999940592723037,5.9407276962963884e-05,0.999940592723037,0.2355171056459368,0.2355171056459368,37573.927669659366,False,True,uniform,625,kg s-1,ng m-3,ng m-3 / (kg s-1),source_heterogeneity_les_rice_paddy_l100_cv0p5_s4_wind3_surface,0.032107393619585534
source_heterogeneity_les_rice_paddy_l100_cv0p5_s5_wind3_n2_op,100.0,0.5,5,2,open_path,exponential,40.0,25,25,1000000.0,1000.0,500.0,0.027778,0.027777999999999997,0.0,0.026619448526724272,0.007707611625065145,-0.041707519377771195,0.041707519377771195,True,1,nonnegative,2,1,1,0.999940592723037,5.9407276962963884e-05,0.999940592723037,1.2192909735478592,1.2192909735478592,37573.927669659366,False,True,uniform,625,kg s-1,ng m-3,ng m-3 / (kg s-1),source_heterogeneity_les_rice_paddy_l100_cv0p5_s5_wind3_surface,0.04170751937777108
source_heterogeneity_les_rice_paddy_l100_cv0p5_s6_wind3_n2_op,100.0,0.5,6,2,open_path,exponential,40.0,25,25,1000000.0,1000.0,500.0,0.027778,0.027777999999999997,0.0,0.026622254790726385,0.007707611625065145,-0.0416064946818927,0.0416064946818927,True,1,nonnegative,2,1,1,0.999940592723037,5.9407276962963884e-05,0.999940592723037,0.3616185982339168,0.3616185982339168,37573.927669659366,False,True,uniform,625,kg s-1,ng m-3,ng m-3 / (kg s-1),source_heterogeneity_les_rice_paddy_l100_cv0p5_s6_wind3_surface,0.041606494681892585
source_heterogeneity_les_rice_paddy_l100_cv0p5_s7_wind3_n2_op,100.0,0.5,7,2,open_path,exponential,40.0,25,25,1000000.0,1000.0,500.0,0.027778,0.027778000000000004,0.0,0.02832055776454187,0.007707611625065145,0.01953192326812117,0.01953192326812117,True,1,nonnegative,2,1,1,0.999940592723037,5.9407276962963884e-05,0.999940592723037,0.9732985500416556,0.9732985500416556,37573.927669659366,False,True,uniform,625,kg s-1,ng m-3,ng m-3 / (kg s-1),source_heterogeneity_les_rice_paddy_l100_cv0p5_s7_wind3_surface,0.019531923268121042
source_heterogeneity_les_rice_paddy_l250_cv0p5_s0_wind3_n2_op,250.0,0.5,0,2,open_path,exponential,40.0,25,25,1000000.0,1000.0,500.0,0.027778,0.027778,0.0,0.028134160756023513,0.007707611625065145,0.012821684643369297,0.012821684643369297,True,1,nonnegative,2,1,1,0.999940592723037,5.9407276962963884e-05,0.999940592723037,0.9336044432905768,0.9336044432905768,37573.927669659366,False,True,uniform,625,kg s-1,ng m-3,ng m-3 / (kg s-1),source_heterogeneity_les_rice_paddy_l250_cv0p5_s0_wind3_surface,0.012821684643369297
source_heterogeneity_les_rice_paddy_l250_cv0p5_s1_wind3_n2_op,250.0,0.5,1,2,open_path,exponential,40.0,25,25,1000000.0,1000.0,500.0,0.027778,0.027778,0.0,0.02977258908500117,0.007707611625065145,0.07180463262298116,0.07180463262298116,True,1,nonnegative,2,1,1,0.999940592723037,5.9407276962963884e-05,0.999940592723037,0.4528682100575529,0.4528682100575529,37573.927669659366,False,True,uniform,625,kg s-1,ng m-3,ng m-3 / (kg s-1),source_heterogeneity_les_rice_paddy_l250_cv0p5_s1_wind3_surface,0.07180463262298116
source_heterogeneity_les_rice_paddy_l250_cv0p5_s2_wind3_n2_op,250.0,0.5,2,2,open_path,exponential,40.0,25,25,1000000.0,1000.0,500.0,0.027778,0.027778000000000008,0.0,0.0260782856654521,0.007707611625065145,-0.061189226529912204,0.061189226529912204,True,1,nonnegative,2,1,1,0.999940592723037,5.9407276962963884e-05,0.999940592723037,0.46183956593161324,0.46183956593161324,37573.927669659366,False,True,uniform,625,kg s-1,ng m-3,ng m-3 / (kg s-1),source_heterogeneity_les_rice_paddy_l250_cv0p5_s2_wind3_surface,0.06118922652991244
source_heterogeneity_les_rice_paddy_l250_cv0p5_s3_wind3_n2_op,250.0,0.5,3,2,open_path,exponential,40.0,25,25,1000000.0,1000.0,500.0,0.027778,0.027778000000000004,0.0,0.025251394872376164,0.007707611625065145,-0.0909570569380026,0.0909570569380026,True,1,nonnegative,2,1,1,0.999940592723037,5.9407276962963884e-05,0.999940592723037,0.6479216692514109,0.6479216692514109,37573.927669659366,False,True,uniform,625,kg s-1,ng m-3,ng m-3 / (kg s-1),source_heterogeneity_les_rice_paddy_l250_cv0p5_s3_wind3_surface,0.09095705693800271
source_heterogeneity_les_rice_paddy_l250_cv0p5_s4_wind3_n2_op,250.0,0.5,4,2,open_path,exponential,40.0,25,25,1000000.0,1000.0,500.0,0.027778,0.027777999999999997,0.0,0.02807872805225462,0.007707611625065145,0.010826123272180174,0.010826123272180174,True,1,nonnegative,2,1,1,0.999940592723037,5.9407276962963884e-05,0.999940592723037,0.219289495891078,0.219289495891078,37573.927669659366,False,True,uniform,625,kg s-1,ng m-3,ng m-3 / (kg s-1),source_heterogeneity_les_rice_paddy_l250_cv0p5_s4_wind3_surface,0.0108261232721803
source_heterogeneity_les_rice_paddy_l250_cv0p5_s5_wind3_n2_op,250.0,0.5,5,2,open_path,exponential,40.0,25,25,1000000.0,1000.0,500.0,0.027778,0.027778000000000004,0.0,0.026508223119281506,0.007707611625065145,-0.04571160201304971,0.04571160201304971,True,1,nonnegative,2,1,1,0.999940592723037,5.9407276962963884e-05,0.999940592723037,1.6713415134093266,1.6713415134093266,37573.927669659366,False,True,uniform,625,kg s-1,ng m-3,ng m-3 / (kg s-1),source_heterogeneity_les_rice_paddy_l250_cv0p5_s5_wind3_surface,0.04571160201304983
source_heterogeneity_les_rice_paddy_l250_cv0p5_s6_wind3_n2_op,250.0,0.5,6,2,open_path,exponential,40.0,25,25,1000000.0,1000.0,500.0,0.027778,0.027777999999999997,0.0,0.02680903521816081,0.007707611625065145,-0.03488245308658614,0.03488245308658614,True,1,nonnegative,2,1,1,0.999940592723037,5.9407276962963884e-05,0.999940592723037,0.27499946151785826,0.27499946151785826,37573.927669659366,False,True,uniform,625,kg s-1,ng m-3,ng m-3 / (kg s-1),source_heterogeneity_les_rice_paddy_l250_cv0p5_s6_wind3_surface,0.034882453086586024
source_heterogeneity_les_rice_paddy_l250_cv0p5_s7_wind3_n2_op,250.0,0.5,7,2,open_path,exponential,40.0,25,25,1000000.0,1000.0,500.0,0.027778,0.027778000000000004,0.0,0.02872334647359908,0.007707611625065145,0.03403220079196054,0.03403220079196054,True,1,nonnegative,2,1,1,0.999940592723037,5.9407276962963884e-05,0.999940592723037,0.8687029225096459,0.8687029225096459,37573.927669659366,False,True,uniform,625,kg s-1,ng m-3,ng m-3 / (kg s-1),source_heterogeneity_les_rice_paddy_l250_cv0p5_s7_wind3_surface,0.034032200791960406
source_heterogeneity_les_rice_paddy_l500_cv0p5_s0_wind3_n2_op,500.0,0.5,0,2,open_path,exponential,40.0,25,25,1000000.0,1000.0,500.0,0.027778,0.027778000000000004,0.0,0.027354046654822235,0.007707611625065145,-0.015262198328812947,0.015262198328812947,True,1,nonnegative,2,1,1,0.999940592723037,5.9407276962963884e-05,0.999940592723037,1.3064488977415931,1.3064488977415931,37573.927669659366,False,True,uniform,625,kg s-1,ng m-3,ng m-3 / (kg s-1),source_heterogeneity_les_rice_paddy_l500_cv0p5_s0_wind3_surface,0.01526219832881307
source_heterogeneity_les_rice_paddy_l500_cv0p5_s1_wind3_n2_op,500.0,0.5,1,2,open_path,exponential,40.0,25,25,1000000.0,1000.0,500.0,0.027778,0.027778,0.0,0.0316978567565463,0.007707611625065145,0.1411137143259522,0.1411137143259522,True,1,nonnegative,2,1,1,0.999940592723037,5.9407276962963884e-05,0.999940592723037,0.9323010099546322,0.9323010099546322,37573.927669659366,False,True,uniform,625,kg s-1,ng m-3,ng m-3 / (kg s-1),source_heterogeneity_les_rice_paddy_l500_cv0p5_s1_wind3_surface,0.1411137143259522
source_heterogeneity_les_rice_paddy_l500_cv0p5_s2_wind3_n2_op,500.0,0.5,2,2,open_path,exponential,40.0,25,25,1000000.0,1000.0,500.0,0.027778,0.027777999999999997,0.0,0.031450698649846426,0.007707611625065145,0.13221609366572198,0.13221609366572198,True,1,nonnegative,2,1,1,0.999940592723037,5.9407276962963884e-05,0.999940592723037,0.9027613728105202,0.9027613728105202,37573.927669659366,False,True,uniform,625,kg s-1,ng m-3,ng m-3 / (kg s-1),source_heterogeneity_les_rice_paddy_l500_cv0p5_s2_wind3_surface,0.13221609366572212
source_heterogeneity_les_rice_paddy_l500_cv0p5_s3_wind3_n2_op,500.0,0.5,3,2,open_path,exponential,40.0,25,25,1000000.0,1000.0,500.0,0.027778,0.027778000000000004,0.0,0.027949908988667914,0.007707611625065145,0.0061886740826522174,0.0061886740826522174,True,1,nonnegative,2,1,1,0.999940592723037,5.9407276962963884e-05,0.999940592723037,0.031711628022805145,0.031711628022805145,37573.927669659366,False,True,uniform,625,kg s-1,ng m-3,ng m-3 / (kg s-1),source_heterogeneity_les_rice_paddy_l500_cv0p5_s3_wind3_surface,0.006188674082652092
source_heterogeneity_les_rice_paddy_l500_cv0p5_s4_wind3_n2_op,500.0,0.5,4,2,open_path,exponential,40.0,25,25,1000000.0,1000.0,500.0,0.027778,0.027778,0.0,0.025527335469315,0.007707611625065145,-0.08102327491846073,0.08102327491846073,True,1,nonnegative,2,1,1,0.999940592723037,5.9407276962963884e-05,0.999940592723037,0.9564325291118427,0.9564325291118427,37573.927669659366,False,True,uniform,625,kg s-1,ng m-3,ng m-3 / (kg s-1),source_heterogeneity_les_rice_paddy_l500_cv0p5_s4_wind3_surface,0.08102327491846073
source_heterogeneity_les_rice_paddy_l500_cv0p5_s5_wind3_n2_op,500.0,0.5,5,2,open_path,exponential,40.0,25,25,1000000.0,1000.0,500.0,0.027778,0.027777999999999997,0.0,0.02678376005323273,0.007707611625065145,-0.03579235174480775,0.03579235174480775,True,1,nonnegative,2,1,1,0.999940592723037,5.9407276962963884e-05,0.999940592723037,1.3833752728177688,1.3833752728177688,37573.927669659366,False,True,uniform,625,kg s-1,ng m-3,ng m-3 / (kg s-1),source_heterogeneity_les_rice_paddy_l500_cv0p5_s5_wind3_surface,0.035792351744807625
source_heterogeneity_les_rice_paddy_l500_cv0p5_s6_wind3_n2_op,500.0,0.5,6,2,open_path,exponential,40.0,25,25,1000000.0,1000.0,500.0,0.027778,0.027778000000000004,0.0,0.02944991735314609,0.007707611625065145,0.060188543204913625,0.060188543204913625,True,1,nonnegative,2,1,1,0.999940592723037,5.9407276962963884e-05,0.999940592723037,2.249759339838585,2.249759339838585,37573.927669659366,False,True,uniform,625,kg s-1,ng m-3,ng m-3 / (kg s-1),source_heterogeneity_les_rice_paddy_l500_cv0p5_s6_wind3_surface,0.06018854320491349
source_heterogeneity_les_rice_paddy_l500_cv0p5_s7_wind3_n2_op,500.0,0.5,7,2,open_path,exponential,40.0,25,25,1000000.0,1000.0,500.0,0.027778,0.027778,0.0,0.034544383381183305,0.007707611625065145,0.24358785301977479,0.24358785301977479,True,1,nonnegative,2,1,1,0.999940592723037,5.9407276962963884e-05,0.999940592723037,0.7202777810808989,0.7202777810808989,37573.927669659366,False,True,uniform,625,kg s-1,ng m-3,ng m-3 / (kg s-1),source_heterogeneity_les_rice_paddy_l500_cv0p5_s7_wind3_surface,0.24358785301977479
source_heterogeneity_les_rice_paddy_l100_cv1p0_s0_wind3_n2_op,100.0,1.0,0,2,open_path,exponential,40.0,25,25,1000000.0,1000.0,500.0,0.027778,0.027778000000000004,0.0,0.02708244162098418,0.007707611625065145,-0.025039901325358955,0.025039901325358955,True,1,nonnegative,2,1,1,0.999940592723037,5.9407276962963884e-05,0.999940592723037,1.063080574968575,1.063080574968575,37573.927669659366,False,True,uniform,625,kg s-1,ng m-3,ng m-3 / (kg s-1),source_heterogeneity_les_rice_paddy_l100_cv1p0_s0_wind3_surface,0.025039901325359076
source_heterogeneity_les_rice_paddy_l100_cv1p0_s1_wind3_n2_op,100.0,1.0,1,2,open_path,exponential,40.0,25,25,1000000.0,1000.0,500.0,0.027778,0.027777999999999997,0.0,0.029935755696252658,0.007707611625065145,0.07767858363642656,0.07767858363642656,True,1,nonnegative,2,1,1,0.999940592723037,5.9407276962963884e-05,0.999940592723037,0.5625215617414747,0.5625215617414747,37573.927669659366,False,True,uniform,625,kg s-1,ng m-3,ng m-3 / (kg s-1),source_heterogeneity_les_rice_paddy_l100_cv1p0_s1_wind3_surface,0.0776785836364267
source_heterogeneity_les_rice_paddy_l100_cv1p0_s2_wind3_n2_op,100.0,1.0,2,2,open_path,exponential,40.0,25,25,1000000.0,1000.0,500.0,0.027778,0.027778000000000004,0.0,0.025343641118552602,0.007707611625065145,-0.08763621864235721,0.08763621864235721,True,1,nonnegative,2,1,1,0.999940592723037,5.9407276962963884e-05,0.999940592723037,0.26541790909518853,0.26541790909518853,37573.927669659366,False,True,uniform,625,kg s-1,ng m-3,ng m-3 / (kg s-1),source_heterogeneity_les_rice_paddy_l100_cv1p0_s2_wind3_surface,0.08763621864235732
source_heterogeneity_les_rice_paddy_l100_cv1p0_s3_wind3_n2_op,100.0,1.0,3,2,open_path,exponential,40.0,25,25,1000000.0,1000.0,500.0,0.027778,0.027778000000000004,0.0,0.025252319551034127,0.007707611625065145,-0.09092376877262127,0.09092376877262127,True,1,nonnegative,2,1,1,0.999940592723037,5.9407276962963884e-05,0.999940592723037,0.5364718043933394,0.5364718043933394,37573.927669659366,False,True,uniform,625,kg s-1,ng m-3,ng m-3 / (kg s-1),source_heterogeneity_les_rice_paddy_l100_cv1p0_s3_wind3_surface,0.09092376877262139
source_heterogeneity_les_rice_paddy_l100_cv1p0_s4_wind3_n2_op,100.0,1.0,4,2,open_path,exponential,40.0,25,25,1000000.0,1000.0,500.0,0.027778,0.027778,0.0,0.0293552798329005,0.007707611625065145,0.05678161973146013,0.05678161973146013,True,1,nonnegative,2,1,1,0.999940592723037,5.9407276962963884e-05,0.999940592723037,0.0674853464682959,0.0674853464682959,37573.927669659366,False,True,uniform,625,kg s-1,ng m-3,ng m-3 / (kg s-1),source_heterogeneity_les_rice_paddy_l100_cv1p0_s4_wind3_surface,0.05678161973146013
source_heterogeneity_les_rice_paddy_l100_cv1p0_s5_wind3_n2_op,100.0,1.0,5,2,open_path,exponential,40.0,25,25,1000000.0,1000.0,500.0,0.027778,0.027777999999999997,0.0,0.024000459130312384,0.007707611625065145,-0.1359903833856871,0.1359903833856871,True,1,nonnegative,2,1,1,0.999940592723037,5.9407276962963884e-05,0.999940592723037,1.5364387296725817,1.5364387296725817,37573.927669659366,False,True,uniform,625,kg s-1,ng m-3,ng m-3 / (kg s-1),source_heterogeneity_les_rice_paddy_l100_cv1p0_s5_wind3_surface,0.135990383385687
source_heterogeneity_les_rice_paddy_l100_cv1p0_s6_wind3_n2_op,100.0,1.0,6,2,open_path,exponential,40.0,25,25,1000000.0,1000.0,500.0,0.027778,0.027778000000000004,0.0,0.025439251782298347,0.007707611625065145,-0.08419426228316125,0.08419426228316125,True,1,nonnegative,2,1,1,0.999940592723037,5.9407276962963884e-05,0.999940592723037,0.2532164404588675,0.2532164404588675,37573.927669659366,False,True,uniform,625,kg s-1,ng m-3,ng m-3 / (kg s-1),source_heterogeneity_les_rice_paddy_l100_cv1p0_s6_wind3_surface,0.08419426228316138
source_heterogeneity_les_rice_paddy_l100_cv1p0_s7_wind3_n2_op,100.0,1.0,7,2,open_path,exponential,40.0,25,25,1000000.0,1000.0,500.0,0.027778,0.027778,0.0,0.028369893298978884,0.007707611625065145,0.021307988299333388,0.021307988299333388,True,1,nonnegative,2,1,1,0.999940592723037,5.9407276962963884e-05,0.999940592723037,1.4379607445143485,1.4379607445143485,37573.927669659366,False,True,uniform,625,kg s-1,ng m-3,ng m-3 / (kg s-1),source_heterogeneity_les_rice_paddy_l100_cv1p0_s7_wind3_surface,0.021307988299333388
source_heterogeneity_les_rice_paddy_l250_cv1p0_s0_wind3_n2_op,250.0,1.0,0,2,open_path,exponential,40.0,25,25,1000000.0,1000.0,500.0,0.027778,0.027778000000000004,0.0,0.026971323651003742,0.007707611625065145,-0.02904011624293535,0.02904011624293535,True,1,nonnegative,2,1,1,0.999940592723037,5.9407276962963884e-05,0.999940592723037,1.031693187187665,1.031693187187665,37573.927669659366,False,True,uniform,625,kg s-1,ng m-3,ng m-3 / (kg s-1),source_heterogeneity_les_rice_paddy_l250_cv1p0_s0_wind3_surface,0.02904011624293547
source_heterogeneity_les_rice_paddy_l250_cv1p0_s1_wind3_n2_op,250.0,1.0,1,2,open_path,exponential,40.0,25,25,1000000.0,1000.0,500.0,0.027778,0.027778000000000004,0.0,0.030533070710511447,0.007707611625065145,0.09918175212439508,0.09918175212439508,True,1,nonnegative,2,1,1,0.999940592723037,5.9407276962963884e-05,0.999940592723037,0.2773100534334258,0.2773100534334258,37573.927669659366,False,True,uniform,625,kg s-1,ng m-3,ng m-3 / (kg s-1),source_heterogeneity_les_rice_paddy_l250_cv1p0_s1_wind3_surface,0.09918175212439495
source_heterogeneity_les_rice_paddy_l250_cv1p0_s2_wind3_n2_op,250.0,1.0,2,2,open_path,exponential,40.0,25,25,1000000.0,1000.0,500.0,0.027778,0.027778000000000004,0.0,0.02449930076933589,0.007707611625065145,-0.11803222804608367,0.11803222804608367,True,1,nonnegative,2,1,1,0.999940592723037,5.9407276962963884e-05,0.999940592723037,0.2817932709381857,0.2817932709381857,37573.927669659366,False,True,uniform,625,kg s-1,ng m-3,ng m-3 / (kg s-1),source_heterogeneity_les_rice_paddy_l250_cv1p0_s2_wind3_surface,0.11803222804608378
source_heterogeneity_les_rice_paddy_l250_cv1p0_s3_wind3_n2_op,250.0,1.0,3,2,open_path,exponential,40.0,25,25,1000000.0,1000.0,500.0,0.027778,0.027777999999999997,0.0,0.023073218256893496,0.007707611625065145,-0.16937078778553188,0.16937078778553188,True,1,nonnegative,2,1,1,0.999940592723037,5.9407276962963884e-05,0.999940592723037,0.7438790127113308,0.7438790127113308,37573.927669659366,False,True,uniform,625,kg s-1,ng m-3,ng m-3 / (kg s-1),source_heterogeneity_les_rice_paddy_l250_cv1p0_s3_wind3_surface,0.1693707877855318
source_heterogeneity_les_rice_paddy_l250_cv1p0_s4_wind3_n2_op,250.0,1.0,4,2,open_path,exponential,40.0,25,25,1000000.0,1000.0,500.0,0.027778,0.027778000000000004,0.0,0.02797320069828204,0.007707611625065145,0.00702716892080205,0.00702716892080205,True,1,nonnegative,2,1,1,0.999940592723037,5.9407276962963884e-05,0.999940592723037,0.0751129475650518,0.0751129475650518,37573.927669659366,False,True,uniform,625,kg s-1,ng m-3,ng m-3 / (kg s-1),source_heterogeneity_les_rice_paddy_l250_cv1p0_s4_wind3_surface,0.007027168920801925
source_heterogeneity_les_rice_paddy_l250_cv1p0_s5_wind3_n2_op,250.0,1.0,5,2,open_path,exponential,40.0,25,25,1000000.0,1000.0,500.0,0.027778,0.027777999999999997,0.0,0.02332853468443631,0.007707611625065145,-0.1601794699245334,0.1601794699245334,True,1,nonnegative,2,1,1,0.999940592723037,5.9407276962963884e-05,0.999940592723037,2.327400045210638,2.327400045210638,37573.927669659366,False,True,uniform,625,kg s-1,ng m-3,ng m-3 / (kg s-1),source_heterogeneity_les_rice_paddy_l250_cv1p0_s5_wind3_surface,0.1601794699245333
source_heterogeneity_les_rice_paddy_l250_cv1p0_s6_wind3_n2_op,250.0,1.0,6,2,open_path,exponential,40.0,25,25,1000000.0,1000.0,500.0,0.027778,0.027777999999999997,0.0,0.025644847994526165,0.007707611625065145,-0.07679285785419526,0.07679285785419526,True,1,nonnegative,2,1,1,0.999940592723037,5.9407276962963884e-05,0.999940592723037,0.13615510525809435,0.13615510525809435,37573.927669659366,False,True,uniform,625,kg s-1,ng m-3,ng m-3 / (kg s-1),source_heterogeneity_les_rice_paddy_l250_cv1p0_s6_wind3_surface,0.07679285785419514
source_heterogeneity_les_rice_paddy_l250_cv1p0_s7_wind3_n2_op,250.0,1.0,7,2,open_path,exponential,40.0,25,25,1000000.0,1000.0,500.0,0.027778,0.027777999999999997,0.0,0.028812513263028708,0.007707611625065145,0.037242179531597204,0.037242179531597204,True,1,nonnegative,2,1,1,0.999940592723037,5.9407276962963884e-05,0.999940592723037,1.1691574933103777,1.1691574933103777,37573.927669659366,False,True,uniform,625,kg s-1,ng m-3,ng m-3 / (kg s-1),source_heterogeneity_les_rice_paddy_l250_cv1p0_s7_wind3_surface,0.037242179531597336
source_heterogeneity_les_rice_paddy_l500_cv1p0_s0_wind3_n2_op,500.0,1.0,0,2,open_path,exponential,40.0,25,25,1000000.0,1000.0,500.0,0.027778,0.027777999999999997,0.0,0.025634194668778833,0.007707611625065145,-0.07717637451296591,0.07717637451296591,True,1,nonnegative,2,1,1,0.999940592723037,5.9407276962963884e-05,0.999940592723037,1.8727900393309447,1.8727900393309447,37573.927669659366,False,True,uniform,625,kg s-1,ng m-3,ng m-3 / (kg s-1),source_heterogeneity_les_rice_paddy_l500_cv1p0_s0_wind3_surface,0.0771763745129658
source_heterogeneity_les_rice_paddy_l500_cv1p0_s1_wind3_n2_op,500.0,1.0,1,2,open_path,exponential,40.0,25,25,1000000.0,1000.0,500.0,0.027778,0.027778000000000004,0.0,0.03423839574650382,0.007707611625065145,0.2325723862950472,0.2325723862950472,True,1,nonnegative,2,1,1,0.999940592723037,5.9407276962963884e-05,0.999940592723037,1.2868415759888328,1.2868415759888328,37573.927669659366,False,True,uniform,625,kg s-1,ng m-3,ng m-3 / (kg s-1),source_heterogeneity_les_rice_paddy_l500_cv1p0_s1_wind3_surface,0.23257238629504703
source_heterogeneity_les_rice_paddy_l500_cv1p0_s2_wind3_n2_op,500.0,1.0,2,2,open_path,exponential,40.0,25,25,1000000.0,1000.0,500.0,0.027778,0.027777999999999997,0.0,0.03372395947973872,0.007707611625065145,0.21405282884796306,0.21405282884796306,True,1,nonnegative,2,1,1,0.999940592723037,5.9407276962963884e-05,0.999940592723037,1.184196981690452,1.184196981690452,37573.927669659366,False,True,uniform,625,kg s-1,ng m-3,ng m-3 / (kg s-1),source_heterogeneity_les_rice_paddy_l500_cv1p0_s2_wind3_surface,0.21405282884796323
source_heterogeneity_les_rice_paddy_l500_cv1p0_s3_wind3_n2_op,500.0,1.0,3,2,open_path,exponential,40.0,25,25,1000000.0,1000.0,500.0,0.027778,0.027777999999999997,0.0,0.027471281653901794,0.007707611625065145,-0.011041772125358435,0.011041772125358435,True,1,nonnegative,2,1,1,0.999940592723037,5.9407276962963884e-05,0.999940592723037,0.056727064227888674,0.056727064227888674,37573.927669659366,False,True,uniform,625,kg s-1,ng m-3,ng m-3 / (kg s-1),source_heterogeneity_les_rice_paddy_l500_cv1p0_s3_wind3_surface,0.01104177212535831
source_heterogeneity_les_rice_paddy_l500_cv1p0_s4_wind3_n2_op,500.0,1.0,4,2,open_path,exponential,40.0,25,25,1000000.0,1000.0,500.0,0.027778,0.027778000000000004,0.0,0.02300505679751112,0.007707611625065145,-0.1718245806929542,0.1718245806929542,True,1,nonnegative,2,1,1,0.999940592723037,5.9407276962963884e-05,0.999940592723037,1.1673737922467673,1.1673737922467673,37573.927669659366,False,True,uniform,625,kg s-1,ng m-3,ng m-3 / (kg s-1),source_heterogeneity_les_rice_paddy_l500_cv1p0_s4_wind3_surface,0.17182458069295428
source_heterogeneity_les_rice_paddy_l500_cv1p0_s5_wind3_n2_op,500.0,1.0,5,2,open_path,exponential,40.0,25,25,1000000.0,1000.0,500.0,0.027778,0.027778,0.0,0.02539162511578007,0.007707611625065145,-0.08590880856144899,0.08590880856144899,True,1,nonnegative,2,1,1,0.999940592723037,5.9407276962963884e-05,0.999940592723037,1.809062101496511,1.809062101496511,37573.927669659366,False,True,uniform,625,kg s-1,ng m-3,ng m-3 / (kg s-1),source_heterogeneity_les_rice_paddy_l500_cv1p0_s5_wind3_surface,0.08590880856144899
source_heterogeneity_les_rice_paddy_l500_cv1p0_s6_wind3_n2_op,500.0,1.0,6,2,open_path,exponential,40.0,25,25,1000000.0,1000.0,500.0,0.027778,0.027778000000000004,0.0,0.029556213803901124,0.007707611625065145,0.06401518481896189,0.06401518481896189,True,1,nonnegative,2,1,1,0.999940592723037,5.9407276962963884e-05,0.999940592723037,3.6169203612365637,3.6169203612365637,37573.927669659366,False,True,uniform,625,kg s-1,ng m-3,ng m-3 / (kg s-1),source_heterogeneity_les_rice_paddy_l500_cv1p0_s6_wind3_surface,0.06401518481896176
source_heterogeneity_les_rice_paddy_l500_cv1p0_s7_wind3_n2_op,500.0,1.0,7,2,open_path,exponential,40.0,25,25,1000000.0,1000.0,500.0,0.027778,0.027777999999999997,0.0,0.039548223128553085,0.007707611625065145,0.4237246428307684,0.4237246428307684,True,1,nonnegative,2,1,1,0.999940592723037,5.9407276962963884e-05,0.999940592723037,0.7042588227275907,0.7042588227275907,37573.927669659366,False,True,uniform,625,kg s-1,ng m-3,ng m-3 / (kg s-1),source_heterogeneity_les_rice_paddy_l500_cv1p0_s7_wind3_surface,0.42372464283076855
source_heterogeneity_les_rice_paddy_l100_cv2p0_s0_wind3_n2_op,100.0,2.0,0,2,open_path,exponential,40.0,25,25,1000000.0,1000.0,500.0,0.027778,0.027778,0.0,0.025176671195745914,0.007707611625065145,-0.09364708777644491,0.09364708777644491,True,1,nonnegative,2,1,1,0.999940592723037,5.9407276962963884e-05,0.999940592723037,1.1505966823933695,1.1505966823933695,37573.927669659366,False,True,uniform,625,kg s-1,ng m-3,ng m-3 / (kg s-1),source_heterogeneity_les_rice_paddy_l100_cv2p0_s0_wind3_surface,0.09364708777644491
source_heterogeneity_les_rice_paddy_l100_cv2p0_s1_wind3_n2_op,100.0,2.0,1,2,open_path,exponential,40.0,25,25,1000000.0,1000.0,500.0,0.027778,0.027778000000000004,0.0,0.030272662788725195,0.007707611625065145,0.08980714193697151,0.08980714193697151,True,1,nonnegative,2,1,1,0.999940592723037,5.9407276962963884e-05,0.999940592723037,0.4377080644835945,0.4377080644835945,37573.927669659366,False,True,uniform,625,kg s-1,ng m-3,ng m-3 / (kg s-1),source_heterogeneity_les_rice_paddy_l100_cv2p0_s1_wind3_surface,0.08980714193697137
source_heterogeneity_les_rice_paddy_l100_cv2p0_s2_wind3_n2_op,100.0,2.0,2,2,open_path,exponential,40.0,25,25,1000000.0,1000.0,500.0,0.027778,0.027777999999999997,0.0,0.023619990522393063,0.007707611625065145,-0.14968714369670016,0.14968714369670016,True,1,nonnegative,2,1,1,0.999940592723037,5.9407276962963884e-05,0.999940592723037,0.09039627143669463,0.09039627143669463,37573.927669659366,False,True,uniform,625,kg s-1,ng m-3,ng m-3 / (kg s-1),source_heterogeneity_les_rice_paddy_l100_cv2p0_s2_wind3_surface,0.14968714369670005
source_heterogeneity_les_rice_paddy_l100_cv2p0_s3_wind3_n2_op,100.0,2.0,3,2,open_path,exponential,40.0,25,25,1000000.0,1000.0,500.0,0.027778,0.027777999999999997,0.0,0.023886846144468548,0.007707611625065145,-0.14008041815578703,0.14008041815578703,True,1,nonnegative,2,1,1,0.999940592723037,5.9407276962963884e-05,0.999940592723037,0.6091847517978515,0.6091847517978515,37573.927669659366,False,True,uniform,625,kg s-1,ng m-3,ng m-3 / (kg s-1),source_heterogeneity_les_rice_paddy_l100_cv2p0_s3_wind3_surface,0.14008041815578692
source_heterogeneity_les_rice_paddy_l100_cv2p0_s4_wind3_n2_op,100.0,2.0,4,2,open_path,exponential,40.0,25,25,1000000.0,1000.0,500.0,0.027778,0.027778000000000004,0.0,0.03096972077731054,0.007707611625065145,0.11490102877494927,0.11490102877494927,True,1,nonnegative,2,1,1,0.999940592723037,5.9407276962963884e-05,0.999940592723037,0.003868253729119221,0.003868253729119221,37573.927669659366,False,True,uniform,625,kg s-1,ng m-3,ng m-3 / (kg s-1),source_heterogeneity_les_rice_paddy_l100_cv2p0_s4_wind3_surface,0.11490102877494913
source_heterogeneity_les_rice_paddy_l100_cv2p0_s5_wind3_n2_op,100.0,2.0,5,2,open_path,exponential,40.0,25,25,1000000.0,1000.0,500.0,0.027778,0.027778000000000004,0.0,0.01830224006587864,0.007707611625065145,-0.3411246286313399,0.3411246286313399,True,1,nonnegative,2,1,1,0.999940592723037,5.9407276962963884e-05,0.999940592723037,1.4804000757718867,1.4804000757718867,37573.927669659366,False,True,uniform,625,kg s-1,ng m-3,ng m-3 / (kg s-1),source_heterogeneity_les_rice_paddy_l100_cv2p0_s5_wind3_surface,0.34112462863134
source_heterogeneity_les_rice_paddy_l100_cv2p0_s6_wind3_n2_op,100.0,2.0,6,2,open_path,exponential,40.0,25,25,1000000.0,1000.0,500.0,0.027778,0.027777999999999997,0.0,0.02447862332136913,0.007707611625065145,-0.11877661021782958,0.11877661021782958,True,1,nonnegative,2,1,1,0.999940592723037,5.9407276962963884e-05,0.999940592723037,0.17725788376780904,0.17725788376780904,37573.927669659366,False,True,uniform,625,kg s-1,ng m-3,ng m-3 / (kg s-1),source_heterogeneity_les_rice_paddy_l100_cv2p0_s6_wind3_surface,0.11877661021782947
source_heterogeneity_les_rice_paddy_l100_cv2p0_s7_wind3_n2_op,100.0,2.0,7,2,open_path,exponential,40.0,25,25,1000000.0,1000.0,500.0,0.027778,0.027778000000000004,0.0,0.02881326024602035,0.007707611625065145,0.03726907070416695,0.03726907070416695,True,1,nonnegative,2,1,1,0.999940592723037,5.9407276962963884e-05,0.999940592723037,2.573224584844728,2.573224584844728,37573.927669659366,False,True,uniform,625,kg s-1,ng m-3,ng m-3 / (kg s-1),source_heterogeneity_les_rice_paddy_l100_cv2p0_s7_wind3_surface,0.03726907070416682
source_heterogeneity_les_rice_paddy_l250_cv2p0_s0_wind3_n2_op,250.0,2.0,0,2,open_path,exponential,40.0,25,25,1000000.0,1000.0,500.0,0.027778,0.027778000000000004,0.0,0.024678769495683154,0.007707611625065145,-0.1115714055841618,0.1115714055841618,True,1,nonnegative,2,1,1,0.999940592723037,5.9407276962963884e-05,0.999940592723037,0.9582114089003115,0.9582114089003115,37573.927669659366,False,True,uniform,625,kg s-1,ng m-3,ng m-3 / (kg s-1),source_heterogeneity_les_rice_paddy_l250_cv2p0_s0_wind3_surface,0.11157140558416191
source_heterogeneity_les_rice_paddy_l250_cv2p0_s1_wind3_n2_op,250.0,2.0,1,2,open_path,exponential,40.0,25,25,1000000.0,1000.0,500.0,0.027778,0.027778,0.0,0.03133100239517655,0.007707611625065145,0.12790706296985194,0.12790706296985194,True,1,nonnegative,2,1,1,0.999940592723037,5.9407276962963884e-05,0.999940592723037,0.09580546637776245,0.09580546637776245,37573.927669659366,False,True,uniform,625,kg s-1,ng m-3,ng m-3 / (kg s-1),source_heterogeneity_les_rice_paddy_l250_cv2p0_s1_wind3_surface,0.12790706296985194
source_heterogeneity_les_rice_paddy_l250_cv2p0_s2_wind3_n2_op,250.0,2.0,2,2,open_path,exponential,40.0,25,25,1000000.0,1000.0,500.0,0.027778,0.027778000000000004,0.0,0.023061503703533232,0.007707611625065145,-0.16979250833273699,0.16979250833273699,True,1,nonnegative,2,1,1,0.999940592723037,5.9407276962963884e-05,0.999940592723037,0.11908721051380472,0.11908721051380472,37573.927669659366,False,True,uniform,625,kg s-1,ng m-3,ng m-3 / (kg s-1),source_heterogeneity_les_rice_paddy_l250_cv2p0_s2_wind3_surface,0.1697925083327371
source_heterogeneity_les_rice_paddy_l250_cv2p0_s3_wind3_n2_op,250.0,2.0,3,2,open_path,exponential,40.0,25,25,1000000.0,1000.0,500.0,0.027778,0.027778000000000004,0.0,0.02078777499122612,0.007707611625065145,-0.2516460871471625,0.2516460871471625,True,1,nonnegative,2,1,1,0.999940592723037,5.9407276962963884e-05,0.999940592723037,0.9489672739541767,0.9489672739541767,37573.927669659366,False,True,uniform,625,kg s-1,ng m-3,ng m-3 / (kg s-1),source_heterogeneity_les_rice_paddy_l250_cv2p0_s3_wind3_surface,0.2516460871471626
source_heterogeneity_les_rice_paddy_l250_cv2p0_s4_wind3_n2_op,250.0,2.0,4,2,open_path,exponential,40.0,25,25,1000000.0,1000.0,500.0,0.027778,0.027778000000000004,0.0,0.028228203861964042,0.007707611625065145,0.01620720937303051,0.01620720937303051,True,1,nonnegative,2,1,1,0.999940592723037,5.9407276962963884e-05,0.999940592723037,0.016578805833558374,0.016578805833558374,37573.927669659366,False,True,uniform,625,kg s-1,ng m-3,ng m-3 / (kg s-1),source_heterogeneity_les_rice_paddy_l250_cv2p0_s4_wind3_surface,0.016207209373030385
source_heterogeneity_les_rice_paddy_l250_cv2p0_s5_wind3_n2_op,250.0,2.0,5,2,open_path,exponential,40.0,25,25,1000000.0,1000.0,500.0,0.027778,0.027778,0.0,0.017689291407386166,0.007707611625065145,-0.3631906038092676,0.3631906038092676,True,1,nonnegative,2,1,1,0.999940592723037,5.9407276962963884e-05,0.999940592723037,2.344199567055641,2.344199567055641,37573.927669659366,False,True,uniform,625,kg s-1,ng m-3,ng m-3 / (kg s-1),source_heterogeneity_les_rice_paddy_l250_cv2p0_s5_wind3_surface,0.3631906038092676
source_heterogeneity_les_rice_paddy_l250_cv2p0_s6_wind3_n2_op,250.0,2.0,6,2,open_path,exponential,40.0,25,25,1000000.0,1000.0,500.0,0.027778,0.027778,0.0,0.02460635207029841,0.007707611625065145,-0.11417841204196089,0.11417841204196089,True,1,nonnegative,2,1,1,0.999940592723037,5.9407276962963884e-05,0.999940592723037,0.055470051190422906,0.055470051190422906,37573.927669659366,False,True,uniform,625,kg s-1,ng m-3,ng m-3 / (kg s-1),source_heterogeneity_les_rice_paddy_l250_cv2p0_s6_wind3_surface,0.11417841204196089
source_heterogeneity_les_rice_paddy_l250_cv2p0_s7_wind3_n2_op,250.0,2.0,7,2,open_path,exponential,40.0,25,25,1000000.0,1000.0,500.0,0.027778,0.027778000000000004,0.0,0.028981956581427364,0.007707611625065145,0.043342090194663535,0.043342090194663535,True,1,nonnegative,2,1,1,0.999940592723037,5.9407276962963884e-05,0.999940592723037,1.8738798479043333,1.8738798479043333,37573.927669659366,False,True,uniform,625,kg s-1,ng m-3,ng m-3 / (kg s-1),source_heterogeneity_les_rice_paddy_l250_cv2p0_s7_wind3_surface,0.0433420901946634
source_heterogeneity_les_rice_paddy_l500_cv2p0_s0_wind3_n2_op,500.0,2.0,0,2,open_path,exponential,40.0,25,25,1000000.0,1000.0,500.0,0.027778,0.027777999999999994,0.0,0.023017361485434044,0.007707611625065145,-0.17138161547145067,0.17138161547145067,True,1,nonnegative,2,1,1,0.999940592723037,5.9407276962963884e-05,0.999940592723037,2.492096187382119,2.492096187382119,37573.927669659366,False,True,uniform,625,kg s-1,ng m-3,ng m-3 / (kg s-1),source_heterogeneity_les_rice_paddy_l500_cv2p0_s0_wind3_surface,0.17138161547145048
source_heterogeneity_les_rice_paddy_l500_cv2p0_s1_wind3_n2_op,500.0,2.0,1,2,open_path,exponential,40.0,25,25,1000000.0,1000.0,500.0,0.027778,0.027777999999999997,0.0,0.03729538378018529,0.007707611625065145,0.3426230751020697,0.3426230751020697,True,1,nonnegative,2,1,1,0.999940592723037,5.9407276962963884e-05,0.999940592723037,1.9472919066068364,1.9472919066068364,37573.927669659366,False,True,uniform,625,kg s-1,ng m-3,ng m-3 / (kg s-1),source_heterogeneity_les_rice_paddy_l500_cv2p0_s1_wind3_surface,0.34262307510206985
source_heterogeneity_les_rice_paddy_l500_cv2p0_s2_wind3_n2_op,500.0,2.0,2,2,open_path,exponential,40.0,25,25,1000000.0,1000.0,500.0,0.027778,0.027778000000000004,0.0,0.03644946543662301,0.007707611625065145,0.3121702583563614,0.3121702583563614,True,1,nonnegative,2,1,1,0.999940592723037,5.9407276962963884e-05,0.999940592723037,1.6455896905651966,1.6455896905651966,37573.927669659366,False,True,uniform,625,kg s-1,ng m-3,ng m-3 / (kg s-1),source_heterogeneity_les_rice_paddy_l500_cv2p0_s2_wind3_surface,0.31217025835636125
source_heterogeneity_les_rice_paddy_l500_cv2p0_s3_wind3_n2_op,500.0,2.0,3,2,open_path,exponential,40.0,25,25,1000000.0,1000.0,500.0,0.027778,0.027778000000000004,0.0,0.026900267648811423,0.007707611625065145,-0.03159811185789392,0.03159811185789392,True,1,nonnegative,2,1,1,0.999940592723037,5.9407276962963884e-05,0.999940592723037,0.4209656652532411,0.4209656652532411,37573.927669659366,False,True,uniform,625,kg s-1,ng m-3,ng m-3 / (kg s-1),source_heterogeneity_les_rice_paddy_l500_cv2p0_s3_wind3_surface,0.03159811185789404
source_heterogeneity_les_rice_paddy_l500_cv2p0_s4_wind3_n2_op,500.0,2.0,4,2,open_path,exponential,40.0,25,25,1000000.0,1000.0,500.0,0.027778,0.027777999999999997,0.0,0.020031688304358915,0.007707611625065145,-0.2788649901231581,0.2788649901231581,True,1,nonnegative,2,1,1,0.999940592723037,5.9407276962963884e-05,0.999940592723037,1.421709183966736,1.421709183966736,37573.927669659366,False,True,uniform,625,kg s-1,ng m-3,ng m-3 / (kg s-1),source_heterogeneity_les_rice_paddy_l500_cv2p0_s4_wind3_surface,0.27886499012315796
source_heterogeneity_les_rice_paddy_l500_cv2p0_s5_wind3_n2_op,500.0,2.0,5,2,open_path,exponential,40.0,25,25,1000000.0,1000.0,500.0,0.027778,0.027778000000000004,0.0,0.023738059853128043,0.007707611625065145,-0.14543668179393612,0.14543668179393612,True,1,nonnegative,2,1,1,0.999940592723037,5.9407276962963884e-05,0.999940592723037,2.096601936396985,2.096601936396985,37573.927669659366,False,True,uniform,625,kg s-1,ng m-3,ng m-3 / (kg s-1),source_heterogeneity_les_rice_paddy_l500_cv2p0_s5_wind3_surface,0.14543668179393623
source_heterogeneity_les_rice_paddy_l500_cv2p0_s6_wind3_n2_op,500.0,2.0,6,2,open_path,exponential,40.0,25,25,1000000.0,1000.0,500.0,0.027778,0.027777999999999994,0.0,0.02924403854966334,0.007707611625065145,0.05277696557215561,0.05277696557215561,True,1,nonnegative,2,1,1,0.999940592723037,5.9407276962963884e-05,0.999940592723037,5.107989030942006,5.107989030942006,37573.927669659366,False,True,uniform,625,kg s-1,ng m-3,ng m-3 / (kg s-1),source_heterogeneity_les_rice_paddy_l500_cv2p0_s6_wind3_surface,0.05277696557215587
source_heterogeneity_les_rice_paddy_l500_cv2p0_s7_wind3_n2_op,500.0,2.0,7,2,open_path,exponential,40.0,25,25,1000000.0,1000.0,500.0,0.027778,0.027778,0.0,0.04585263782945353,0.007707611625065145,0.6506817564062757,0.6506817564062757,True,1,nonnegative,2,1,1,0.999940592723037,5.9407276962963884e-05,0.999940592723037,0.5809443157570678,0.5809443157570678,37573.927669659366,False,True,uniform,625,kg s-1,ng m-3,ng m-3 / (kg s-1),source_heterogeneity_les_rice_paddy_l500_cv2p0_s7_wind3_surface,0.6506817564062757
source_heterogeneity_les_rice_paddy_l100_cv0p5_s0_wind3_n3_op,100.0,0.5,0,3,open_path,exponential,40.0,25,25,1000000.0,1000.0,333.3333333333333,0.027778,0.027777999999999997,0.0,0.028399962839837766,0.0065415347631559186,0.022390483110294675,0.022390483110294675,True,1,nonnegative,3,1,2,0.9999572083229423,4.279167705767417e-05,0.9999572083229423,1.446743074291565,0.7233715371457825,37533.8330522395,False,True,uniform,625,kg s-1,ng m-3,ng m-3 / (kg s-1),source_heterogeneity_les_rice_paddy_l100_cv0p5_s0_wind3_surface,0.022390483110294804
source_heterogeneity_les_rice_paddy_l100_cv0p5_s1_wind3_n3_op,100.0,0.5,1,3,open_path,exponential,40.0,25,25,1000000.0,1000.0,333.3333333333333,0.027778,0.027778000000000004,0.0,0.02964913896992173,0.0065415347631559186,0.06736046403347005,0.06736046403347005,True,1,nonnegative,3,1,2,0.9999572083229423,4.279167705767417e-05,0.9999572083229423,0.7081622690569662,0.3540811345284831,37533.8330522395,False,True,uniform,625,kg s-1,ng m-3,ng m-3 / (kg s-1),source_heterogeneity_les_rice_paddy_l100_cv0p5_s1_wind3_surface,0.06736046403346992
source_heterogeneity_les_rice_paddy_l100_cv0p5_s2_wind3_n3_op,100.0,0.5,2,3,open_path,exponential,40.0,25,25,1000000.0,1000.0,333.3333333333333,0.027778,0.027777999999999997,0.0,0.02692882207453433,0.0065415347631559186,-0.030570160755478037,0.030570160755478037,True,1,nonnegative,3,1,2,0.9999572083229423,4.279167705767417e-05,0.9999572083229423,0.46079360380654466,0.23039680190327233,37533.8330522395,False,True,uniform,625,kg s-1,ng m-3,ng m-3 / (kg s-1),source_heterogeneity_les_rice_paddy_l100_cv0p5_s2_wind3_surface,0.030570160755477915
source_heterogeneity_les_rice_paddy_l100_cv0p5_s3_wind3_n3_op,100.0,0.5,3,3,open_path,exponential,40.0,25,25,1000000.0,1000.0,333.3333333333333,0.027778,0.027777999999999997,0.0,0.02681511140875168,0.0065415347631559186,-0.034663711975243705,0.034663711975243705,True,1,nonnegative,3,1,2,0.9999572083229423,4.279167705767417e-05,0.9999572083229423,1.0571437395213525,0.5285718697606763,37533.8330522395,False,True,uniform,625,kg s-1,ng m-3,ng m-3 / (kg s-1),source_heterogeneity_les_rice_paddy_l100_cv0p5_s3_wind3_surface,0.03466371197524359
source_heterogeneity_les_rice_paddy_l100_cv0p5_s4_wind3_n3_op,100.0,0.5,4,3,open_path,exponential,40.0,25,25,1000000.0,1000.0,333.3333333333333,0.027778,0.027777999999999997,0.0,0.02876426523929135,0.0065415347631559186,0.03550526457237205,0.03550526457237205,True,1,nonnegative,3,1,2,0.9999572083229423,4.279167705767417e-05,0.9999572083229423,0.20536805252166396,0.10268402626083198,37533.8330522395,False,True,uniform,625,kg s-1,ng m-3,ng m-3 / (kg s-1),source_heterogeneity_les_rice_paddy_l100_cv0p5_s4_wind3_surface,0.03550526457237217
source_heterogeneity_les_rice_paddy_l100_cv0p5_s5_wind3_n3_op,100.0,0.5,5,3,open_path,exponential,40.0,25,25,1000000.0,1000.0,333.3333333333333,0.027778,0.027777999999999997,0.0,0.026854989022831486,0.0065415347631559186,-0.0332281293530317,0.0332281293530317,True,1,nonnegative,3,1,2,0.9999572083229423,4.279167705767417e-05,0.9999572083229423,1.899257085814559,0.9496285429072795,37533.8330522395,False,True,uniform,625,kg s-1,ng m-3,ng m-3 / (kg s-1),source_heterogeneity_les_rice_paddy_l100_cv0p5_s5_wind3_surface,0.033228129353031585
source_heterogeneity_les_rice_paddy_l100_cv0p5_s6_wind3_n3_op,100.0,0.5,6,3,open_path,exponential,40.0,25,25,1000000.0,1000.0,333.3333333333333,0.027778,0.027777999999999997,0.0,0.02725991468591697,0.0065415347631559186,-0.01865092209961235,0.01865092209961235,True,1,nonnegative,3,1,2,0.9999572083229423,4.279167705767417e-05,0.9999572083229423,0.7249756541931325,0.36248782709656624,37533.8330522395,False,True,uniform,625,kg s-1,ng m-3,ng m-3 / (kg s-1),source_heterogeneity_les_rice_paddy_l100_cv0p5_s6_wind3_surface,0.01865092209961223
source_heterogeneity_les_rice_paddy_l100_cv0p5_s7_wind3_n3_op,100.0,0.5,7,3,open_path,exponential,40.0,25,25,1000000.0,1000.0,333.3333333333333,0.027778,0.027778000000000004,0.0,0.028738343382226365,0.0065415347631559186,0.03457208518346764,0.03457208518346764,True,1,nonnegative,3,1,2,0.9999572083229423,4.279167705767417e-05,0.9999572083229423,1.4832976208605047,0.7416488104302523,37533.8330522395,False,True,uniform,625,kg s-1,ng m-3,ng m-3 / (kg s-1),source_heterogeneity_les_rice_paddy_l100_cv0p5_s7_wind3_surface,0.03457208518346751
source_heterogeneity_les_rice_paddy_l250_cv0p5_s0_wind3_n3_op,250.0,0.5,0,3,open_path,exponential,40.0,25,25,1000000.0,1000.0,333.3333333333333,0.027778,0.027778,0.0,0.028483323789211933,0.0065415347631559186,0.025391453280003334,0.025391453280003334,True,1,nonnegative,3,1,2,0.9999572083229423,4.279167705767417e-05,0.9999572083229423,1.5694335451852914,0.7847167725926457,37533.8330522395,False,True,uniform,625,kg s-1,ng m-3,ng m-3 / (kg s-1),source_heterogeneity_les_rice_paddy_l250_cv0p5_s0_wind3_surface,0.025391453280003334
source_heterogeneity_les_rice_paddy_l250_cv0p5_s1_wind3_n3_op,250.0,0.5,1,3,open_path,exponential,40.0,25,25,1000000.0,1000.0,333.3333333333333,0.027778,0.027778,0.0,0.029968574077160873,0.0065415347631559186,0.07886003589750422,0.07886003589750422,True,1,nonnegative,3,1,2,0.9999572083229423,4.279167705767417e-05,0.9999572083229423,0.4427570552537914,0.2213785276268957,37533.8330522395,False,True,uniform,625,kg s-1,ng m-3,ng m-3 / (kg s-1),source_heterogeneity_les_rice_paddy_l250_cv0p5_s1_wind3_surface,0.07886003589750422
source_heterogeneity_les_rice_paddy_l250_cv0p5_s2_wind3_n3_op,250.0,0.5,2,3,open_path,exponential,40.0,25,25,1000000.0,1000.0,333.3333333333333,0.027778,0.027778000000000008,0.0,0.02626235127603227,0.0065415347631559186,-0.05456291755949783,0.05456291755949783,True,1,nonnegative,3,1,2,0.9999572083229423,4.279167705767417e-05,0.9999572083229423,0.43237633321203406,0.21618816660601703,37533.8330522395,False,True,uniform,625,kg s-1,ng m-3,ng m-3 / (kg s-1),source_heterogeneity_les_rice_paddy_l250_cv0p5_s2_wind3_surface,0.05456291755949807
source_heterogeneity_les_rice_paddy_l250_cv0p5_s3_wind3_n3_op,250.0,0.5,3,3,open_path,exponential,40.0,25,25,1000000.0,1000.0,333.3333333333333,0.027778,0.027778000000000004,0.0,0.025679784152302623,0.0065415347631559186,-0.07553516623577572,0.07553516623577572,True,1,nonnegative,3,1,2,0.9999572083229423,4.279167705767417e-05,0.9999572083229423,1.3845404316835899,0.6922702158417949,37533.8330522395,False,True,uniform,625,kg s-1,ng m-3,ng m-3 / (kg s-1),source_heterogeneity_les_rice_paddy_l250_cv0p5_s3_wind3_surface,0.07553516623577584
source_heterogeneity_les_rice_paddy_l250_cv0p5_s4_wind3_n3_op,250.0,0.5,4,3,open_path,exponential,40.0,25,25,1000000.0,1000.0,333.3333333333333,0.027778,0.027777999999999997,0.0,0.028183323301858406,0.0065415347631559186,0.014591522134725518,0.014591522134725518,True,1,nonnegative,3,1,2,0.9999572083229423,4.279167705767417e-05,0.9999572083229423,0.18424920419727484,0.09212460209863742,37533.8330522395,False,True,uniform,625,kg s-1,ng m-3,ng m-3 / (kg s-1),source_heterogeneity_les_rice_paddy_l250_cv0p5_s4_wind3_surface,0.014591522134725645
source_heterogeneity_les_rice_paddy_l250_cv0p5_s5_wind3_n3_op,250.0,0.5,5,3,open_path,exponential,40.0,25,25,1000000.0,1000.0,333.3333333333333,0.027778,0.027778000000000004,0.0,0.026774955508010352,0.0065415347631559186,-0.036109312837124645,0.036109312837124645,True,1,nonnegative,3,1,2,0.9999572083229423,4.279167705767417e-05,0.9999572083229423,2.8920578262999825,1.4460289131499913,37533.8330522395,False,True,uniform,625,kg s-1,ng m-3,ng m-3 / (kg s-1),source_heterogeneity_les_rice_paddy_l250_cv0p5_s5_wind3_surface,0.03610931283712477
source_heterogeneity_les_rice_paddy_l250_cv0p5_s6_wind3_n3_op,250.0,0.5,6,3,open_path,exponential,40.0,25,25,1000000.0,1000.0,333.3333333333333,0.027778,0.027777999999999997,0.0,0.027486932993270242,0.0065415347631559186,-0.010478328415643967,0.010478328415643967,True,1,nonnegative,3,1,2,0.9999572083229423,4.279167705767417e-05,0.9999572083229423,0.5789035751390033,0.28945178756950163,37533.8330522395,False,True,uniform,625,kg s-1,ng m-3,ng m-3 / (kg s-1),source_heterogeneity_les_rice_paddy_l250_cv0p5_s6_wind3_surface,0.010478328415643844
source_heterogeneity_les_rice_paddy_l250_cv0p5_s7_wind3_n3_op,250.0,0.5,7,3,open_path,exponential,40.0,25,25,1000000.0,1000.0,333.3333333333333,0.027778,0.027778000000000004,0.0,0.02918448367748234,0.0065415347631559186,0.05063300732530568,0.05063300732530568,True,1,nonnegative,3,1,2,0.9999572083229423,4.279167705767417e-05,0.9999572083229423,1.2681754648897552,0.6340877324448776,37533.8330522395,False,True,uniform,625,kg s-1,ng m-3,ng m-3 / (kg s-1),source_heterogeneity_les_rice_paddy_l250_cv0p5_s7_wind3_surface,0.05063300732530555
source_heterogeneity_les_rice_paddy_l500_cv0p5_s0_wind3_n3_op,500.0,0.5,0,3,open_path,exponential,40.0,25,25,1000000.0,1000.0,333.3333333333333,0.027778,0.027778000000000004,0.0,0.027466259944245872,0.0065415347631559186,-0.011222552226730806,0.011222552226730806,True,1,nonnegative,3,1,2,0.9999572083229423,4.279167705767417e-05,0.9999572083229423,2.1482337666415368,1.0741168833207684,37533.8330522395,False,True,uniform,625,kg s-1,ng m-3,ng m-3 / (kg s-1),source_heterogeneity_les_rice_paddy_l500_cv0p5_s0_wind3_surface,0.01122255222673093
source_heterogeneity_les_rice_paddy_l500_cv0p5_s1_wind3_n3_op,500.0,0.5,1,3,open_path,exponential,40.0,25,25,1000000.0,1000.0,333.3333333333333,0.027778,0.027778,0.0,0.03162855678820228,0.0065415347631559186,0.13861893542379877,0.13861893542379877,True,1,nonnegative,3,1,2,0.9999572083229423,4.279167705767417e-05,0.9999572083229423,1.1216291697436553,0.5608145848718277,37533.8330522395,False,True,uniform,625,kg s-1,ng m-3,ng m-3 / (kg s-1),source_heterogeneity_les_rice_paddy_l500_cv0p5_s1_wind3_surface,0.13861893542379877
source_heterogeneity_les_rice_paddy_l500_cv0p5_s2_wind3_n3_op,500.0,0.5,2,3,open_path,exponential,40.0,25,25,1000000.0,1000.0,333.3333333333333,0.027778,0.027777999999999997,0.0,0.03147349288072768,0.0065415347631559186,0.13303667941276104,0.13303667941276104,True,1,nonnegative,3,1,2,0.9999572083229423,4.279167705767417e-05,0.9999572083229423,1.1072353367788088,0.5536176683894044,37533.8330522395,False,True,uniform,625,kg s-1,ng m-3,ng m-3 / (kg s-1),source_heterogeneity_les_rice_paddy_l500_cv0p5_s2_wind3_surface,0.13303667941276118
source_heterogeneity_les_rice_paddy_l500_cv0p5_s3_wind3_n3_op,500.0,0.5,3,3,open_path,exponential,40.0,25,25,1000000.0,1000.0,333.3333333333333,0.027778,0.027778000000000004,0.0,0.02831758482367116,0.0065415347631559186,0.019424898252975675,0.019424898252975675,True,1,nonnegative,3,1,2,0.9999572083229423,4.279167705767417e-05,0.9999572083229423,0.026778672311539208,0.013389336155769604,37533.8330522395,False,True,uniform,625,kg s-1,ng m-3,ng m-3 / (kg s-1),source_heterogeneity_les_rice_paddy_l500_cv0p5_s3_wind3_surface,0.019424898252975546
source_heterogeneity_les_rice_paddy_l500_cv0p5_s4_wind3_n3_op,500.0,0.5,4,3,open_path,exponential,40.0,25,25,1000000.0,1000.0,333.3333333333333,0.027778,0.027778,0.0,0.025866733763521502,0.0065415347631559186,-0.06880503407295335,0.06880503407295335,True,1,nonnegative,3,1,2,0.9999572083229423,4.279167705767417e-05,0.9999572083229423,1.5616112523737076,0.7808056261868538,37533.8330522395,False,True,uniform,625,kg s-1,ng m-3,ng m-3 / (kg s-1),source_heterogeneity_les_rice_paddy_l500_cv0p5_s4_wind3_surface,0.06880503407295335
source_heterogeneity_les_rice_paddy_l500_cv0p5_s5_wind3_n3_op,500.0,0.5,5,3,open_path,exponential,40.0,25,25,1000000.0,1000.0,333.3333333333333,0.027778,0.027777999999999997,0.0,0.026788991948709002,0.0065415347631559186,-0.03560400501443584,0.03560400501443584,True,1,nonnegative,3,1,2,0.9999572083229423,4.279167705767417e-05,0.9999572083229423,1.9353347087370631,0.9676673543685316,37533.8330522395,False,True,uniform,625,kg s-1,ng m-3,ng m-3 / (kg s-1),source_heterogeneity_les_rice_paddy_l500_cv0p5_s5_wind3_surface,0.03560400501443572
source_heterogeneity_les_rice_paddy_l500_cv0p5_s6_wind3_n3_op,500.0,0.5,6,3,open_path,exponential,40.0,25,25,1000000.0,1000.0,333.3333333333333,0.027778,0.027778000000000004,0.0,0.0293832561230574,0.0065415347631559186,0.057788758120001456,0.057788758120001456,True,1,nonnegative,3,1,2,0.9999572083229423,4.279167705767417e-05,0.9999572083229423,3.7403685004888674,1.8701842502444337,37533.8330522395,False,True,uniform,625,kg s-1,ng m-3,ng m-3 / (kg s-1),source_heterogeneity_les_rice_paddy_l500_cv0p5_s6_wind3_surface,0.057788758120001324
source_heterogeneity_les_rice_paddy_l500_cv0p5_s7_wind3_n3_op,500.0,0.5,7,3,open_path,exponential,40.0,25,25,1000000.0,1000.0,333.3333333333333,0.027778,0.027778,0.0,0.03449487439536102,0.0065415347631559186,0.24180554378864652,0.24180554378864652,True,1,nonnegative,3,1,2,0.9999572083229423,4.279167705767417e-05,0.9999572083229423,0.966016609096953,0.4830083045484765,37533.8330522395,False,True,uniform,625,kg s-1,ng m-3,ng m-3 / (kg s-1),source_heterogeneity_les_rice_paddy_l500_cv0p5_s7_wind3_surface,0.24180554378864652
source_heterogeneity_les_rice_paddy_l100_cv1p0_s0_wind3_n3_op,100.0,1.0,0,3,open_path,exponential,40.0,25,25,1000000.0,1000.0,333.3333333333333,0.027778,0.027778000000000004,0.0,0.0275041835620607,0.0065415347631559186,-0.009857312907311507,0.009857312907311507,True,1,nonnegative,3,1,2,0.9999572083229423,4.279167705767417e-05,0.9999572083229423,1.7429673231071283,0.8714836615535642,37533.8330522395,False,True,uniform,625,kg s-1,ng m-3,ng m-3 / (kg s-1),source_heterogeneity_les_rice_paddy_l100_cv1p0_s0_wind3_surface,0.00985731290731163
source_heterogeneity_les_rice_paddy_l100_cv1p0_s1_wind3_n3_op,100.0,1.0,1,3,open_path,exponential,40.0,25,25,1000000.0,1000.0,333.3333333333333,0.027778,0.027777999999999997,0.0,0.030139866543784147,0.0065415347631559186,0.08502651536410637,0.08502651536410637,True,1,nonnegative,3,1,2,0.9999572083229423,4.279167705767417e-05,0.9999572083229423,0.5466369665089683,0.27331848325448416,37533.8330522395,False,True,uniform,625,kg s-1,ng m-3,ng m-3 / (kg s-1),source_heterogeneity_les_rice_paddy_l100_cv1p0_s1_wind3_surface,0.0850265153641065
source_heterogeneity_les_rice_paddy_l100_cv1p0_s2_wind3_n3_op,100.0,1.0,2,3,open_path,exponential,40.0,25,25,1000000.0,1000.0,333.3333333333333,0.027778,0.027778000000000004,0.0,0.025463810689832687,0.0065415347631559186,-0.08331014868483379,0.08331014868483379,True,1,nonnegative,3,1,2,0.9999572083229423,4.279167705767417e-05,0.9999572083229423,0.13683032626070843,0.06841516313035421,37533.8330522395,False,True,uniform,625,kg s-1,ng m-3,ng m-3 / (kg s-1),source_heterogeneity_les_rice_paddy_l100_cv1p0_s2_wind3_surface,0.08331014868483391
source_heterogeneity_les_rice_paddy_l100_cv1p0_s3_wind3_n3_op,100.0,1.0,3,3,open_path,exponential,40.0,25,25,1000000.0,1000.0,333.3333333333333,0.027778,0.027778000000000004,0.0,0.025620283018716782,0.0065415347631559186,-0.07767718990867659,0.07767718990867659,True,1,nonnegative,3,1,2,0.9999572083229423,4.279167705767417e-05,0.9999572083229423,1.307690735258236,0.653845367629118,37533.8330522395,False,True,uniform,625,kg s-1,ng m-3,ng m-3 / (kg s-1),source_heterogeneity_les_rice_paddy_l100_cv1p0_s3_wind3_surface,0.07767718990867671
source_heterogeneity_les_rice_paddy_l100_cv1p0_s4_wind3_n3_op,100.0,1.0,4,3,open_path,exponential,40.0,25,25,1000000.0,1000.0,333.3333333333333,0.027778,0.027778,0.0,0.02929931256419939,0.0065415347631559186,0.05476681417666459,0.05476681417666459,True,1,nonnegative,3,1,2,0.9999572083229423,4.279167705767417e-05,0.9999572083229423,0.03547964363174301,0.017739821815871505,37533.8330522395,False,True,uniform,625,kg s-1,ng m-3,ng m-3 / (kg s-1),source_heterogeneity_les_rice_paddy_l100_cv1p0_s4_wind3_surface,0.05476681417666459
source_heterogeneity_les_rice_paddy_l100_cv1p0_s5_wind3_n3_op,100.0,1.0,5,3,open_path,exponential,40.0,25,25,1000000.0,1000.0,333.3333333333333,0.027778,0.027777999999999997,0.0,0.02431279694612789,0.0065415347631559186,-0.12474631196890026,0.12474631196890026,True,1,nonnegative,3,1,2,0.9999572083229423,4.279167705767417e-05,0.9999572083229423,2.6354628866459575,1.3177314433229788,37533.8330522395,False,True,uniform,625,kg s-1,ng m-3,ng m-3 / (kg s-1),source_heterogeneity_les_rice_paddy_l100_cv1p0_s5_wind3_surface,0.12474631196890015
source_heterogeneity_les_rice_paddy_l100_cv1p0_s6_wind3_n3_op,100.0,1.0,6,3,open_path,exponential,40.0,25,25,1000000.0,1000.0,333.3333333333333,0.027778,0.027778000000000004,0.0,0.026313397404895262,0.0065415347631559186,-0.05272527162159762,0.05272527162159762,True,1,nonnegative,3,1,2,0.9999572083229423,4.279167705767417e-05,0.9999572083229423,0.7878157631228933,0.3939078815614466,37533.8330522395,False,True,uniform,625,kg s-1,ng m-3,ng m-3 / (kg s-1),source_heterogeneity_les_rice_paddy_l100_cv1p0_s6_wind3_surface,0.052725271621597736
source_heterogeneity_les_rice_paddy_l100_cv1p0_s7_wind3_n3_op,100.0,1.0,7,3,open_path,exponential,40.0,25,25,1000000.0,1000.0,333.3333333333333,0.027778,0.027778,0.0,0.02894875003999829,0.0065415347631559186,0.04214666426662434,0.04214666426662434,True,1,nonnegative,3,1,2,0.9999572083229423,4.279167705767417e-05,0.9999572083229423,2.517292172696643,1.2586460863483215,37533.8330522395,False,True,uniform,625,kg s-1,ng m-3,ng m-3 / (kg s-1),source_heterogeneity_les_rice_paddy_l100_cv1p0_s7_wind3_surface,0.04214666426662434
source_heterogeneity_les_rice_paddy_l250_cv1p0_s0_wind3_n3_op,250.0,1.0,0,3,open_path,exponential,40.0,25,25,1000000.0,1000.0,333.3333333333333,0.027778,0.027778000000000004,0.0,0.027424036659057138,0.0065415347631559186,-0.012742578333316401,0.012742578333316401,True,1,nonnegative,3,1,2,0.9999572083229423,4.279167705767417e-05,0.9999572083229423,1.8318708646761592,0.9159354323380796,37533.8330522395,False,True,uniform,625,kg s-1,ng m-3,ng m-3 / (kg s-1),source_heterogeneity_les_rice_paddy_l250_cv1p0_s0_wind3_surface,0.012742578333316525
source_heterogeneity_les_rice_paddy_l250_cv1p0_s1_wind3_n3_op,250.0,1.0,1,3,open_path,exponential,40.0,25,25,1000000.0,1000.0,333.3333333333333,0.027778,0.027778000000000004,0.0,0.03077186681810877,0.0065415347631559186,0.1077783432251699,0.1077783432251699,True,1,nonnegative,3,1,2,0.9999572083229423,4.279167705767417e-05,0.9999572083229423,0.18540619809184067,0.09270309904592033,37533.8330522395,False,True,uniform,625,kg s-1,ng m-3,ng m-3 / (kg s-1),source_heterogeneity_les_rice_paddy_l250_cv1p0_s1_wind3_surface,0.10777834322516976
source_heterogeneity_les_rice_paddy_l250_cv1p0_s2_wind3_n3_op,250.0,1.0,2,3,open_path,exponential,40.0,25,25,1000000.0,1000.0,333.3333333333333,0.027778,0.027778000000000004,0.0,0.0246471050904091,0.0065415347631559186,-0.112711315054752,0.112711315054752,True,1,nonnegative,3,1,2,0.9999572083229423,4.279167705767417e-05,0.9999572083229423,0.12354808456898955,0.061774042284494776,37533.8330522395,False,True,uniform,625,kg s-1,ng m-3,ng m-3 / (kg s-1),source_heterogeneity_les_rice_paddy_l250_cv1p0_s2_wind3_surface,0.11271131505475211
source_heterogeneity_les_rice_paddy_l250_cv1p0_s3_wind3_n3_op,250.0,1.0,3,3,open_path,exponential,40.0,25,25,1000000.0,1000.0,333.3333333333333,0.027778,0.027777999999999997,0.0,0.02361505032964911,0.0065415347631559186,-0.1498649892127184,0.1498649892127184,True,1,nonnegative,3,1,2,0.9999572083229423,4.279167705767417e-05,0.9999572083229423,1.986565525061526,0.993282762530763,37533.8330522395,False,True,uniform,625,kg s-1,ng m-3,ng m-3 / (kg s-1),source_heterogeneity_les_rice_paddy_l250_cv1p0_s3_wind3_surface,0.1498649892127183
source_heterogeneity_les_rice_paddy_l250_cv1p0_s4_wind3_n3_op,250.0,1.0,4,3,open_path,exponential,40.0,25,25,1000000.0,1000.0,333.3333333333333,0.027778,0.027778000000000004,0.0,0.027974059150367284,0.0065415347631559186,0.007058072948638599,0.007058072948638599,True,1,nonnegative,3,1,2,0.9999572083229423,4.279167705767417e-05,0.9999572083229423,0.029189559486312633,0.014594779743156316,37533.8330522395,False,True,uniform,625,kg s-1,ng m-3,ng m-3 / (kg s-1),source_heterogeneity_les_rice_paddy_l250_cv1p0_s4_wind3_surface,0.007058072948638474
source_heterogeneity_les_rice_paddy_l250_cv1p0_s5_wind3_n3_op,250.0,1.0,5,3,open_path,exponential,40.0,25,25,1000000.0,1000.0,333.3333333333333,0.027778,0.027777999999999997,0.0,0.023767320724359407,0.0065415347631559186,-0.1443832988566705,0.1443832988566705,True,1,nonnegative,3,1,2,0.9999572083229423,4.279167705767417e-05,0.9999572083229423,4.656417803599481,2.3282089017997407,37533.8330522395,False,True,uniform,625,kg s-1,ng m-3,ng m-3 / (kg s-1),source_heterogeneity_les_rice_paddy_l250_cv1p0_s5_wind3_surface,0.1443832988566704
source_heterogeneity_les_rice_paddy_l250_cv1p0_s6_wind3_n3_op,250.0,1.0,6,3,open_path,exponential,40.0,25,25,1000000.0,1000.0,333.3333333333333,0.027778,0.027777999999999997,0.0,0.026594396666896673,0.0065415347631559186,-0.04260937911668687,0.04260937911668687,True,1,nonnegative,3,1,2,0.9999572083229423,4.279167705767417e-05,0.9999572083229423,0.6030109278599649,0.30150546392998245,37533.8330522395,False,True,uniform,625,kg s-1,ng m-3,ng m-3 / (kg s-1),source_heterogeneity_les_rice_paddy_l250_cv1p0_s6_wind3_surface,0.04260937911668675
source_heterogeneity_les_rice_paddy_l250_cv1p0_s7_wind3_n3_op,250.0,1.0,7,3,open_path,exponential,40.0,25,25,1000000.0,1000.0,333.3333333333333,0.027778,0.027777999999999997,0.0,0.029447563952772423,0.0065415347631559186,0.06010382146923545,0.06010382146923545,True,1,nonnegative,3,1,2,0.9999572083229423,4.279167705767417e-05,0.9999572083229423,1.9599410682947933,0.9799705341473967,37533.8330522395,False,True,uniform,625,kg s-1,ng m-3,ng m-3 / (kg s-1),source_heterogeneity_les_rice_paddy_l250_cv1p0_s7_wind3_surface,0.06010382146923558
source_heterogeneity_les_rice_paddy_l500_cv1p0_s0_wind3_n3_op,500.0,1.0,0,3,open_path,exponential,40.0,25,25,1000000.0,1000.0,333.3333333333333,0.027778,0.027777999999999997,0.0,0.02573591838543455,0.0065415347631559186,-0.07351435000955618,0.07351435000955618,True,1,nonnegative,3,1,2,0.9999572083229423,4.279167705767417e-05,0.9999572083229423,3.3898608435345854,1.6949304217672927,37533.8330522395,False,True,uniform,625,kg s-1,ng m-3,ng m-3 / (kg s-1),source_heterogeneity_les_rice_paddy_l500_cv1p0_s0_wind3_surface,0.07351435000955607
source_heterogeneity_les_rice_paddy_l500_cv1p0_s1_wind3_n3_op,500.0,1.0,1,3,open_path,exponential,40.0,25,25,1000000.0,1000.0,333.3333333333333,0.027778,0.027778000000000004,0.0,0.03390394597547762,0.0065415347631559186,0.2205322908588674,0.2205322908588674,True,1,nonnegative,3,1,2,0.9999572083229423,4.279167705767417e-05,0.9999572083229423,1.5175733941801384,0.7587866970900692,37533.8330522395,False,True,uniform,625,kg s-1,ng m-3,ng m-3 / (kg s-1),source_heterogeneity_les_rice_paddy_l500_cv1p0_s1_wind3_surface,0.22053229085886727
source_heterogeneity_les_rice_paddy_l500_cv1p0_s2_wind3_n3_op,500.0,1.0,2,3,open_path,exponential,40.0,25,25,1000000.0,1000.0,333.3333333333333,0.027778,0.027777999999999997,0.0,0.033523377869676754,0.0065415347631559186,0.2068319486527739,0.2068319486527739,True,1,nonnegative,3,1,2,0.9999572083229423,4.279167705767417e-05,0.9999572083229423,1.35662615885062,0.67831307942531,37533.8330522395,False,True,uniform,625,kg s-1,ng m-3,ng m-3 / (kg s-1),source_heterogeneity_les_rice_paddy_l500_cv1p0_s2_wind3_surface,0.20683194865277404
source_heterogeneity_les_rice_paddy_l500_cv1p0_s3_wind3_n3_op,500.0,1.0,3,3,open_path,exponential,40.0,25,25,1000000.0,1000.0,333.3333333333333,0.027778,0.027777999999999997,0.0,0.0279806927967946,0.0065415347631559186,0.00729688230954712,0.00729688230954712,True,1,nonnegative,3,1,2,0.9999572083229423,4.279167705767417e-05,0.9999572083229423,0.17677264298129602,0.08838632149064801,37533.8330522395,False,True,uniform,625,kg s-1,ng m-3,ng m-3 / (kg s-1),source_heterogeneity_les_rice_paddy_l500_cv1p0_s3_wind3_surface,0.007296882309547246
source_heterogeneity_les_rice_paddy_l500_cv1p0_s4_wind3_n3_op,500.0,1.0,4,3,open_path,exponential,40.0,25,25,1000000.0,1000.0,333.3333333333333,0.027778,0.027778000000000004,0.0,0.02343115282251213,0.0065415347631559186,-0.1564852465075912,0.1564852465075912,True,1,nonnegative,3,1,2,0.9999572083229423,4.279167705767417e-05,0.9999572083229423,2.1457677863459463,1.0728838931729732,37533.8330522395,False,True,uniform,625,kg s-1,ng m-3,ng m-3 / (kg s-1),source_heterogeneity_les_rice_paddy_l500_cv1p0_s4_wind3_surface,0.15648524650759132
source_heterogeneity_les_rice_paddy_l500_cv1p0_s5_wind3_n3_op,500.0,1.0,5,3,open_path,exponential,40.0,25,25,1000000.0,1000.0,333.3333333333333,0.027778,0.027778,0.0,0.025296723005929507,0.0065415347631559186,-0.0893252571844803,0.0893252571844803,True,1,nonnegative,3,1,2,0.9999572083229423,4.279167705767417e-05,0.9999572083229423,2.574157530157599,1.2870787650787996,37533.8330522395,False,True,uniform,625,kg s-1,ng m-3,ng m-3 / (kg s-1),source_heterogeneity_les_rice_paddy_l500_cv1p0_s5_wind3_surface,0.0893252571844803
source_heterogeneity_les_rice_paddy_l500_cv1p0_s6_wind3_n3_op,500.0,1.0,6,3,open_path,exponential,40.0,25,25,1000000.0,1000.0,333.3333333333333,0.027778,0.027778000000000004,0.0,0.029423795851564426,0.0065415347631559186,0.059248176670905935,0.059248176670905935,True,1,nonnegative,3,1,2,0.9999572083229423,4.279167705767417e-05,0.9999572083229423,6.409946511293832,3.204973255646916,37533.8330522395,False,True,uniform,625,kg s-1,ng m-3,ng m-3 / (kg s-1),source_heterogeneity_les_rice_paddy_l500_cv1p0_s6_wind3_surface,0.0592481766709058
source_heterogeneity_les_rice_paddy_l500_cv1p0_s7_wind3_n3_op,500.0,1.0,7,3,open_path,exponential,40.0,25,25,1000000.0,1000.0,333.3333333333333,0.027778,0.027777999999999997,0.0,0.03926105954615806,0.0065415347631559186,0.4133868365669975,0.4133868365669975,True,1,nonnegative,3,1,2,0.9999572083229423,4.279167705767417e-05,0.9999572083229423,1.1159501854459315,0.5579750927229657,37533.8330522395,False,True,uniform,625,kg s-1,ng m-3,ng m-3 / (kg s-1),source_heterogeneity_les_rice_paddy_l500_cv1p0_s7_wind3_surface,0.41338683656699765
source_heterogeneity_les_rice_paddy_l100_cv2p0_s0_wind3_n3_op,100.0,2.0,0,3,open_path,exponential,40.0,25,25,1000000.0,1000.0,333.3333333333333,0.027778,0.027778,0.0,0.02569987665957656,0.0065415347631559186,-0.07481184176050977,0.07481184176050977,True,1,nonnegative,3,1,2,0.9999572083229423,4.279167705767417e-05,0.9999572083229423,1.9013913032180851,0.9506956516090426,37533.8330522395,False,True,uniform,625,kg s-1,ng m-3,ng m-3 / (kg s-1),source_heterogeneity_les_rice_paddy_l100_cv2p0_s0_wind3_surface,0.07481184176050977
source_heterogeneity_les_rice_paddy_l100_cv2p0_s1_wind3_n3_op,100.0,2.0,1,3,open_path,exponential,40.0,25,25,1000000.0,1000.0,333.3333333333333,0.027778,0.027778000000000004,0.0,0.030548580244436574,0.0065415347631559186,0.0997400908789896,0.0997400908789896,True,1,nonnegative,3,1,2,0.9999572083229423,4.279167705767417e-05,0.9999572083229423,0.3679235306458894,0.1839617653229447,37533.8330522395,False,True,uniform,625,kg s-1,ng m-3,ng m-3 / (kg s-1),source_heterogeneity_les_rice_paddy_l100_cv2p0_s1_wind3_surface,0.09974009087898947
source_heterogeneity_les_rice_paddy_l100_cv2p0_s2_wind3_n3_op,100.0,2.0,2,3,open_path,exponential,40.0,25,25,1000000.0,1000.0,333.3333333333333,0.027778,0.027777999999999997,0.0,0.023754180651145193,0.0065415347631559186,-0.1448563377080714,0.1448563377080714,True,1,nonnegative,3,1,2,0.9999572083229423,4.279167705767417e-05,0.9999572083229423,0.0017541716148592,0.0008770858074296,37533.8330522395,False,True,uniform,625,kg s-1,ng m-3,ng m-3 / (kg s-1),source_heterogeneity_les_rice_paddy_l100_cv2p0_s2_wind3_surface,0.1448563377080713
source_heterogeneity_les_rice_paddy_l100_cv2p0_s3_wind3_n3_op,100.0,2.0,3,3,open_path,exponential,40.0,25,25,1000000.0,1000.0,333.3333333333333,0.027778,0.027777999999999997,0.0,0.024263542575309244,0.0065415347631559186,-0.12651945513322618,0.12651945513322618,True,1,nonnegative,3,1,2,0.9999572083229423,4.279167705767417e-05,0.9999572083229423,1.7026405785620653,0.8513202892810326,37533.8330522395,False,True,uniform,625,kg s-1,ng m-3,ng m-3 / (kg s-1),source_heterogeneity_les_rice_paddy_l100_cv2p0_s3_wind3_surface,0.12651945513322607
source_heterogeneity_les_rice_paddy_l100_cv2p0_s4_wind3_n3_op,100.0,2.0,4,3,open_path,exponential,40.0,25,25,1000000.0,1000.0,333.3333333333333,0.027778,0.027778000000000004,0.0,0.030606748286965156,0.0065415347631559186,0.10183412365775633,0.10183412365775633,True,1,nonnegative,3,1,2,0.9999572083229423,4.279167705767417e-05,0.9999572083229423,0.3347829479331234,0.1673914739665617,37533.8330522395,False,True,uniform,625,kg s-1,ng m-3,ng m-3 / (kg s-1),source_heterogeneity_les_rice_paddy_l100_cv2p0_s4_wind3_surface,0.1018341236577562
source_heterogeneity_les_rice_paddy_l100_cv2p0_s5_wind3_n3_op,100.0,2.0,5,3,open_path,exponential,40.0,25,25,1000000.0,1000.0,333.3333333333333,0.027778,0.027778000000000004,0.0,0.01878068753429226,0.0065415347631559186,-0.32390065756021813,0.32390065756021813,True,1,nonnegative,3,1,2,0.9999572083229423,4.279167705767417e-05,0.9999572083229423,3.0070331567451847,1.5035165783725923,37533.8330522395,False,True,uniform,625,kg s-1,ng m-3,ng m-3 / (kg s-1),source_heterogeneity_les_rice_paddy_l100_cv2p0_s5_wind3_surface,0.32390065756021824
source_heterogeneity_les_rice_paddy_l100_cv2p0_s6_wind3_n3_op,100.0,2.0,6,3,open_path,exponential,40.0,25,25,1000000.0,1000.0,333.3333333333333,0.027778,0.027777999999999997,0.0,0.025561920546787412,0.0065415347631559186,-0.07977822208987646,0.07977822208987646,True,1,nonnegative,3,1,2,0.9999572083229423,4.279167705767417e-05,0.9999572083229423,0.9380150015414243,0.4690075007707121,37533.8330522395,False,True,uniform,625,kg s-1,ng m-3,ng m-3 / (kg s-1),source_heterogeneity_les_rice_paddy_l100_cv2p0_s6_wind3_surface,0.07977822208987634
source_heterogeneity_les_rice_paddy_l100_cv2p0_s7_wind3_n3_op,100.0,2.0,7,3,open_path,exponential,40.0,25,25,1000000.0,1000.0,333.3333333333333,0.027778,0.027778000000000004,0.0,0.029560412138579625,0.0065415347631559186,0.0641663236582772,0.0641663236582772,True,1,nonnegative,3,1,2,0.9999572083229423,4.279167705767417e-05,0.9999572083229423,5.129114383621097,2.5645571918105485,37533.8330522395,False,True,uniform,625,kg s-1,ng m-3,ng m-3 / (kg s-1),source_heterogeneity_les_rice_paddy_l100_cv2p0_s7_wind3_surface,0.06416632365827707
source_heterogeneity_les_rice_paddy_l250_cv2p0_s0_wind3_n3_op,250.0,2.0,0,3,open_path,exponential,40.0,25,25,1000000.0,1000.0,333.3333333333333,0.027778,0.027778000000000004,0.0,0.025274550174111635,0.0065415347631559186,-0.09012347274419923,0.09012347274419923,True,1,nonnegative,3,1,2,0.9999572083229423,4.279167705767417e-05,0.9999572083229423,1.7582572159082102,0.8791286079541051,37533.8330522395,False,True,uniform,625,kg s-1,ng m-3,ng m-3 / (kg s-1),source_heterogeneity_les_rice_paddy_l250_cv2p0_s0_wind3_surface,0.09012347274419934
source_heterogeneity_les_rice_paddy_l250_cv2p0_s1_wind3_n3_op,250.0,2.0,1,3,open_path,exponential,40.0,25,25,1000000.0,1000.0,333.3333333333333,0.027778,0.027778,0.0,0.03169300105457488,0.0065415347631559186,0.14093891045341195,0.14093891045341195,True,1,nonnegative,3,1,2,0.9999572083229423,4.279167705767417e-05,0.9999572083229423,0.03368596794017585,0.016842983970087926,37533.8330522395,False,True,uniform,625,kg s-1,ng m-3,ng m-3 / (kg s-1),source_heterogeneity_les_rice_paddy_l250_cv2p0_s1_wind3_surface,0.14093891045341195
source_heterogeneity_les_rice_paddy_l250_cv2p0_s2_wind3_n3_op,250.0,2.0,2,3,open_path,exponential,40.0,25,25,1000000.0,1000.0,333.3333333333333,0.027778,0.027778000000000004,0.0,0.02317160643889812,0.0065415347631559186,-0.16582884156893515,0.16582884156893515,True,1,nonnegative,3,1,2,0.9999572083229423,4.279167705767417e-05,0.9999572083229423,0.004604566257584725,0.0023022831287923626,37533.8330522395,False,True,uniform,625,kg s-1,ng m-3,ng m-3 / (kg s-1),source_heterogeneity_les_rice_paddy_l250_cv2p0_s2_wind3_surface,0.16582884156893524
source_heterogeneity_les_rice_paddy_l250_cv2p0_s3_wind3_n3_op,250.0,2.0,3,3,open_path,exponential,40.0,25,25,1000000.0,1000.0,333.3333333333333,0.027778,0.027778000000000004,0.0,0.02144003520393265,0.0065415347631559186,-0.22816490733916583,0.22816490733916583,True,1,nonnegative,3,1,2,0.9999572083229423,4.279167705767417e-05,0.9999572083229423,2.9090134087068793,1.4545067043534397,37533.8330522395,False,True,uniform,625,kg s-1,ng m-3,ng m-3 / (kg s-1),source_heterogeneity_les_rice_paddy_l250_cv2p0_s3_wind3_surface,0.22816490733916595
source_heterogeneity_les_rice_paddy_l250_cv2p0_s4_wind3_n3_op,250.0,2.0,4,3,open_path,exponential,40.0,25,25,1000000.0,1000.0,333.3333333333333,0.027778,0.027778000000000004,0.0,0.028058042497310278,0.0065415347631559186,0.010081449251575976,0.010081449251575976,True,1,nonnegative,3,1,2,0.9999572083229423,4.279167705767417e-05,0.9999572083229423,0.09608268200135783,0.04804134100067892,37533.8330522395,False,True,uniform,625,kg s-1,ng m-3,ng m-3 / (kg s-1),source_heterogeneity_les_rice_paddy_l250_cv2p0_s4_wind3_surface,0.01008144925157585
source_heterogeneity_les_rice_paddy_l250_cv2p0_s5_wind3_n3_op,250.0,2.0,5,3,open_path,exponential,40.0,25,25,1000000.0,1000.0,333.3333333333333,0.027778,0.027778,0.0,0.018390715776575695,0.0065415347631559186,-0.3379395285270468,0.3379395285270468,True,1,nonnegative,3,1,2,0.9999572083229423,4.279167705767417e-05,0.9999572083229423,5.570304166887095,2.7851520834435477,37533.8330522395,False,True,uniform,625,kg s-1,ng m-3,ng m-3 / (kg s-1),source_heterogeneity_les_rice_paddy_l250_cv2p0_s5_wind3_surface,0.3379395285270468
source_heterogeneity_les_rice_paddy_l250_cv2p0_s6_wind3_n3_op,250.0,2.0,6,3,open_path,exponential,40.0,25,25,1000000.0,1000.0,333.3333333333333,0.027778,0.027778,0.0,0.025802775610739386,0.0065415347631559186,-0.07110750915330889,0.07110750915330889,True,1,nonnegative,3,1,2,0.9999572083229423,4.279167705767417e-05,0.9999572083229423,0.774162801991628,0.387081400995814,37533.8330522395,False,True,uniform,625,kg s-1,ng m-3,ng m-3 / (kg s-1),source_heterogeneity_les_rice_paddy_l250_cv2p0_s6_wind3_surface,0.07110750915330889
source_heterogeneity_les_rice_paddy_l250_cv2p0_s7_wind3_n3_op,250.0,2.0,7,3,open_path,exponential,40.0,25,25,1000000.0,1000.0,333.3333333333333,0.027778,0.027778000000000004,0.0,0.029784891609139295,0.0065415347631559186,0.07224751994885502,0.07224751994885502,True,1,nonnegative,3,1,2,0.9999572083229423,4.279167705767417e-05,0.9999572083229423,3.6135841645251356,1.8067920822625678,37533.8330522395,False,True,uniform,625,kg s-1,ng m-3,ng m-3 / (kg s-1),source_heterogeneity_les_rice_paddy_l250_cv2p0_s7_wind3_surface,0.07224751994885488
source_heterogeneity_les_rice_paddy_l500_cv2p0_s0_wind3_n3_op,500.0,2.0,0,3,open_path,exponential,40.0,25,25,1000000.0,1000.0,333.3333333333333,0.027778,0.027777999999999994,0.0,0.023196089885652922,0.0065415347631559186,-0.16494744453693852,0.16494744453693852,True,1,nonnegative,3,1,2,0.9999572083229423,4.279167705767417e-05,0.9999572083229423,4.914164148150407,2.4570820740752035,37533.8330522395,False,True,uniform,625,kg s-1,ng m-3,ng m-3 / (kg s-1),source_heterogeneity_les_rice_paddy_l500_cv2p0_s0_wind3_surface,0.16494744453693833
source_heterogeneity_les_rice_paddy_l500_cv2p0_s1_wind3_n3_op,500.0,2.0,1,3,open_path,exponential,40.0,25,25,1000000.0,1000.0,333.3333333333333,0.027778,0.027777999999999997,0.0,0.036611317688701586,0.0065415347631559186,0.31799689281811455,0.31799689281811455,True,1,nonnegative,3,1,2,0.9999572083229423,4.279167705767417e-05,0.9999572083229423,2.304155926985116,1.152077963492558,37533.8330522395,False,True,uniform,625,kg s-1,ng m-3,ng m-3 / (kg s-1),source_heterogeneity_les_rice_paddy_l500_cv2p0_s1_wind3_surface,0.3179968928181147
source_heterogeneity_les_rice_paddy_l500_cv2p0_s2_wind3_n3_op,500.0,2.0,2,3,open_path,exponential,40.0,25,25,1000000.0,1000.0,333.3333333333333,0.027778,0.027778000000000004,0.0,0.03589981524281571,0.0065415347631559186,0.292383009677288,0.292383009677288,True,1,nonnegative,3,1,2,0.9999572083229423,4.279167705767417e-05,0.9999572083229423,1.7489000010721372,0.8744500005360686,37533.8330522395,False,True,uniform,625,kg s-1,ng m-3,ng m-3 / (kg s-1),source_heterogeneity_les_rice_paddy_l500_cv2p0_s2_wind3_surface,0.2923830096772878
source_heterogeneity_les_rice_paddy_l500_cv2p0_s3_wind3_n3_op,500.0,2.0,3,3,open_path,exponential,40.0,25,25,1000000.0,1000.0,333.3333333333333,0.027778,0.027778000000000004,0.0,0.02758426441016595,0.0065415347631559186,-0.006974425438622294,0.006974425438622294,True,1,nonnegative,3,1,2,0.9999572083229423,4.279167705767417e-05,0.9999572083229423,0.7982948742163425,0.39914743710817124,37533.8330522395,False,True,uniform,625,kg s-1,ng m-3,ng m-3 / (kg s-1),source_heterogeneity_les_rice_paddy_l500_cv2p0_s3_wind3_surface,0.006974425438622418
source_heterogeneity_les_rice_paddy_l500_cv2p0_s4_wind3_n3_op,500.0,2.0,4,3,open_path,exponential,40.0,25,25,1000000.0,1000.0,333.3333333333333,0.027778,0.027777999999999997,0.0,0.02053975705792059,0.0065415347631559186,-0.26057466131756823,0.26057466131756823,True,1,nonnegative,3,1,2,0.9999572083229423,4.279167705767417e-05,0.9999572083229423,2.9283851760687005,1.4641925880343503,37533.8330522395,False,True,uniform,625,kg s-1,ng m-3,ng m-3 / (kg s-1),source_heterogeneity_les_rice_paddy_l500_cv2p0_s4_wind3_surface,0.2605746613175681
source_heterogeneity_les_rice_paddy_l500_cv2p0_s5_wind3_n3_op,500.0,2.0,5,3,open_path,exponential,40.0,25,25,1000000.0,1000.0,333.3333333333333,0.027778,0.027778000000000004,0.0,0.023574372786094956,0.0065415347631559186,-0.15132936906562908,0.15132936906562908,True,1,nonnegative,3,1,2,0.9999572083229423,4.279167705767417e-05,0.9999572083229423,3.032442577811215,1.5162212889056075,37533.8330522395,False,True,uniform,625,kg s-1,ng m-3,ng m-3 / (kg s-1),source_heterogeneity_les_rice_paddy_l500_cv2p0_s5_wind3_surface,0.1513293690656292
source_heterogeneity_les_rice_paddy_l500_cv2p0_s6_wind3_n3_op,500.0,2.0,6,3,open_path,exponential,40.0,25,25,1000000.0,1000.0,333.3333333333333,0.027778,0.027777999999999994,0.0,0.029131904902943095,0.0065415347631559186,0.048740186584458736,0.048740186584458736,True,1,nonnegative,3,1,2,0.9999572083229423,4.279167705767417e-05,0.9999572083229423,9.44581188688198,4.72290594344099,37533.8330522395,False,True,uniform,625,kg s-1,ng m-3,ng m-3 / (kg s-1),source_heterogeneity_les_rice_paddy_l500_cv2p0_s6_wind3_surface,0.048740186584459
source_heterogeneity_les_rice_paddy_l500_cv2p0_s7_wind3_n3_op,500.0,2.0,7,3,open_path,exponential,40.0,25,25,1000000.0,1000.0,333.3333333333333,0.027778,0.027778,0.0,0.045262571272658654,0.0065415347631559186,0.6294395302994691,0.6294395302994691,True,1,nonnegative,3,1,2,0.9999572083229423,4.279167705767417e-05,0.9999572083229423,1.4403995186666223,0.7201997593333112,37533.8330522395,False,True,uniform,625,kg s-1,ng m-3,ng m-3 / (kg s-1),source_heterogeneity_les_rice_paddy_l500_cv2p0_s7_wind3_surface,0.6294395302994691
source_heterogeneity_les_rice_paddy_l100_cv0p5_s0_wind3_n4_op,100.0,0.5,0,4,open_path,exponential,40.0,25,25,1000000.0,1000.0,250.0,0.027778,0.027777999999999997,0.0,0.02892675418403199,0.005758145032167979,0.041354819786593326,0.041354819786593326,True,1,nonnegative,4,1,3,0.9999668437657884,3.315623421162872e-05,0.9999668437657884,2.3110485804705965,0.7703495268235322,37527.29493382085,False,True,uniform,625,kg s-1,ng m-3,ng m-3 / (kg s-1),source_heterogeneity_les_rice_paddy_l100_cv0p5_s0_wind3_surface,0.04135481978659346
source_heterogeneity_les_rice_paddy_l100_cv0p5_s1_wind3_n4_op,100.0,0.5,1,4,open_path,exponential,40.0,25,25,1000000.0,1000.0,250.0,0.027778,0.027778000000000004,0.0,0.0302085917696837,0.005758145032167979,0.0875006037037835,0.0875006037037835,True,1,nonnegative,4,1,3,0.9999668437657884,3.315623421162872e-05,0.9999668437657884,1.303399393563629,0.4344664645212097,37527.29493382085,False,True,uniform,625,kg s-1,ng m-3,ng m-3 / (kg s-1),source_heterogeneity_les_rice_paddy_l100_cv0p5_s1_wind3_surface,0.08750060370378336
source_heterogeneity_les_rice_paddy_l100_cv0p5_s2_wind3_n4_op,100.0,0.5,2,4,open_path,exponential,40.0,25,25,1000000.0,1000.0,250.0,0.027778,0.027777999999999997,0.0,0.02750948496737471,0.005758145032167979,-0.00966646384279976,0.00966646384279976,True,1,nonnegative,4,1,3,0.9999668437657884,3.315623421162872e-05,0.9999668437657884,0.8865797857081328,0.29552659523604424,37527.29493382085,False,True,uniform,625,kg s-1,ng m-3,ng m-3 / (kg s-1),source_heterogeneity_les_rice_paddy_l100_cv0p5_s2_wind3_surface,0.009666463842799638
source_heterogeneity_les_rice_paddy_l100_cv0p5_s3_wind3_n4_op,100.0,0.5,3,4,open_path,exponential,40.0,25,25,1000000.0,1000.0,250.0,0.027778,0.027777999999999997,0.0,0.027232014690917343,0.005758145032167979,-0.019655313884464596,0.019655313884464596,True,1,nonnegative,4,1,3,0.9999668437657884,3.315623421162872e-05,0.9999668437657884,1.8187787543643674,0.6062595847881225,37527.29493382085,False,True,uniform,625,kg s-1,ng m-3,ng m-3 / (kg s-1),source_heterogeneity_les_rice_paddy_l100_cv0p5_s3_wind3_surface,0.019655313884464475
source_heterogeneity_les_rice_paddy_l100_cv0p5_s4_wind3_n4_op,100.0,0.5,4,4,open_path,exponential,40.0,25,25,1000000.0,1000.0,250.0,0.027778,0.027777999999999997,0.0,0.02921055268862288,0.005758145032167979,0.05157148421854997,0.05157148421854997,True,1,nonnegative,4,1,3,0.9999668437657884,3.315623421162872e-05,0.9999668437657884,0.4678242675696986,0.15594142252323287,37527.29493382085,False,True,uniform,625,kg s-1,ng m-3,ng m-3 / (kg s-1),source_heterogeneity_les_rice_paddy_l100_cv0p5_s4_wind3_surface,0.0515714842185501
source_heterogeneity_les_rice_paddy_l100_cv0p5_s5_wind3_n4_op,100.0,0.5,5,4,open_path,exponential,40.0,25,25,1000000.0,1000.0,250.0,0.027778,0.027777999999999997,0.0,0.027550570846565967,0.005758145032167979,-0.008187384024553029,0.008187384024553029,True,1,nonnegative,4,1,3,0.9999668437657884,3.315623421162872e-05,0.9999668437657884,3.108762716580352,1.0362542388601172,37527.29493382085,False,True,uniform,625,kg s-1,ng m-3,ng m-3 / (kg s-1),source_heterogeneity_les_rice_paddy_l100_cv0p5_s5_wind3_surface,0.008187384024552906
source_heterogeneity_les_rice_paddy_l100_cv0p5_s6_wind3_n4_op,100.0,0.5,6,4,open_path,exponential,40.0,25,25,1000000.0,1000.0,250.0,0.027778,0.027777999999999997,0.0,0.02752175818460267,0.005758145032167979,-0.009224631557251433,0.009224631557251433,True,1,nonnegative,4,1,3,0.9999668437657884,3.315623421162872e-05,0.9999668437657884,1.19091430327091,0.39697143442363664,37527.29493382085,False,True,uniform,625,kg s-1,ng m-3,ng m-3 / (kg s-1),source_heterogeneity_les_rice_paddy_l100_cv0p5_s6_wind3_surface,0.00922463155725131
source_heterogeneity_les_rice_paddy_l100_cv0p5_s7_wind3_n4_op,100.0,0.5,7,4,open_path,exponential,40.0,25,25,1000000.0,1000.0,250.0,0.027778,0.027778000000000004,0.0,0.02927695513938653,0.005758145032167979,0.053961953322288495,0.053961953322288495,True,1,nonnegative,4,1,3,0.9999668437657884,3.315623421162872e-05,0.9999668437657884,2.3858002316822224,0.7952667438940741,37527.29493382085,False,True,uniform,625,kg s-1,ng m-3,ng m-3 / (kg s-1),source_heterogeneity_les_rice_paddy_l100_cv0p5_s7_wind3_surface,0.05396195332228836
source_heterogeneity_les_rice_paddy_l250_cv0p5_s0_wind3_n4_op,250.0,0.5,0,4,open_path,exponential,40.0,25,25,1000000.0,1000.0,250.0,0.027778,0.027778,0.0,0.029004579485015617,0.005758145032167979,0.04415650820849652,0.04415650820849652,True,1,nonnegative,4,1,3,0.9999668437657884,3.315623421162872e-05,0.9999668437657884,2.5085622347120595,0.8361874115706865,37527.29493382085,False,True,uniform,625,kg s-1,ng m-3,ng m-3 / (kg s-1),source_heterogeneity_les_rice_paddy_l250_cv0p5_s0_wind3_surface,0.04415650820849652
source_heterogeneity_les_rice_paddy_l250_cv0p5_s1_wind3_n4_op,250.0,0.5,1,4,open_path,exponential,40.0,25,25,1000000.0,1000.0,250.0,0.027778,0.027778,0.0,0.030466670849282482,0.005758145032167979,0.0967913762431594,0.0967913762431594,True,1,nonnegative,4,1,3,0.9999668437657884,3.315623421162872e-05,0.9999668437657884,0.8809630121672586,0.2936543373890862,37527.29493382085,False,True,uniform,625,kg s-1,ng m-3,ng m-3 / (kg s-1),source_heterogeneity_les_rice_paddy_l250_cv0p5_s1_wind3_surface,0.0967913762431594
source_heterogeneity_les_rice_paddy_l250_cv0p5_s2_wind3_n4_op,250.0,0.5,2,4,open_path,exponential,40.0,25,25,1000000.0,1000.0,250.0,0.027778,0.027778000000000008,0.0,0.02683263979222785,0.005758145032167979,-0.03403269521823563,0.03403269521823563,True,1,nonnegative,4,1,3,0.9999668437657884,3.315623421162872e-05,0.9999668437657884,0.8389354748587144,0.27964515828623815,37527.29493382085,False,True,uniform,625,kg s-1,ng m-3,ng m-3 / (kg s-1),source_heterogeneity_les_rice_paddy_l250_cv0p5_s2_wind3_surface,0.034032695218235876
source_heterogeneity_les_rice_paddy_l250_cv0p5_s3_wind3_n4_op,250.0,0.5,3,4,open_path,exponential,40.0,25,25,1000000.0,1000.0,250.0,0.027778,0.027778000000000004,0.0,0.026094594272506023,0.005758145032167979,-0.06060212137281219,0.06060212137281219,True,1,nonnegative,4,1,3,0.9999668437657884,3.315623421162872e-05,0.9999668437657884,2.3482344624583487,0.7827448208194495,37527.29493382085,False,True,uniform,625,kg s-1,ng m-3,ng m-3 / (kg s-1),source_heterogeneity_les_rice_paddy_l250_cv0p5_s3_wind3_surface,0.06060212137281231
source_heterogeneity_les_rice_paddy_l250_cv0p5_s4_wind3_n4_op,250.0,0.5,4,4,open_path,exponential,40.0,25,25,1000000.0,1000.0,250.0,0.027778,0.027777999999999997,0.0,0.028618255397084156,0.005758145032167979,0.030248952303411163,0.030248952303411163,True,1,nonnegative,4,1,3,0.9999668437657884,3.315623421162872e-05,0.9999668437657884,0.42540824819597545,0.14180274939865847,37527.29493382085,False,True,uniform,625,kg s-1,ng m-3,ng m-3 / (kg s-1),source_heterogeneity_les_rice_paddy_l250_cv0p5_s4_wind3_surface,0.03024895230341129
source_heterogeneity_les_rice_paddy_l250_cv0p5_s5_wind3_n4_op,250.0,0.5,5,4,open_path,exponential,40.0,25,25,1000000.0,1000.0,250.0,0.027778,0.027778000000000004,0.0,0.027531128599017903,0.005758145032167979,-0.008887299336960811,0.008887299336960811,True,1,nonnegative,4,1,3,0.9999668437657884,3.315623421162872e-05,0.9999668437657884,4.571911991156041,1.5239706637186803,37527.29493382085,False,True,uniform,625,kg s-1,ng m-3,ng m-3 / (kg s-1),source_heterogeneity_les_rice_paddy_l250_cv0p5_s5_wind3_surface,0.008887299336960934
source_heterogeneity_les_rice_paddy_l250_cv0p5_s6_wind3_n4_op,250.0,0.5,6,4,open_path,exponential,40.0,25,25,1000000.0,1000.0,250.0,0.027778,0.027777999999999997,0.0,0.02770746249400963,0.005758145032167979,-0.002539329901014116,0.002539329901014116,True,1,nonnegative,4,1,3,0.9999668437657884,3.315623421162872e-05,0.9999668437657884,0.9654030080273731,0.32180100267579104,37527.29493382085,False,True,uniform,625,kg s-1,ng m-3,ng m-3 / (kg s-1),source_heterogeneity_les_rice_paddy_l250_cv0p5_s6_wind3_surface,0.0025393299010139916
source_heterogeneity_les_rice_paddy_l250_cv0p5_s7_wind3_n4_op,250.0,0.5,7,4,open_path,exponential,40.0,25,25,1000000.0,1000.0,250.0,0.027778,0.027778000000000004,0.0,0.029692778016082673,0.005758145032167979,0.06893145712731918,0.06893145712731918,True,1,nonnegative,4,1,3,0.9999668437657884,3.315623421162872e-05,0.9999668437657884,2.0673479863031807,0.6891159954343936,37527.29493382085,False,True,uniform,625,kg s-1,ng m-3,ng m-3 / (kg s-1),source_heterogeneity_les_rice_paddy_l250_cv0p5_s7_wind3_surface,0.06893145712731905
source_heterogeneity_les_rice_paddy_l500_cv0p5_s0_wind3_n4_op,500.0,0.5,0,4,open_path,exponential,40.0,25,25,1000000.0,1000.0,250.0,0.027778,0.027778000000000004,0.0,0.02814998441082125,0.005758145032167979,0.013391331658911758,0.013391331658911758,True,1,nonnegative,4,1,3,0.9999668437657884,3.315623421162872e-05,0.9999668437657884,3.3676349792945417,1.1225449930981806,37527.29493382085,False,True,uniform,625,kg s-1,ng m-3,ng m-3 / (kg s-1),source_heterogeneity_les_rice_paddy_l500_cv0p5_s0_wind3_surface,0.013391331658911631
source_heterogeneity_les_rice_paddy_l500_cv0p5_s1_wind3_n4_op,500.0,0.5,1,4,open_path,exponential,40.0,25,25,1000000.0,1000.0,250.0,0.027778,0.027778,0.0,0.03234051758015936,0.005758145032167979,0.1642493188911857,0.1642493188911857,True,1,nonnegative,4,1,3,0.9999668437657884,3.315623421162872e-05,0.9999668437657884,1.9327618008970058,0.6442539336323353,37527.29493382085,False,True,uniform,625,kg s-1,ng m-3,ng m-3 / (kg s-1),source_heterogeneity_les_rice_paddy_l500_cv0p5_s1_wind3_surface,0.1642493188911857
source_heterogeneity_les_rice_paddy_l500_cv0p5_s2_wind3_n4_op,500.0,0.5,2,4,open_path,exponential,40.0,25,25,1000000.0,1000.0,250.0,0.027778,0.027777999999999997,0.0,0.032125195637980594,0.005758145032167979,0.1564977909849735,0.1564977909849735,True,1,nonnegative,4,1,3,0.9999668437657884,3.315623421162872e-05,0.9999668437657884,1.8631191376173586,0.6210397125391195,37527.29493382085,False,True,uniform,625,kg s-1,ng m-3,ng m-3 / (kg s-1),source_heterogeneity_les_rice_paddy_l500_cv0p5_s2_wind3_surface,0.15649779098497363
source_heterogeneity_les_rice_paddy_l500_cv0p5_s3_wind3_n4_op,500.0,0.5,3,4,open_path,exponential,40.0,25,25,1000000.0,1000.0,250.0,0.027778,0.027778000000000004,0.0,0.028497334713407374,0.005758145032167979,0.025895842515925315,0.025895842515925315,True,1,nonnegative,4,1,3,0.9999668437657884,3.315623421162872e-05,0.9999668437657884,0.07646518801103121,0.02548839600367707,37527.29493382085,False,True,uniform,625,kg s-1,ng m-3,ng m-3 / (kg s-1),source_heterogeneity_les_rice_paddy_l500_cv0p5_s3_wind3_surface,0.025895842515925187
source_heterogeneity_les_rice_paddy_l500_cv0p5_s4_wind3_n4_op,500.0,0.5,4,4,open_path,exponential,40.0,25,25,1000000.0,1000.0,250.0,0.027778,0.027778,0.0,0.026429263977872673,0.005758145032167979,-0.048554108363716875,0.048554108363716875,True,1,nonnegative,4,1,3,0.9999668437657884,3.315623421162872e-05,0.9999668437657884,2.5243927428438737,0.8414642476146246,37527.29493382085,False,True,uniform,625,kg s-1,ng m-3,ng m-3 / (kg s-1),source_heterogeneity_les_rice_paddy_l500_cv0p5_s4_wind3_surface,0.048554108363716875
source_heterogeneity_les_rice_paddy_l500_cv0p5_s5_wind3_n4_op,500.0,0.5,5,4,open_path,exponential,40.0,25,25,1000000.0,1000.0,250.0,0.027778,0.027777999999999997,0.0,0.027544615948985416,0.005758145032167979,-0.008401758622456066,0.008401758622456066,True,1,nonnegative,4,1,3,0.9999668437657884,3.315623421162872e-05,0.9999668437657884,3.001934889779252,1.0006449632597507,37527.29493382085,False,True,uniform,625,kg s-1,ng m-3,ng m-3 / (kg s-1),source_heterogeneity_les_rice_paddy_l500_cv0p5_s5_wind3_surface,0.008401758622455941
source_heterogeneity_les_rice_paddy_l500_cv0p5_s6_wind3_n4_op,500.0,0.5,6,4,open_path,exponential,40.0,25,25,1000000.0,1000.0,250.0,0.027778,0.027778000000000004,0.0,0.03028045462912365,0.005758145032167979,0.09008764594728383,0.09008764594728383,True,1,nonnegative,4,1,3,0.9999668437657884,3.315623421162872e-05,0.9999668437657884,5.5657073977242515,1.8552357992414172,37527.29493382085,False,True,uniform,625,kg s-1,ng m-3,ng m-3 / (kg s-1),source_heterogeneity_les_rice_paddy_l500_cv0p5_s6_wind3_surface,0.09008764594728369
source_heterogeneity_les_rice_paddy_l500_cv0p5_s7_wind3_n4_op,500.0,0.5,7,4,open_path,exponential,40.0,25,25,1000000.0,1000.0,250.0,0.027778,0.027778,0.0,0.035090322144064184,0.005758145032167979,0.26324149125438057,0.26324149125438057,True,1,nonnegative,4,1,3,0.9999668437657884,3.315623421162872e-05,0.9999668437657884,1.6526323832008583,0.5508774610669528,37527.29493382085,False,True,uniform,625,kg s-1,ng m-3,ng m-3 / (kg s-1),source_heterogeneity_les_rice_paddy_l500_cv0p5_s7_wind3_surface,0.26324149125438057
source_heterogeneity_les_rice_paddy_l100_cv1p0_s0_wind3_n4_op,100.0,1.0,0,4,open_path,exponential,40.0,25,25,1000000.0,1000.0,250.0,0.027778,0.027778000000000004,0.0,0.02803190255650655,0.005758145032167979,0.009140418910884494,0.009140418910884494,True,1,nonnegative,4,1,3,0.9999668437657884,3.315623421162872e-05,0.9999668437657884,2.721367086674754,0.9071223622249179,37527.29493382085,False,True,uniform,625,kg s-1,ng m-3,ng m-3 / (kg s-1),source_heterogeneity_les_rice_paddy_l100_cv1p0_s0_wind3_surface,0.009140418910884367
source_heterogeneity_les_rice_paddy_l100_cv1p0_s1_wind3_n4_op,100.0,1.0,1,4,open_path,exponential,40.0,25,25,1000000.0,1000.0,250.0,0.027778,0.027777999999999997,0.0,0.030683435147500004,0.005758145032167979,0.1045948285513717,0.1045948285513717,True,1,nonnegative,4,1,3,0.9999668437657884,3.315623421162872e-05,0.9999668437657884,1.0863350626056878,0.36211168753522927,37527.29493382085,False,True,uniform,625,kg s-1,ng m-3,ng m-3 / (kg s-1),source_heterogeneity_les_rice_paddy_l100_cv1p0_s1_wind3_surface,0.10459482855137184
source_heterogeneity_les_rice_paddy_l100_cv1p0_s2_wind3_n4_op,100.0,1.0,2,4,open_path,exponential,40.0,25,25,1000000.0,1000.0,250.0,0.027778,0.027778000000000004,0.0,0.02604934655080079,0.005758145032167979,-0.062231026322960944,0.062231026322960944,True,1,nonnegative,4,1,3,0.9999668437657884,3.315623421162872e-05,0.9999668437657884,0.38921015226998473,0.12973671742332823,37527.29493382085,False,True,uniform,625,kg s-1,ng m-3,ng m-3 / (kg s-1),source_heterogeneity_les_rice_paddy_l100_cv1p0_s2_wind3_surface,0.06223102632296106
source_heterogeneity_les_rice_paddy_l100_cv1p0_s3_wind3_n4_op,100.0,1.0,3,4,open_path,exponential,40.0,25,25,1000000.0,1000.0,250.0,0.027778,0.027778000000000004,0.0,0.025997245981705646,0.005758145032167979,-0.06410663180554232,0.06410663180554232,True,1,nonnegative,4,1,3,0.9999668437657884,3.315623421162872e-05,0.9999668437657884,2.290264365674233,0.7634214552247444,37527.29493382085,False,True,uniform,625,kg s-1,ng m-3,ng m-3 / (kg s-1),source_heterogeneity_les_rice_paddy_l100_cv1p0_s3_wind3_surface,0.06410663180554244
source_heterogeneity_les_rice_paddy_l100_cv1p0_s4_wind3_n4_op,100.0,1.0,4,4,open_path,exponential,40.0,25,25,1000000.0,1000.0,250.0,0.027778,0.027778,0.0,0.029735149414746226,0.005758145032167979,0.0704568152763419,0.0704568152763419,True,1,nonnegative,4,1,3,0.9999668437657884,3.315623421162872e-05,0.9999668437657884,0.19283368420868785,0.06427789473622929,37527.29493382085,False,True,uniform,625,kg s-1,ng m-3,ng m-3 / (kg s-1),source_heterogeneity_les_rice_paddy_l100_cv1p0_s4_wind3_surface,0.0704568152763419
source_heterogeneity_les_rice_paddy_l100_cv1p0_s5_wind3_n4_op,100.0,1.0,5,4,open_path,exponential,40.0,25,25,1000000.0,1000.0,250.0,0.027778,0.027777999999999997,0.0,0.02509841893494297,0.005758145032167979,-0.09646414662888003,0.09646414662888003,True,1,nonnegative,4,1,3,0.9999668437657884,3.315623421162872e-05,0.9999668437657884,4.325404837078304,1.4418016123594348,37527.29493382085,False,True,uniform,625,kg s-1,ng m-3,ng m-3 / (kg s-1),source_heterogeneity_les_rice_paddy_l100_cv1p0_s5_wind3_surface,0.09646414662887992
source_heterogeneity_les_rice_paddy_l100_cv1p0_s6_wind3_n4_op,100.0,1.0,6,4,open_path,exponential,40.0,25,25,1000000.0,1000.0,250.0,0.027778,0.027778000000000004,0.0,0.02643753106234675,0.005758145032167979,-0.04825649570355141,0.04825649570355141,True,1,nonnegative,4,1,3,0.9999668437657884,3.315623421162872e-05,0.9999668437657884,1.2434536615930312,0.41448455386434374,37527.29493382085,False,True,uniform,625,kg s-1,ng m-3,ng m-3 / (kg s-1),source_heterogeneity_les_rice_paddy_l100_cv1p0_s6_wind3_surface,0.048256495703551526
source_heterogeneity_les_rice_paddy_l100_cv1p0_s7_wind3_n4_op,100.0,1.0,7,4,open_path,exponential,40.0,25,25,1000000.0,1000.0,250.0,0.027778,0.027778,0.0,0.029511647216302252,0.005758145032167979,0.06241080050047706,0.06241080050047706,True,1,nonnegative,4,1,3,0.9999668437657884,3.315623421162872e-05,0.9999668437657884,3.9059229616407305,1.30197432054691,37527.29493382085,False,True,uniform,625,kg s-1,ng m-3,ng m-3 / (kg s-1),source_heterogeneity_les_rice_paddy_l100_cv1p0_s7_wind3_surface,0.06241080050047706
source_heterogeneity_les_rice_paddy_l250_cv1p0_s0_wind3_n4_op,250.0,1.0,0,4,open_path,exponential,40.0,25,25,1000000.0,1000.0,250.0,0.027778,0.027778000000000004,0.0,0.0279338522250061,0.005758145032167979,0.005610635215137827,0.005610635215137827,True,1,nonnegative,4,1,3,0.9999668437657884,3.315623421162872e-05,0.9999668437657884,2.8825399958292413,0.9608466652764137,37527.29493382085,False,True,uniform,625,kg s-1,ng m-3,ng m-3 / (kg s-1),source_heterogeneity_les_rice_paddy_l250_cv1p0_s0_wind3_surface,0.005610635215137701
source_heterogeneity_les_rice_paddy_l250_cv1p0_s1_wind3_n4_op,250.0,1.0,1,4,open_path,exponential,40.0,25,25,1000000.0,1000.0,250.0,0.027778,0.027778000000000004,0.0,0.031201418124104065,0.005758145032167979,0.12324206653121408,0.12324206653121408,True,1,nonnegative,4,1,3,0.9999668437657884,3.315623421162872e-05,0.9999668437657884,0.4761502437725551,0.15871674792418503,37527.29493382085,False,True,uniform,625,kg s-1,ng m-3,ng m-3 / (kg s-1),source_heterogeneity_les_rice_paddy_l250_cv1p0_s1_wind3_surface,0.12324206653121395
source_heterogeneity_les_rice_paddy_l250_cv1p0_s2_wind3_n4_op,250.0,1.0,2,4,open_path,exponential,40.0,25,25,1000000.0,1000.0,250.0,0.027778,0.027778000000000004,0.0,0.02522934988961883,0.005758145032167979,-0.09175066996836234,0.09175066996836234,True,1,nonnegative,4,1,3,0.9999668437657884,3.315623421162872e-05,0.9999668437657884,0.38451694866608216,0.12817231622202738,37527.29493382085,False,True,uniform,625,kg s-1,ng m-3,ng m-3 / (kg s-1),source_heterogeneity_les_rice_paddy_l250_cv1p0_s2_wind3_surface,0.09175066996836245
source_heterogeneity_les_rice_paddy_l250_cv1p0_s3_wind3_n4_op,250.0,1.0,3,4,open_path,exponential,40.0,25,25,1000000.0,1000.0,250.0,0.027778,0.027777999999999997,0.0,0.0239928922307383,0.005758145032167979,-0.13626278959110455,0.13626278959110455,True,1,nonnegative,4,1,3,0.9999668437657884,3.315623421162872e-05,0.9999668437657884,3.425101338331377,1.141700446110459,37527.29493382085,False,True,uniform,625,kg s-1,ng m-3,ng m-3 / (kg s-1),source_heterogeneity_les_rice_paddy_l250_cv1p0_s3_wind3_surface,0.13626278959110444
source_heterogeneity_les_rice_paddy_l250_cv1p0_s4_wind3_n4_op,250.0,1.0,4,4,open_path,exponential,40.0,25,25,1000000.0,1000.0,250.0,0.027778,0.027778000000000004,0.0,0.028380633045067282,0.005758145032167979,0.02169461606549361,0.02169461606549361,True,1,nonnegative,4,1,3,0.9999668437657884,3.315623421162872e-05,0.9999668437657884,0.15592954135595144,0.05197651378531715,37527.29493382085,False,True,uniform,625,kg s-1,ng m-3,ng m-3 / (kg s-1),source_heterogeneity_les_rice_paddy_l250_cv1p0_s4_wind3_surface,0.021694616065493482
source_heterogeneity_les_rice_paddy_l250_cv1p0_s5_wind3_n4_op,250.0,1.0,5,4,open_path,exponential,40.0,25,25,1000000.0,1000.0,250.0,0.027778,0.027777999999999997,0.0,0.02461196089501024,0.005758145032167979,-0.11397649596766357,0.11397649596766357,True,1,nonnegative,4,1,3,0.9999668437657884,3.315623421162872e-05,0.9999668437657884,7.367285728435722,2.455761909478574,37527.29493382085,False,True,uniform,625,kg s-1,ng m-3,ng m-3 / (kg s-1),source_heterogeneity_les_rice_paddy_l250_cv1p0_s5_wind3_surface,0.11397649596766346
source_heterogeneity_les_rice_paddy_l250_cv1p0_s6_wind3_n4_op,250.0,1.0,6,4,open_path,exponential,40.0,25,25,1000000.0,1000.0,250.0,0.027778,0.027777999999999997,0.0,0.026641435914227407,0.005758145032167979,-0.04091597975997529,0.04091597975997529,True,1,nonnegative,4,1,3,0.9999668437657884,3.315623421162872e-05,0.9999668437657884,0.9453932546402681,0.3151310848800894,37527.29493382085,False,True,uniform,625,kg s-1,ng m-3,ng m-3 / (kg s-1),source_heterogeneity_les_rice_paddy_l250_cv1p0_s6_wind3_surface,0.040915979759975164
source_heterogeneity_les_rice_paddy_l250_cv1p0_s7_wind3_n4_op,250.0,1.0,7,4,open_path,exponential,40.0,25,25,1000000.0,1000.0,250.0,0.027778,0.027777999999999997,0.0,0.029951458771802303,0.005758145032167979,0.07824388983376421,0.07824388983376421,True,1,nonnegative,4,1,3,0.9999668437657884,3.315623421162872e-05,0.9999668437657884,3.0733805124656652,1.0244601708218883,37527.29493382085,False,True,uniform,625,kg s-1,ng m-3,ng m-3 / (kg s-1),source_heterogeneity_les_rice_paddy_l250_cv1p0_s7_wind3_surface,0.07824388983376435
source_heterogeneity_les_rice_paddy_l500_cv1p0_s0_wind3_n4_op,500.0,1.0,0,4,open_path,exponential,40.0,25,25,1000000.0,1000.0,250.0,0.027778,0.027777999999999997,0.0,0.0265046376835615,0.005758145032167979,-0.04584067666637268,0.04584067666637268,True,1,nonnegative,4,1,3,0.9999668437657884,3.315623421162872e-05,0.9999668437657884,5.153675785091275,1.7178919283637584,37527.29493382085,False,True,uniform,625,kg s-1,ng m-3,ng m-3 / (kg s-1),source_heterogeneity_les_rice_paddy_l500_cv1p0_s0_wind3_surface,0.045840676666372565
source_heterogeneity_les_rice_paddy_l500_cv1p0_s1_wind3_n4_op,500.0,1.0,1,4,open_path,exponential,40.0,25,25,1000000.0,1000.0,250.0,0.027778,0.027778000000000004,0.0,0.03479420725180727,0.005758145032167979,0.25258144041353836,0.25258144041353836,True,1,nonnegative,4,1,3,0.9999668437657884,3.315623421162872e-05,0.9999668437657884,2.61543173457761,0.8718105781925366,37527.29493382085,False,True,uniform,625,kg s-1,ng m-3,ng m-3 / (kg s-1),source_heterogeneity_les_rice_paddy_l500_cv1p0_s1_wind3_surface,0.25258144041353825
source_heterogeneity_les_rice_paddy_l500_cv1p0_s2_wind3_n4_op,500.0,1.0,2,4,open_path,exponential,40.0,25,25,1000000.0,1000.0,250.0,0.027778,0.027777999999999997,0.0,0.034309535837095714,0.005758145032167979,0.23513340906817315,0.23513340906817315,True,1,nonnegative,4,1,3,0.9999668437657884,3.315623421162872e-05,0.9999668437657884,2.323219588508689,0.7744065295028962,37527.29493382085,False,True,uniform,625,kg s-1,ng m-3,ng m-3 / (kg s-1),source_heterogeneity_les_rice_paddy_l500_cv1p0_s2_wind3_surface,0.2351334090681733
source_heterogeneity_les_rice_paddy_l500_cv1p0_s3_wind3_n4_op,500.0,1.0,3,4,open_path,exponential,40.0,25,25,1000000.0,1000.0,250.0,0.027778,0.027777999999999997,0.0,0.027895949382892214,0.005758145032167979,0.004246143814969169,0.004246143814969169,True,1,nonnegative,4,1,3,0.9999668437657884,3.315623421162872e-05,0.9999668437657884,0.13487223227280992,0.04495741075760331,37527.29493382085,False,True,uniform,625,kg s-1,ng m-3,ng m-3 / (kg s-1),source_heterogeneity_les_rice_paddy_l500_cv1p0_s3_wind3_surface,0.004246143814969295
source_heterogeneity_les_rice_paddy_l500_cv1p0_s4_wind3_n4_op,500.0,1.0,4,4,open_path,exponential,40.0,25,25,1000000.0,1000.0,250.0,0.027778,0.027778000000000004,0.0,0.024001031364070356,0.005758145032167979,-0.1359697831352021,0.1359697831352021,True,1,nonnegative,4,1,3,0.9999668437657884,3.315623421162872e-05,0.9999668437657884,3.411042508447027,1.1370141694823424,37527.29493382085,False,True,uniform,625,kg s-1,ng m-3,ng m-3 / (kg s-1),source_heterogeneity_les_rice_paddy_l500_cv1p0_s4_wind3_surface,0.13596978313520222
source_heterogeneity_les_rice_paddy_l500_cv1p0_s5_wind3_n4_op,500.0,1.0,5,4,open_path,exponential,40.0,25,25,1000000.0,1000.0,250.0,0.027778,0.027778,0.0,0.02615582672115888,0.005758145032167979,-0.05839777085611352,0.05839777085611352,True,1,nonnegative,4,1,3,0.9999668437657884,3.315623421162872e-05,0.9999668437657884,3.8679792450828243,1.289326415027608,37527.29493382085,False,True,uniform,625,kg s-1,ng m-3,ng m-3 / (kg s-1),source_heterogeneity_les_rice_paddy_l500_cv1p0_s5_wind3_surface,0.05839777085611352
source_heterogeneity_les_rice_paddy_l500_cv1p0_s6_wind3_n4_op,500.0,1.0,6,4,open_path,exponential,40.0,25,25,1000000.0,1000.0,250.0,0.027778,0.027778000000000004,0.0,0.030490323742001724,0.005758145032167979,0.09764287356907347,0.09764287356907347,True,1,nonnegative,4,1,3,0.9999668437657884,3.315623421162872e-05,0.9999668437657884,9.180498938074845,3.060166312691615,37527.29493382085,False,True,uniform,625,kg s-1,ng m-3,ng m-3 / (kg s-1),source_heterogeneity_les_rice_paddy_l500_cv1p0_s6_wind3_surface,0.09764287356907334
source_heterogeneity_les_rice_paddy_l500_cv1p0_s7_wind3_n4_op,500.0,1.0,7,4,open_path,exponential,40.0,25,25,1000000.0,1000.0,250.0,0.027778,0.027777999999999997,0.0,0.039879415474313416,0.005758145032167979,0.4356474718955078,0.4356474718955078,True,1,nonnegative,4,1,3,0.9999668437657884,3.315623421162872e-05,0.9999668437657884,1.909079112849861,0.636359704283287,37527.29493382085,False,True,uniform,625,kg s-1,ng m-3,ng m-3 / (kg s-1),source_heterogeneity_les_rice_paddy_l500_cv1p0_s7_wind3_surface,0.43564747189550795
source_heterogeneity_les_rice_paddy_l100_cv2p0_s0_wind3_n4_op,100.0,2.0,0,4,open_path,exponential,40.0,25,25,1000000.0,1000.0,250.0,0.027778,0.027778,0.0,0.026219795613195356,0.005758145032167979,-0.056094909165693874,0.056094909165693874,True,1,nonnegative,4,1,3,0.9999668437657884,3.315623421162872e-05,0.9999668437657884,2.9469890787179955,0.9823296929059985,37527.29493382085,False,True,uniform,625,kg s-1,ng m-3,ng m-3 / (kg s-1),source_heterogeneity_les_rice_paddy_l100_cv2p0_s0_wind3_surface,0.056094909165693874
source_heterogeneity_les_rice_paddy_l100_cv2p0_s1_wind3_n4_op,100.0,2.0,1,4,open_path,exponential,40.0,25,25,1000000.0,1000.0,250.0,0.027778,0.027778000000000004,0.0,0.03103410714950563,0.005758145032167979,0.11721891963084555,0.11721891963084555,True,1,nonnegative,4,1,3,0.9999668437657884,3.315623421162872e-05,0.9999668437657884,0.8070851814725959,0.26902839382419863,37527.29493382085,False,True,uniform,625,kg s-1,ng m-3,ng m-3 / (kg s-1),source_heterogeneity_les_rice_paddy_l100_cv2p0_s1_wind3_surface,0.11721891963084541
source_heterogeneity_les_rice_paddy_l100_cv2p0_s2_wind3_n4_op,100.0,2.0,2,4,open_path,exponential,40.0,25,25,1000000.0,1000.0,250.0,0.027778,0.027777999999999997,0.0,0.024309834314157265,0.005758145032167979,-0.12485296586661154,0.12485296586661154,True,1,nonnegative,4,1,3,0.9999668437657884,3.315623421162872e-05,0.9999668437657884,0.15356618590225812,0.05118872863408604,37527.29493382085,False,True,uniform,625,kg s-1,ng m-3,ng m-3 / (kg s-1),source_heterogeneity_les_rice_paddy_l100_cv2p0_s2_wind3_surface,0.12485296586661143
source_heterogeneity_les_rice_paddy_l100_cv2p0_s3_wind3_n4_op,100.0,2.0,3,4,open_path,exponential,40.0,25,25,1000000.0,1000.0,250.0,0.027778,0.027777999999999997,0.0,0.024631514849062994,0.005758145032167979,-0.11327255925325821,0.11327255925325821,True,1,nonnegative,4,1,3,0.9999668437657884,3.315623421162872e-05,0.9999668437657884,2.9784316868505027,0.992810562283501,37527.29493382085,False,True,uniform,625,kg s-1,ng m-3,ng m-3 / (kg s-1),source_heterogeneity_les_rice_paddy_l100_cv2p0_s3_wind3_surface,0.1132725592532581
source_heterogeneity_les_rice_paddy_l100_cv2p0_s4_wind3_n4_op,100.0,2.0,4,4,open_path,exponential,40.0,25,25,1000000.0,1000.0,250.0,0.027778,0.027778000000000004,0.0,0.031164264933881115,0.005758145032167979,0.12190456238322106,0.12190456238322106,True,1,nonnegative,4,1,3,0.9999668437657884,3.315623421162872e-05,0.9999668437657884,0.6939756952464394,0.23132523174881314,37527.29493382085,False,True,uniform,625,kg s-1,ng m-3,ng m-3 / (kg s-1),source_heterogeneity_les_rice_paddy_l100_cv2p0_s4_wind3_surface,0.12190456238322092
source_heterogeneity_les_rice_paddy_l100_cv2p0_s5_wind3_n4_op,100.0,2.0,5,4,open_path,exponential,40.0,25,25,1000000.0,1000.0,250.0,0.027778,0.027778000000000004,0.0,0.01962531277632141,0.005758145032167979,-0.2934943920972925,0.2934943920972925,True,1,nonnegative,4,1,3,0.9999668437657884,3.315623421162872e-05,0.9999668437657884,5.205772341748875,1.735257447249625,37527.29493382085,False,True,uniform,625,kg s-1,ng m-3,ng m-3 / (kg s-1),source_heterogeneity_les_rice_paddy_l100_cv2p0_s5_wind3_surface,0.2934943920972926
source_heterogeneity_les_rice_paddy_l100_cv2p0_s6_wind3_n4_op,100.0,2.0,6,4,open_path,exponential,40.0,25,25,1000000.0,1000.0,250.0,0.027778,0.027777999999999997,0.0,0.025573780848183732,0.005758145032167979,-0.07935125465534841,0.07935125465534841,True,1,nonnegative,4,1,3,0.9999668437657884,3.315623421162872e-05,0.9999668437657884,1.4307727702531645,0.4769242567510548,37527.29493382085,False,True,uniform,625,kg s-1,ng m-3,ng m-3 / (kg s-1),source_heterogeneity_les_rice_paddy_l100_cv2p0_s6_wind3_surface,0.0793512546553483
source_heterogeneity_les_rice_paddy_l100_cv2p0_s7_wind3_n4_op,100.0,2.0,7,4,open_path,exponential,40.0,25,25,1000000.0,1000.0,250.0,0.027778,0.027778000000000004,0.0,0.030218349619496637,0.005758145032167979,0.087851883486811,0.087851883486811,True,1,nonnegative,4,1,3,0.9999668437657884,3.315623421162872e-05,0.9999668437657884,7.74520831078579,2.5817361035952633,37527.29493382085,False,True,uniform,625,kg s-1,ng m-3,ng m-3 / (kg s-1),source_heterogeneity_les_rice_paddy_l100_cv2p0_s7_wind3_surface,0.08785188348681086
source_heterogeneity_les_rice_paddy_l250_cv2p0_s0_wind3_n4_op,250.0,2.0,0,4,open_path,exponential,40.0,25,25,1000000.0,1000.0,250.0,0.027778,0.027778000000000004,0.0,0.02574170299609986,0.005758145032167979,-0.0733061056915595,0.0733061056915595,True,1,nonnegative,4,1,3,0.9999668437657884,3.315623421162872e-05,0.9999668437657884,2.788436470759747,0.9294788235865824,37527.29493382085,False,True,uniform,625,kg s-1,ng m-3,ng m-3 / (kg s-1),source_heterogeneity_les_rice_paddy_l250_cv2p0_s0_wind3_surface,0.07330610569155963
source_heterogeneity_les_rice_paddy_l250_cv2p0_s1_wind3_n4_op,250.0,2.0,1,4,open_path,exponential,40.0,25,25,1000000.0,1000.0,250.0,0.027778,0.027778,0.0,0.031988167162490554,0.005758145032167979,0.15156480533121724,0.15156480533121724,True,1,nonnegative,4,1,3,0.9999668437657884,3.315623421162872e-05,0.9999668437657884,0.14133903656421526,0.047113012188071755,37527.29493382085,False,True,uniform,625,kg s-1,ng m-3,ng m-3 / (kg s-1),source_heterogeneity_les_rice_paddy_l250_cv2p0_s1_wind3_surface,0.15156480533121724
source_heterogeneity_les_rice_paddy_l250_cv2p0_s2_wind3_n4_op,250.0,2.0,2,4,open_path,exponential,40.0,25,25,1000000.0,1000.0,250.0,0.027778,0.027778000000000004,0.0,0.023748472711069512,0.005758145032167979,-0.14506182190692232,0.14506182190692232,True,1,nonnegative,4,1,3,0.9999668437657884,3.315623421162872e-05,0.9999668437657884,0.22194550900907523,0.07398183633635841,37527.29493382085,False,True,uniform,625,kg s-1,ng m-3,ng m-3 / (kg s-1),source_heterogeneity_les_rice_paddy_l250_cv2p0_s2_wind3_surface,0.14506182190692243
source_heterogeneity_les_rice_paddy_l250_cv2p0_s3_wind3_n4_op,250.0,2.0,3,4,open_path,exponential,40.0,25,25,1000000.0,1000.0,250.0,0.027778,0.027778000000000004,0.0,0.021814267753595313,0.005758145032167979,-0.21469264332942212,0.21469264332942212,True,1,nonnegative,4,1,3,0.9999668437657884,3.315623421162872e-05,0.9999668437657884,5.045336784386077,1.6817789281286923,37527.29493382085,False,True,uniform,625,kg s-1,ng m-3,ng m-3 / (kg s-1),source_heterogeneity_les_rice_paddy_l250_cv2p0_s3_wind3_surface,0.21469264332942223
source_heterogeneity_les_rice_paddy_l250_cv2p0_s4_wind3_n4_op,250.0,2.0,4,4,open_path,exponential,40.0,25,25,1000000.0,1000.0,250.0,0.027778,0.027778000000000004,0.0,0.028511025265648016,0.005758145032167979,0.026388698453740936,0.026388698453740936,True,1,nonnegative,4,1,3,0.9999668437657884,3.315623421162872e-05,0.9999668437657884,0.2446446823941587,0.08154822746471957,37527.29493382085,False,True,uniform,625,kg s-1,ng m-3,ng m-3 / (kg s-1),source_heterogeneity_les_rice_paddy_l250_cv2p0_s4_wind3_surface,0.026388698453740807
source_heterogeneity_les_rice_paddy_l250_cv2p0_s5_wind3_n4_op,250.0,2.0,5,4,open_path,exponential,40.0,25,25,1000000.0,1000.0,250.0,0.027778,0.027778,0.0,0.019248969506067002,0.005758145032167979,-0.3070426414404564,0.3070426414404564,True,1,nonnegative,4,1,3,0.9999668437657884,3.315623421162872e-05,0.9999668437657884,9.242368593878577,3.0807895312928593,37527.29493382085,False,True,uniform,625,kg s-1,ng m-3,ng m-3 / (kg s-1),source_heterogeneity_les_rice_paddy_l250_cv2p0_s5_wind3_surface,0.3070426414404564
source_heterogeneity_les_rice_paddy_l250_cv2p0_s6_wind3_n4_op,250.0,2.0,6,4,open_path,exponential,40.0,25,25,1000000.0,1000.0,250.0,0.027778,0.027778,0.0,0.025700973258207464,0.005758145032167979,-0.0747723645256151,0.0747723645256151,True,1,nonnegative,4,1,3,0.9999668437657884,3.315623421162872e-05,0.9999668437657884,1.1471149045909752,0.3823716348636584,37527.29493382085,False,True,uniform,625,kg s-1,ng m-3,ng m-3 / (kg s-1),source_heterogeneity_les_rice_paddy_l250_cv2p0_s6_wind3_surface,0.0747723645256151
source_heterogeneity_les_rice_paddy_l250_cv2p0_s7_wind3_n4_op,250.0,2.0,7,4,open_path,exponential,40.0,25,25,1000000.0,1000.0,250.0,0.027778,0.027778000000000004,0.0,0.030333680232191025,0.005758145032167979,0.09200375232885825,0.09200375232885825,True,1,nonnegative,4,1,3,0.9999668437657884,3.315623421162872e-05,0.9999668437657884,5.484421840333558,1.8281406134445193,37527.29493382085,False,True,uniform,625,kg s-1,ng m-3,ng m-3 / (kg s-1),source_heterogeneity_les_rice_paddy_l250_cv2p0_s7_wind3_surface,0.09200375232885812
source_heterogeneity_les_rice_paddy_l500_cv2p0_s0_wind3_n4_op,500.0,2.0,0,4,open_path,exponential,40.0,25,25,1000000.0,1000.0,250.0,0.027778,0.027777999999999994,0.0,0.024012884662292906,0.005758145032167979,-0.1355430678129129,0.1355430678129129,True,1,nonnegative,4,1,3,0.9999668437657884,3.315623421162872e-05,0.9999668437657884,7.3486056437133955,2.449535214571132,37527.29493382085,False,True,uniform,625,kg s-1,ng m-3,ng m-3 / (kg s-1),source_heterogeneity_les_rice_paddy_l500_cv2p0_s0_wind3_surface,0.13554306781291267
source_heterogeneity_les_rice_paddy_l500_cv2p0_s1_wind3_n4_op,500.0,2.0,1,4,open_path,exponential,40.0,25,25,1000000.0,1000.0,250.0,0.027778,0.027777999999999997,0.0,0.03775278185747129,0.005758145032167979,0.3590892741547731,0.3590892741547731,True,1,nonnegative,4,1,3,0.9999668437657884,3.315623421162872e-05,0.9999668437657884,3.9692438699327823,1.323081289977594,37527.29493382085,False,True,uniform,625,kg s-1,ng m-3,ng m-3 / (kg s-1),source_heterogeneity_les_rice_paddy_l500_cv2p0_s1_wind3_surface,0.35908927415477326
source_heterogeneity_les_rice_paddy_l500_cv2p0_s2_wind3_n4_op,500.0,2.0,2,4,open_path,exponential,40.0,25,25,1000000.0,1000.0,250.0,0.027778,0.027778000000000004,0.0,0.036895389759008114,0.005758145032167979,0.32822340553704776,0.32822340553704776,True,1,nonnegative,4,1,3,0.9999668437657884,3.315623421162872e-05,0.9999668437657884,3.184195985042651,1.0613986616808837,37527.29493382085,False,True,uniform,625,kg s-1,ng m-3,ng m-3 / (kg s-1),source_heterogeneity_les_rice_paddy_l500_cv2p0_s2_wind3_surface,0.3282234055370476
source_heterogeneity_les_rice_paddy_l500_cv2p0_s3_wind3_n4_op,500.0,2.0,3,4,open_path,exponential,40.0,25,25,1000000.0,1000.0,250.0,0.027778,0.027778000000000004,0.0,0.027207942284442444,0.005758145032167979,-0.020521913584763355,0.020521913584763355,True,1,nonnegative,4,1,3,0.9999668437657884,3.315623421162872e-05,0.9999668437657884,0.8967678215273099,0.29892260717576996,37527.29493382085,False,True,uniform,625,kg s-1,ng m-3,ng m-3 / (kg s-1),source_heterogeneity_les_rice_paddy_l500_cv2p0_s3_wind3_surface,0.020521913584763476
source_heterogeneity_les_rice_paddy_l500_cv2p0_s4_wind3_n4_op,500.0,2.0,4,4,open_path,exponential,40.0,25,25,1000000.0,1000.0,250.0,0.027778,0.027777999999999997,0.0,0.0211126705090735,0.005758145032167979,-0.23994994207381748,0.23994994207381748,True,1,nonnegative,4,1,3,0.9999668437657884,3.315623421162872e-05,0.9999668437657884,4.605295917010999,1.5350986390036663,37527.29493382085,False,True,uniform,625,kg s-1,ng m-3,ng m-3 / (kg s-1),source_heterogeneity_les_rice_paddy_l500_cv2p0_s4_wind3_surface,0.23994994207381737
source_heterogeneity_les_rice_paddy_l500_cv2p0_s5_wind3_n4_op,500.0,2.0,5,4,open_path,exponential,40.0,25,25,1000000.0,1000.0,250.0,0.027778,0.027778000000000004,0.0,0.024499137673358536,0.005758145032167979,-0.11803809945429708,0.11803809945429708,True,1,nonnegative,4,1,3,0.9999668437657884,3.315623421162872e-05,0.9999668437657884,4.45876175998009,1.4862539199933635,37527.29493382085,False,True,uniform,625,kg s-1,ng m-3,ng m-3 / (kg s-1),source_heterogeneity_les_rice_paddy_l500_cv2p0_s5_wind3_surface,0.11803809945429719
source_heterogeneity_les_rice_paddy_l500_cv2p0_s6_wind3_n4_op,500.0,2.0,6,4,open_path,exponential,40.0,25,25,1000000.0,1000.0,250.0,0.027778,0.027777999999999994,0.0,0.03031582490997571,0.005758145032167979,0.0913609658713986,0.0913609658713986,True,1,nonnegative,4,1,3,0.9999668437657884,3.315623421162872e-05,0.9999668437657884,13.195627461194253,4.398542487064751,37527.29493382085,False,True,uniform,625,kg s-1,ng m-3,ng m-3 / (kg s-1),source_heterogeneity_les_rice_paddy_l500_cv2p0_s6_wind3_surface,0.09136096587139887
source_heterogeneity_les_rice_paddy_l500_cv2p0_s7_wind3_n4_op,500.0,2.0,7,4,open_path,exponential,40.0,25,25,1000000.0,1000.0,250.0,0.027778,0.027778,0.0,0.04585662736878004,0.005758145032167979,0.6508253786730519,0.6508253786730519,True,1,nonnegative,4,1,3,0.9999668437657884,3.315623421162872e-05,0.9999668437657884,2.4823109071367924,0.8274369690455975,37527.29493382085,False,True,uniform,625,kg s-1,ng m-3,ng m-3 / (kg s-1),source_heterogeneity_les_rice_paddy_l500_cv2p0_s7_wind3_surface,0.6508253786730519
source_heterogeneity_les_rice_paddy_l100_cv0p5_s0_wind3_n1_point,100.0,0.5,0,1,point,exponential,40.0,25,25,1000000.0,0.0,0.0,0.027778,0.027777999999999997,0.0,0.027786070125623202,0.009821643975094635,0.000290522198257676,0.000290522198257676,True,1,nonnegative,1,1,0,0.9999035353096267,9.646469037327687e-05,0.9999035353096267,7.448426312728878e-08,,57198.05592719486,False,True,uniform,625,kg s-1,ng m-3,ng m-3 / (kg s-1),source_heterogeneity_les_rice_paddy_l100_cv0p5_s0_wind3_surface,0.00029052219825780094
source_heterogeneity_les_rice_paddy_l100_cv0p5_s1_wind3_n1_point,100.0,0.5,1,1,point,exponential,40.0,25,25,1000000.0,0.0,0.0,0.027778,0.027778000000000004,0.0,0.031420339899541294,0.009821643975094635,0.13112318739798737,0.13112318739798737,True,1,nonnegative,1,1,0,0.9999035353096267,9.646469037327687e-05,0.9999035353096267,9.524277235100161e-08,,57198.05592719486,False,True,uniform,625,kg s-1,ng m-3,ng m-3 / (kg s-1),source_heterogeneity_les_rice_paddy_l100_cv0p5_s1_wind3_surface,0.13112318739798723
source_heterogeneity_les_rice_paddy_l100_cv0p5_s2_wind3_n1_point,100.0,0.5,2,1,point,exponential,40.0,25,25,1000000.0,0.0,0.0,0.027778,0.027777999999999997,0.0,0.029081932050308474,0.009821643975094635,0.046941178281678785,0.046941178281678785,True,1,nonnegative,1,1,0,0.9999035353096267,9.646469037327687e-05,0.9999035353096267,8.159372896440935e-08,,57198.05592719486,False,True,uniform,625,kg s-1,ng m-3,ng m-3 / (kg s-1),source_heterogeneity_les_rice_paddy_l100_cv0p5_s2_wind3_surface,0.046941178281678916
source_heterogeneity_les_rice_paddy_l100_cv0p5_s3_wind3_n1_point,100.0,0.5,3,1,point,exponential,40.0,25,25,1000000.0,0.0,0.0,0.027778,0.027777999999999997,0.0,0.027073976904873814,0.009821643975094635,-0.025344628667513365,0.025344628667513365,True,1,nonnegative,1,1,0,0.9999035353096267,9.646469037327687e-05,0.9999035353096267,7.071546133705917e-08,,57198.05592719486,False,True,uniform,625,kg s-1,ng m-3,ng m-3 / (kg s-1),source_heterogeneity_les_rice_paddy_l100_cv0p5_s3_wind3_surface,0.025344628667513244
source_heterogeneity_les_rice_paddy_l100_cv0p5_s4_wind3_n1_point,100.0,0.5,4,1,point,exponential,40.0,25,25,1000000.0,0.0,0.0,0.027778,0.027777999999999997,0.0,0.03188703699704424,0.009821643975094635,0.14792414850040458,0.14792414850040458,True,1,nonnegative,1,1,0,0.9999035353096267,9.646469037327687e-05,0.9999035353096267,9.809313218734348e-08,,57198.05592719486,False,True,uniform,625,kg s-1,ng m-3,ng m-3 / (kg s-1),source_heterogeneity_les_rice_paddy_l100_cv0p5_s4_wind3_surface,0.14792414850040472
source_heterogeneity_les_rice_paddy_l100_cv0p5_s5_wind3_n1_point,100.0,0.5,5,1,point,exponential,40.0,25,25,1000000.0,0.0,0.0,0.027778,0.027777999999999997,0.0,0.02629424839155174,0.009821643975094635,-0.05341463058709262,0.05341463058709262,True,1,nonnegative,1,1,0,0.9999035353096267,9.646469037327687e-05,0.9999035353096267,6.67009152520735e-08,,57198.05592719486,False,True,uniform,625,kg s-1,ng m-3,ng m-3 / (kg s-1),source_heterogeneity_les_rice_paddy_l100_cv0p5_s5_wind3_surface,0.053414630587092504
source_heterogeneity_les_rice_paddy_l100_cv0p5_s6_wind3_n1_point,100.0,0.5,6,1,point,exponential,40.0,25,25,1000000.0,0.0,0.0,0.027778,0.027777999999999997,0.0,0.02515491681403675,0.009821643975094635,-0.09443023925276298,0.09443023925276298,True,1,nonnegative,1,1,0,0.9999035353096267,9.646469037327687e-05,0.9999035353096267,6.104583545356816e-08,,57198.05592719486,False,True,uniform,625,kg s-1,ng m-3,ng m-3 / (kg s-1),source_heterogeneity_les_rice_paddy_l100_cv0p5_s6_wind3_surface,0.09443023925276287
source_heterogeneity_les_rice_paddy_l100_cv0p5_s7_wind3_n1_point,100.0,0.5,7,1,point,exponential,40.0,25,25,1000000.0,0.0,0.0,0.027778,0.027778000000000004,0.0,0.027235723699820007,0.009821643975094635,-0.019521790632154697,0.019521790632154697,True,1,nonnegative,1,1,0,0.9999035353096267,9.646469037327687e-05,0.9999035353096267,7.156292944349836e-08,,57198.05592719486,False,True,uniform,625,kg s-1,ng m-3,ng m-3 / (kg s-1),source_heterogeneity_les_rice_paddy_l100_cv0p5_s7_wind3_surface,0.019521790632154822
source_heterogeneity_les_rice_paddy_l250_cv0p5_s0_wind3_n1_point,250.0,0.5,0,1,point,exponential,40.0,25,25,1000000.0,0.0,0.0,0.027778,0.027778,0.0,0.027949071281759115,0.009821643975094635,0.006158516875193116,0.006158516875193116,True,1,nonnegative,1,1,0,0.9999035353096267,9.646469037327687e-05,0.9999035353096267,7.536071901525179e-08,,57198.05592719486,False,True,uniform,625,kg s-1,ng m-3,ng m-3 / (kg s-1),source_heterogeneity_les_rice_paddy_l250_cv0p5_s0_wind3_surface,0.006158516875193116
source_heterogeneity_les_rice_paddy_l250_cv0p5_s1_wind3_n1_point,250.0,0.5,1,1,point,exponential,40.0,25,25,1000000.0,0.0,0.0,0.027778,0.027778,0.0,0.032143948909990026,0.009821643975094635,0.1571729033764139,0.1571729033764139,True,1,nonnegative,1,1,0,0.9999035353096267,9.646469037327687e-05,0.9999035353096267,9.96801606016607e-08,,57198.05592719486,False,True,uniform,625,kg s-1,ng m-3,ng m-3 / (kg s-1),source_heterogeneity_les_rice_paddy_l250_cv0p5_s1_wind3_surface,0.1571729033764139
source_heterogeneity_les_rice_paddy_l250_cv0p5_s2_wind3_n1_point,250.0,0.5,2,1,point,exponential,40.0,25,25,1000000.0,0.0,0.0,0.027778,0.027778000000000008,0.0,0.027607491536345053,0.009821643975094635,-0.006138255585533427,0.006138255585533427,True,1,nonnegative,1,1,0,0.9999035353096267,9.646469037327687e-05,0.9999035353096267,7.352993230945314e-08,,57198.05592719486,False,True,uniform,625,kg s-1,ng m-3,ng m-3 / (kg s-1),source_heterogeneity_les_rice_paddy_l250_cv0p5_s2_wind3_surface,0.006138255585533675
source_heterogeneity_les_rice_paddy_l250_cv0p5_s3_wind3_n1_point,250.0,0.5,3,1,point,exponential,40.0,25,25,1000000.0,0.0,0.0,0.027778,0.027778000000000004,0.0,0.024798294407855942,0.009821643975094635,-0.10726854316884075,0.10726854316884075,True,1,nonnegative,1,1,0,0.9999035353096267,9.646469037327687e-05,0.9999035353096267,5.9327205769639926e-08,,57198.05592719486,False,True,uniform,625,kg s-1,ng m-3,ng m-3 / (kg s-1),source_heterogeneity_les_rice_paddy_l250_cv0p5_s3_wind3_surface,0.10726854316884087
source_heterogeneity_les_rice_paddy_l250_cv0p5_s4_wind3_n1_point,250.0,0.5,4,1,point,exponential,40.0,25,25,1000000.0,0.0,0.0,0.027778,0.027777999999999997,0.0,0.03124753703641841,0.009821643975094635,0.12490233409238995,0.12490233409238995,True,1,nonnegative,1,1,0,0.9999035353096267,9.646469037327687e-05,0.9999035353096267,9.419803724934998e-08,,57198.05592719486,False,True,uniform,625,kg s-1,ng m-3,ng m-3 / (kg s-1),source_heterogeneity_les_rice_paddy_l250_cv0p5_s4_wind3_surface,0.1249023340923901
source_heterogeneity_les_rice_paddy_l250_cv0p5_s5_wind3_n1_point,250.0,0.5,5,1,point,exponential,40.0,25,25,1000000.0,0.0,0.0,0.027778,0.027778000000000004,0.0,0.025325709319690328,0.009821643975094635,-0.08828175823708231,0.08828175823708231,True,1,nonnegative,1,1,0,0.9999035353096267,9.646469037327687e-05,0.9999035353096267,6.187760652912845e-08,,57198.05592719486,False,True,uniform,625,kg s-1,ng m-3,ng m-3 / (kg s-1),source_heterogeneity_les_rice_paddy_l250_cv0p5_s5_wind3_surface,0.08828175823708242
source_heterogeneity_les_rice_paddy_l250_cv0p5_s6_wind3_n1_point,250.0,0.5,6,1,point,exponential,40.0,25,25,1000000.0,0.0,0.0,0.027778,0.027777999999999997,0.0,0.025586609336938782,0.009821643975094635,-0.07888943275474182,0.07888943275474182,True,1,nonnegative,1,1,0,0.9999035353096267,9.646469037327687e-05,0.9999035353096267,6.315907302145496e-08,,57198.05592719486,False,True,uniform,625,kg s-1,ng m-3,ng m-3 / (kg s-1),source_heterogeneity_les_rice_paddy_l250_cv0p5_s6_wind3_surface,0.07888943275474171
source_heterogeneity_les_rice_paddy_l250_cv0p5_s7_wind3_n1_point,250.0,0.5,7,1,point,exponential,40.0,25,25,1000000.0,0.0,0.0,0.027778,0.027778000000000004,0.0,0.0276594748391076,0.009821643975094635,-0.0042668716571531914,0.0042668716571531914,True,1,nonnegative,1,1,0,0.9999035353096267,9.646469037327687e-05,0.9999035353096267,7.380709818940752e-08,,57198.05592719486,False,True,uniform,625,kg s-1,ng m-3,ng m-3 / (kg s-1),source_heterogeneity_les_rice_paddy_l250_cv0p5_s7_wind3_surface,0.004266871657153316
source_heterogeneity_les_rice_paddy_l500_cv0p5_s0_wind3_n1_point,500.0,0.5,0,1,point,exponential,40.0,25,25,1000000.0,0.0,0.0,0.027778,0.027778000000000004,0.0,0.027643921506689827,0.009821643975094635,-0.004826787144869078,0.004826787144869078,True,1,nonnegative,1,1,0,0.9999035353096267,9.646469037327687e-05,0.9999035353096267,7.372411587804416e-08,,57198.05592719486,False,True,uniform,625,kg s-1,ng m-3,ng m-3 / (kg s-1),source_heterogeneity_les_rice_paddy_l500_cv0p5_s0_wind3_surface,0.004826787144869202
source_heterogeneity_les_rice_paddy_l500_cv0p5_s1_wind3_n1_point,500.0,0.5,1,1,point,exponential,40.0,25,25,1000000.0,0.0,0.0,0.027778,0.027778,0.0,0.034992845243730614,0.009821643975094635,0.25973235091549474,0.25973235091549474,True,1,nonnegative,1,1,0,0.9999035353096267,9.646469037327687e-05,0.9999035353096267,1.1813233355119128e-07,,57198.05592719486,False,True,uniform,625,kg s-1,ng m-3,ng m-3 / (kg s-1),source_heterogeneity_les_rice_paddy_l500_cv0p5_s1_wind3_surface,0.25973235091549474
source_heterogeneity_les_rice_paddy_l500_cv0p5_s2_wind3_n1_point,500.0,0.5,2,1,point,exponential,40.0,25,25,1000000.0,0.0,0.0,0.027778,0.027777999999999997,0.0,0.03324302577275032,0.009821643975094635,0.19673935390418018,0.19673935390418018,True,1,nonnegative,1,1,0,0.9999035353096267,9.646469037327687e-05,0.9999035353096267,1.066132943784844e-07,,57198.05592719486,False,True,uniform,625,kg s-1,ng m-3,ng m-3 / (kg s-1),source_heterogeneity_les_rice_paddy_l500_cv0p5_s2_wind3_surface,0.19673935390418032
source_heterogeneity_les_rice_paddy_l500_cv0p5_s3_wind3_n1_point,500.0,0.5,3,1,point,exponential,40.0,25,25,1000000.0,0.0,0.0,0.027778,0.027778000000000004,0.0,0.030666390068652013,0.009821643975094635,0.10398121062178746,0.10398121062178746,True,1,nonnegative,1,1,0,0.9999035353096267,9.646469037327687e-05,0.9999035353096267,9.072679759471022e-08,,57198.05592719486,False,True,uniform,625,kg s-1,ng m-3,ng m-3 / (kg s-1),source_heterogeneity_les_rice_paddy_l500_cv0p5_s3_wind3_surface,0.10398121062178732
source_heterogeneity_les_rice_paddy_l500_cv0p5_s4_wind3_n1_point,500.0,0.5,4,1,point,exponential,40.0,25,25,1000000.0,0.0,0.0,0.027778,0.027778,0.0,0.024877773180190944,0.009821643975094635,-0.10440733025448398,0.10440733025448398,True,1,nonnegative,1,1,0,0.9999035353096267,9.646469037327687e-05,0.9999035353096267,5.97081037153789e-08,,57198.05592719486,False,True,uniform,625,kg s-1,ng m-3,ng m-3 / (kg s-1),source_heterogeneity_les_rice_paddy_l500_cv0p5_s4_wind3_surface,0.10440733025448398
source_heterogeneity_les_rice_paddy_l500_cv0p5_s5_wind3_n1_point,500.0,0.5,5,1,point,exponential,40.0,25,25,1000000.0,0.0,0.0,0.027778,0.027777999999999997,0.0,0.02629055248813564,0.009821643975094635,-0.05354768204566057,0.05354768204566057,True,1,nonnegative,1,1,0,0.9999035353096267,9.646469037327687e-05,0.9999035353096267,6.668216569041779e-08,,57198.05592719486,False,True,uniform,625,kg s-1,ng m-3,ng m-3 / (kg s-1),source_heterogeneity_les_rice_paddy_l500_cv0p5_s5_wind3_surface,0.053547682045660454
source_heterogeneity_les_rice_paddy_l500_cv0p5_s6_wind3_n1_point,500.0,0.5,6,1,point,exponential,40.0,25,25,1000000.0,0.0,0.0,0.027778,0.027778000000000004,0.0,0.029320648675711103,0.009821643975094635,0.05553490804633531,0.05553490804633531,True,1,nonnegative,1,1,0,0.9999035353096267,9.646469037327687e-05,0.9999035353096267,8.293873729952775e-08,,57198.05592719486,False,True,uniform,625,kg s-1,ng m-3,ng m-3 / (kg s-1),source_heterogeneity_les_rice_paddy_l500_cv0p5_s6_wind3_surface,0.05553490804633518
source_heterogeneity_les_rice_paddy_l500_cv0p5_s7_wind3_n1_point,500.0,0.5,7,1,point,exponential,40.0,25,25,1000000.0,0.0,0.0,0.027778,0.027778,0.0,0.03819880761188793,0.009821643975094635,0.3751460728593826,0.3751460728593826,True,1,nonnegative,1,1,0,0.9999035353096267,9.646469037327687e-05,0.9999035353096267,1.407699264622056e-07,,57198.05592719486,False,True,uniform,625,kg s-1,ng m-3,ng m-3 / (kg s-1),source_heterogeneity_les_rice_paddy_l500_cv0p5_s7_wind3_surface,0.3751460728593826
source_heterogeneity_les_rice_paddy_l100_cv1p0_s0_wind3_n1_point,100.0,1.0,0,1,point,exponential,40.0,25,25,1000000.0,0.0,0.0,0.027778,0.027778000000000004,0.0,0.025646765968822406,0.009821643975094635,-0.07672381133190274,0.07672381133190274,True,1,nonnegative,1,1,0,0.9999035353096267,9.646469037327687e-05,0.9999035353096267,6.345640851297691e-08,,57198.05592719486,False,True,uniform,625,kg s-1,ng m-3,ng m-3 / (kg s-1),source_heterogeneity_les_rice_paddy_l100_cv1p0_s0_wind3_surface,0.07672381133190286
source_heterogeneity_les_rice_paddy_l100_cv1p0_s1_wind3_n1_point,100.0,1.0,1,1,point,exponential,40.0,25,25,1000000.0,0.0,0.0,0.027778,0.027777999999999997,0.0,0.03225968730920157,0.009821643975094635,0.16133945241563716,0.16133945241563716,True,1,nonnegative,1,1,0,0.9999035353096267,9.646469037327687e-05,0.9999035353096267,1.0039927524131203e-07,,57198.05592719486,False,True,uniform,625,kg s-1,ng m-3,ng m-3 / (kg s-1),source_heterogeneity_les_rice_paddy_l100_cv1p0_s1_wind3_surface,0.1613394524156373
source_heterogeneity_les_rice_paddy_l100_cv1p0_s2_wind3_n1_point,100.0,1.0,2,1,point,exponential,40.0,25,25,1000000.0,0.0,0.0,0.027778,0.027778000000000004,0.0,0.02837211809794006,0.009821643975094635,0.021388080421198788,0.021388080421198788,True,1,nonnegative,1,1,0,0.9999035353096267,9.646469037327687e-05,0.9999035353096267,7.765935668348237e-08,,57198.05592719486,False,True,uniform,625,kg s-1,ng m-3,ng m-3 / (kg s-1),source_heterogeneity_les_rice_paddy_l100_cv1p0_s2_wind3_surface,0.02138808042119866
source_heterogeneity_les_rice_paddy_l100_cv1p0_s3_wind3_n1_point,100.0,1.0,3,1,point,exponential,40.0,25,25,1000000.0,0.0,0.0,0.027778,0.027778000000000004,0.0,0.025567851175610622,0.009821643975094635,-0.07956472116024833,0.07956472116024833,True,1,nonnegative,1,1,0,0.9999035353096267,9.646469037327687e-05,0.9999035353096267,6.306650008340308e-08,,57198.05592719486,False,True,uniform,625,kg s-1,ng m-3,ng m-3 / (kg s-1),source_heterogeneity_les_rice_paddy_l100_cv1p0_s3_wind3_surface,0.07956472116024844
source_heterogeneity_les_rice_paddy_l100_cv1p0_s4_wind3_n1_point,100.0,1.0,4,1,point,exponential,40.0,25,25,1000000.0,0.0,0.0,0.027778,0.027778,0.0,0.0343823438817783,0.009821643975094635,0.23775447770819708,0.23775447770819708,True,1,nonnegative,1,1,0,0.9999035353096267,9.646469037327687e-05,0.9999035353096267,1.1404630790660508e-07,,57198.05592719486,False,True,uniform,625,kg s-1,ng m-3,ng m-3 / (kg s-1),source_heterogeneity_les_rice_paddy_l100_cv1p0_s4_wind3_surface,0.23775447770819708
source_heterogeneity_les_rice_paddy_l100_cv1p0_s5_wind3_n1_point,100.0,1.0,5,1,point,exponential,40.0,25,25,1000000.0,0.0,0.0,0.027778,0.027777999999999997,0.0,0.02243678836832522,0.009821643975094635,-0.19228208048364823,0.19228208048364823,True,1,nonnegative,1,1,0,0.9999035353096267,9.646469037327687e-05,0.9999035353096267,4.856592377221629e-08,,57198.05592719486,False,True,uniform,625,kg s-1,ng m-3,ng m-3 / (kg s-1),source_heterogeneity_les_rice_paddy_l100_cv1p0_s5_wind3_surface,0.19228208048364812
source_heterogeneity_les_rice_paddy_l100_cv1p0_s6_wind3_n1_point,100.0,1.0,6,1,point,exponential,40.0,25,25,1000000.0,0.0,0.0,0.027778,0.027778000000000004,0.0,0.022368143827495322,0.009821643975094635,-0.19475326418405495,0.19475326418405495,True,1,nonnegative,1,1,0,0.9999035353096267,9.646469037327687e-05,0.9999035353096267,4.82692069972559e-08,,57198.05592719486,False,True,uniform,625,kg s-1,ng m-3,ng m-3 / (kg s-1),source_heterogeneity_les_rice_paddy_l100_cv1p0_s6_wind3_surface,0.19475326418405503
source_heterogeneity_les_rice_paddy_l100_cv1p0_s7_wind3_n1_point,100.0,1.0,7,1,point,exponential,40.0,25,25,1000000.0,0.0,0.0,0.027778,0.027778,0.0,0.02513052149136883,0.009821643975094635,-0.09530846384301138,0.09530846384301138,True,1,nonnegative,1,1,0,0.9999035353096267,9.646469037327687e-05,0.9999035353096267,6.09274879564907e-08,,57198.05592719486,False,True,uniform,625,kg s-1,ng m-3,ng m-3 / (kg s-1),source_heterogeneity_les_rice_paddy_l100_cv1p0_s7_wind3_surface,0.09530846384301138
source_heterogeneity_les_rice_paddy_l250_cv1p0_s0_wind3_n1_point,250.0,1.0,0,1,point,exponential,40.0,25,25,1000000.0,0.0,0.0,0.027778,0.027778000000000004,0.0,0.025731963416287338,0.009821643975094635,-0.07365672775983377,0.07365672775983377,True,1,nonnegative,1,1,0,0.9999035353096267,9.646469037327687e-05,0.9999035353096267,6.387870766918345e-08,,57198.05592719486,False,True,uniform,625,kg s-1,ng m-3,ng m-3 / (kg s-1),source_heterogeneity_les_rice_paddy_l250_cv1p0_s0_wind3_surface,0.0736567277598339
source_heterogeneity_les_rice_paddy_l250_cv1p0_s1_wind3_n1_point,250.0,1.0,1,1,point,exponential,40.0,25,25,1000000.0,0.0,0.0,0.027778,0.027778000000000004,0.0,0.03359661845864144,0.009821643975094635,0.20946858876238167,0.20946858876238167,True,1,nonnegative,1,1,0,0.9999035353096267,9.646469037327687e-05,0.9999035353096267,1.0889336171630207e-07,,57198.05592719486,False,True,uniform,625,kg s-1,ng m-3,ng m-3 / (kg s-1),source_heterogeneity_les_rice_paddy_l250_cv1p0_s1_wind3_surface,0.20946858876238153
source_heterogeneity_les_rice_paddy_l250_cv1p0_s2_wind3_n1_point,250.0,1.0,2,1,point,exponential,40.0,25,25,1000000.0,0.0,0.0,0.027778,0.027778000000000004,0.0,0.02647235747618214,0.009821643975094635,-0.04700275483540427,0.04700275483540427,True,1,nonnegative,1,1,0,0.9999035353096267,9.646469037327687e-05,0.9999035353096267,6.760759831323876e-08,,57198.05592719486,False,True,uniform,625,kg s-1,ng m-3,ng m-3 / (kg s-1),source_heterogeneity_les_rice_paddy_l250_cv1p0_s2_wind3_surface,0.04700275483540439
source_heterogeneity_les_rice_paddy_l250_cv1p0_s3_wind3_n1_point,250.0,1.0,3,1,point,exponential,40.0,25,25,1000000.0,0.0,0.0,0.027778,0.027777999999999997,0.0,0.02148068955589461,0.009821643975094635,-0.2267013623768951,0.2267013623768951,True,1,nonnegative,1,1,0,0.9999035353096267,9.646469037327687e-05,0.9999035353096267,4.451503385685095e-08,,57198.05592719486,False,True,uniform,625,kg s-1,ng m-3,ng m-3 / (kg s-1),source_heterogeneity_les_rice_paddy_l250_cv1p0_s3_wind3_surface,0.22670136237689498
source_heterogeneity_les_rice_paddy_l250_cv1p0_s4_wind3_n1_point,250.0,1.0,4,1,point,exponential,40.0,25,25,1000000.0,0.0,0.0,0.027778,0.027778000000000004,0.0,0.03246207590742236,0.009821643975094635,0.1686253836641356,0.1686253836641356,True,1,nonnegative,1,1,0,0.9999035353096267,9.646469037327687e-05,0.9999035353096267,1.016629830047943e-07,,57198.05592719486,False,True,uniform,625,kg s-1,ng m-3,ng m-3 / (kg s-1),source_heterogeneity_les_rice_paddy_l250_cv1p0_s4_wind3_surface,0.16862538366413546
source_heterogeneity_les_rice_paddy_l250_cv1p0_s5_wind3_n1_point,250.0,1.0,5,1,point,exponential,40.0,25,25,1000000.0,0.0,0.0,0.027778,0.027777999999999997,0.0,0.01999441998609504,0.009821643975094635,-0.2802066388474679,0.2802066388474679,True,1,nonnegative,1,1,0,0.9999035353096267,9.646469037327687e-05,0.9999035353096267,3.8568068637437014e-08,,57198.05592719486,False,True,uniform,625,kg s-1,ng m-3,ng m-3 / (kg s-1),source_heterogeneity_les_rice_paddy_l250_cv1p0_s5_wind3_surface,0.28020663884746777
source_heterogeneity_les_rice_paddy_l250_cv1p0_s6_wind3_n1_point,250.0,1.0,6,1,point,exponential,40.0,25,25,1000000.0,0.0,0.0,0.027778,0.027777999999999997,0.0,0.022925106288018665,0.009821643975094635,-0.17470277600912001,0.17470277600912001,True,1,nonnegative,1,1,0,0.9999035353096267,9.646469037327687e-05,0.9999035353096267,5.0702921784489085e-08,,57198.05592719486,False,True,uniform,625,kg s-1,ng m-3,ng m-3 / (kg s-1),source_heterogeneity_les_rice_paddy_l250_cv1p0_s6_wind3_surface,0.1747027760091199
source_heterogeneity_les_rice_paddy_l250_cv1p0_s7_wind3_n1_point,250.0,1.0,7,1,point,exponential,40.0,25,25,1000000.0,0.0,0.0,0.027778,0.027777999999999997,0.0,0.025769113492492796,0.009821643975094635,-0.07231933571557363,0.07231933571557363,True,1,nonnegative,1,1,0,0.9999035353096267,9.646469037327687e-05,0.9999035353096267,6.406328836964692e-08,,57198.05592719486,False,True,uniform,625,kg s-1,ng m-3,ng m-3 / (kg s-1),source_heterogeneity_les_rice_paddy_l250_cv1p0_s7_wind3_surface,0.07231933571557352
source_heterogeneity_les_rice_paddy_l500_cv1p0_s0_wind3_n1_point,500.0,1.0,0,1,point,exponential,40.0,25,25,1000000.0,0.0,0.0,0.027778,0.027777999999999997,0.0,0.024878709938071925,0.009821643975094635,-0.10437360724055281,0.10437360724055281,True,1,nonnegative,1,1,0,0.9999035353096267,9.646469037327687e-05,0.9999035353096267,5.971260034673542e-08,,57198.05592719486,False,True,uniform,625,kg s-1,ng m-3,ng m-3 / (kg s-1),source_heterogeneity_les_rice_paddy_l500_cv1p0_s0_wind3_surface,0.1043736072405527
source_heterogeneity_les_rice_paddy_l500_cv1p0_s1_wind3_n1_point,500.0,1.0,1,1,point,exponential,40.0,25,25,1000000.0,0.0,0.0,0.027778,0.027778000000000004,0.0,0.039183545022973526,0.009821643975094635,0.4105963360563585,0.4105963360563585,True,1,nonnegative,1,1,0,0.9999035353096267,9.646469037327687e-05,0.9999035353096267,1.4812137019551328e-07,,57198.05592719486,False,True,uniform,625,kg s-1,ng m-3,ng m-3 / (kg s-1),source_heterogeneity_les_rice_paddy_l500_cv1p0_s1_wind3_surface,0.41059633605635826
source_heterogeneity_les_rice_paddy_l500_cv1p0_s2_wind3_n1_point,500.0,1.0,2,1,point,exponential,40.0,25,25,1000000.0,0.0,0.0,0.027778,0.027777999999999997,0.0,0.036205471835979525,0.009821643975094635,0.3033865590027908,0.3033865590027908,True,1,nonnegative,1,1,0,0.9999035353096267,9.646469037327687e-05,0.9999035353096267,1.2646160636291983e-07,,57198.05592719486,False,True,uniform,625,kg s-1,ng m-3,ng m-3 / (kg s-1),source_heterogeneity_les_rice_paddy_l500_cv1p0_s2_wind3_surface,0.303386559002791
source_heterogeneity_les_rice_paddy_l500_cv1p0_s3_wind3_n1_point,500.0,1.0,3,1,point,exponential,40.0,25,25,1000000.0,0.0,0.0,0.027778,0.027777999999999997,0.0,0.030780921294644978,0.009821643975094635,0.108104301772805,0.108104301772805,True,1,nonnegative,1,1,0,0.9999035353096267,9.646469037327687e-05,0.9999035353096267,9.140574645798423e-08,,57198.05592719486,False,True,uniform,625,kg s-1,ng m-3,ng m-3 / (kg s-1),source_heterogeneity_les_rice_paddy_l500_cv1p0_s3_wind3_surface,0.10810430177280514
source_heterogeneity_les_rice_paddy_l500_cv1p0_s4_wind3_n1_point,500.0,1.0,4,1,point,exponential,40.0,25,25,1000000.0,0.0,0.0,0.027778,0.027778000000000004,0.0,0.021050062979933334,0.009821643975094635,-0.24220379509203926,0.24220379509203926,True,1,nonnegative,1,1,0,0.9999035353096267,9.646469037327687e-05,0.9999035353096267,4.274812492330842e-08,,57198.05592719486,False,True,uniform,625,kg s-1,ng m-3,ng m-3 / (kg s-1),source_heterogeneity_les_rice_paddy_l500_cv1p0_s4_wind3_surface,0.24220379509203935
source_heterogeneity_les_rice_paddy_l500_cv1p0_s5_wind3_n1_point,500.0,1.0,5,1,point,exponential,40.0,25,25,1000000.0,0.0,0.0,0.027778,0.027778,0.0,0.023865159215086255,0.009821643975094635,-0.1408611413677639,0.1408611413677639,True,1,nonnegative,1,1,0,0.9999035353096267,9.646469037327687e-05,0.9999035353096267,5.494636198474176e-08,,57198.05592719486,False,True,uniform,625,kg s-1,ng m-3,ng m-3 / (kg s-1),source_heterogeneity_les_rice_paddy_l500_cv1p0_s5_wind3_surface,0.1408611413677639
source_heterogeneity_les_rice_paddy_l500_cv1p0_s6_wind3_n1_point,500.0,1.0,6,1,point,exponential,40.0,25,25,1000000.0,0.0,0.0,0.027778,0.027778000000000004,0.0,0.02792401548866711,0.009821643975094635,0.005256515539891626,0.005256515539891626,True,1,nonnegative,1,1,0,0.9999035353096267,9.646469037327687e-05,0.9999035353096267,7.522566077403524e-08,,57198.05592719486,False,True,uniform,625,kg s-1,ng m-3,ng m-3 / (kg s-1),source_heterogeneity_les_rice_paddy_l500_cv1p0_s6_wind3_surface,0.0052565155398915
source_heterogeneity_les_rice_paddy_l500_cv1p0_s7_wind3_n1_point,500.0,1.0,7,1,point,exponential,40.0,25,25,1000000.0,0.0,0.0,0.027778,0.027777999999999997,0.0,0.045493118778488474,0.009821643975094635,0.6377391741121922,0.6377391741121922,True,1,nonnegative,1,1,0,0.9999035353096267,9.646469037327687e-05,0.9999035353096267,1.996648850891669e-07,,57198.05592719486,False,True,uniform,625,kg s-1,ng m-3,ng m-3 / (kg s-1),source_heterogeneity_les_rice_paddy_l500_cv1p0_s7_wind3_surface,0.6377391741121924
source_heterogeneity_les_rice_paddy_l100_cv2p0_s0_wind3_n1_point,100.0,2.0,0,1,point,exponential,40.0,25,25,1000000.0,0.0,0.0,0.027778,0.027778,0.0,0.022290902706198625,0.009821643975094635,-0.19753392230547107,0.19753392230547107,True,1,nonnegative,1,1,0,0.9999035353096267,9.646469037327687e-05,0.9999035353096267,4.793641851513912e-08,,57198.05592719486,False,True,uniform,625,kg s-1,ng m-3,ng m-3 / (kg s-1),source_heterogeneity_les_rice_paddy_l100_cv2p0_s0_wind3_surface,0.19753392230547107
source_heterogeneity_les_rice_paddy_l100_cv2p0_s1_wind3_n1_point,100.0,2.0,1,1,point,exponential,40.0,25,25,1000000.0,0.0,0.0,0.027778,0.027778000000000004,0.0,0.032700860912923464,0.009821643975094635,0.17722157509264394,0.17722157509264394,True,1,nonnegative,1,1,0,0.9999035353096267,9.646469037327687e-05,0.9999035353096267,1.0316411185525184e-07,,57198.05592719486,False,True,uniform,625,kg s-1,ng m-3,ng m-3 / (kg s-1),source_heterogeneity_les_rice_paddy_l100_cv2p0_s1_wind3_surface,0.1772215750926438
source_heterogeneity_les_rice_paddy_l100_cv2p0_s2_wind3_n1_point,100.0,2.0,2,1,point,exponential,40.0,25,25,1000000.0,0.0,0.0,0.027778,0.027777999999999997,0.0,0.02711630920600531,0.009821643975094635,-0.023820678018384653,0.023820678018384653,True,1,nonnegative,1,1,0,0.9999035353096267,9.646469037327687e-05,0.9999035353096267,7.093677263785705e-08,,57198.05592719486,False,True,uniform,625,kg s-1,ng m-3,ng m-3 / (kg s-1),source_heterogeneity_les_rice_paddy_l100_cv2p0_s2_wind3_surface,0.02382067801838453
source_heterogeneity_les_rice_paddy_l100_cv2p0_s3_wind3_n1_point,100.0,2.0,3,1,point,exponential,40.0,25,25,1000000.0,0.0,0.0,0.027778,0.027777999999999997,0.0,0.023843105773239563,0.009821643975094635,-0.1416550589229044,0.1416550589229044,True,1,nonnegative,1,1,0,0.9999035353096267,9.646469037327687e-05,0.9999035353096267,5.484485865901782e-08,,57198.05592719486,False,True,uniform,625,kg s-1,ng m-3,ng m-3 / (kg s-1),source_heterogeneity_les_rice_paddy_l100_cv2p0_s3_wind3_surface,0.14165505892290428
source_heterogeneity_les_rice_paddy_l100_cv2p0_s4_wind3_n1_point,100.0,2.0,4,1,point,exponential,40.0,25,25,1000000.0,0.0,0.0,0.027778,0.027778000000000004,0.0,0.0387503120599722,0.009821643975094635,0.395000074158406,0.395000074158406,True,1,nonnegative,1,1,0,0.9999035353096267,9.646469037327687e-05,0.9999035353096267,1.4486406888102406e-07,,57198.05592719486,False,True,uniform,625,kg s-1,ng m-3,ng m-3 / (kg s-1),source_heterogeneity_les_rice_paddy_l100_cv2p0_s4_wind3_surface,0.3950000741584058
source_heterogeneity_les_rice_paddy_l100_cv2p0_s5_wind3_n1_point,100.0,2.0,5,1,point,exponential,40.0,25,25,1000000.0,0.0,0.0,0.027778,0.027778000000000004,0.0,0.01533131185203891,0.009821643975094635,-0.4480771887090896,0.4480771887090896,True,1,nonnegative,1,1,0,0.9999035353096267,9.646469037327687e-05,0.9999035353096267,2.2676128328661736e-08,,57198.05592719486,False,True,uniform,625,kg s-1,ng m-3,ng m-3 / (kg s-1),source_heterogeneity_les_rice_paddy_l100_cv2p0_s5_wind3_surface,0.44807718870908964
source_heterogeneity_les_rice_paddy_l100_cv2p0_s6_wind3_n1_point,100.0,2.0,6,1,point,exponential,40.0,25,25,1000000.0,0.0,0.0,0.027778,0.027777999999999997,0.0,0.019896257886689188,0.009821643975094635,-0.28374044615562,0.28374044615562,True,1,nonnegative,1,1,0,0.9999035353096267,9.646469037327687e-05,0.9999035353096267,3.819030032550768e-08,,57198.05592719486,False,True,uniform,625,kg s-1,ng m-3,ng m-3 / (kg s-1),source_heterogeneity_les_rice_paddy_l100_cv2p0_s6_wind3_surface,0.28374044615561994
source_heterogeneity_les_rice_paddy_l100_cv2p0_s7_wind3_n1_point,100.0,2.0,7,1,point,exponential,40.0,25,25,1000000.0,0.0,0.0,0.027778,0.027778000000000004,0.0,0.022515464633344025,0.009821643975094635,-0.1894497576015543,0.1894497576015543,True,1,nonnegative,1,1,0,0.9999035353096267,9.646469037327687e-05,0.9999035353096267,4.890712098018638e-08,,57198.05592719486,False,True,uniform,625,kg s-1,ng m-3,ng m-3 / (kg s-1),source_heterogeneity_les_rice_paddy_l100_cv2p0_s7_wind3_surface,0.18944975760155439
source_heterogeneity_les_rice_paddy_l250_cv2p0_s0_wind3_n1_point,250.0,2.0,0,1,point,exponential,40.0,25,25,1000000.0,0.0,0.0,0.027778,0.027778000000000004,0.0,0.022054744920363866,0.009821643975094635,-0.20603553458262416,0.20603553458262416,True,1,nonnegative,1,1,0,0.9999035353096267,9.646469037327687e-05,0.9999035353096267,4.692608783574729e-08,,57198.05592719486,False,True,uniform,625,kg s-1,ng m-3,ng m-3 / (kg s-1),source_heterogeneity_les_rice_paddy_l250_cv2p0_s0_wind3_surface,0.20603553458262427
source_heterogeneity_les_rice_paddy_l250_cv2p0_s1_wind3_n1_point,250.0,2.0,1,1,point,exponential,40.0,25,25,1000000.0,0.0,0.0,0.027778,0.027778,0.0,0.0348557031182245,0.009821643975094635,0.2547952738938909,0.2547952738938909,True,1,nonnegative,1,1,0,0.9999035353096267,9.646469037327687e-05,0.9999035353096267,1.1720819192683474e-07,,57198.05592719486,False,True,uniform,625,kg s-1,ng m-3,ng m-3 / (kg s-1),source_heterogeneity_les_rice_paddy_l250_cv2p0_s1_wind3_surface,0.2547952738938909
source_heterogeneity_les_rice_paddy_l250_cv2p0_s2_wind3_n1_point,250.0,2.0,2,1,point,exponential,40.0,25,25,1000000.0,0.0,0.0,0.027778,0.027778000000000004,0.0,0.025598030756110533,0.009821643975094635,-0.07847826495390121,0.07847826495390121,True,1,nonnegative,1,1,0,0.9999035353096267,9.646469037327687e-05,0.9999035353096267,6.321547183842172e-08,,57198.05592719486,False,True,uniform,625,kg s-1,ng m-3,ng m-3 / (kg s-1),source_heterogeneity_les_rice_paddy_l250_cv2p0_s2_wind3_surface,0.07847826495390132
source_heterogeneity_les_rice_paddy_l250_cv2p0_s3_wind3_n1_point,250.0,2.0,3,1,point,exponential,40.0,25,25,1000000.0,0.0,0.0,0.027778,0.027778000000000004,0.0,0.017871370095853694,0.009821643975094635,-0.3566358234626793,0.3566358234626793,True,1,nonnegative,1,1,0,0.9999035353096267,9.646469037327687e-05,0.9999035353096267,3.081243128440314e-08,,57198.05592719486,False,True,uniform,625,kg s-1,ng m-3,ng m-3 / (kg s-1),source_heterogeneity_les_rice_paddy_l250_cv2p0_s3_wind3_surface,0.3566358234626794
source_heterogeneity_les_rice_paddy_l250_cv2p0_s4_wind3_n1_point,250.0,2.0,4,1,point,exponential,40.0,25,25,1000000.0,0.0,0.0,0.027778,0.027778000000000004,0.0,0.03423578279355681,0.009821643975094635,0.2324783207414792,0.2324783207414792,True,1,nonnegative,1,1,0,0.9999035353096267,9.646469037327687e-05,0.9999035353096267,1.1307609329850684e-07,,57198.05592719486,False,True,uniform,625,kg s-1,ng m-3,ng m-3 / (kg s-1),source_heterogeneity_les_rice_paddy_l250_cv2p0_s4_wind3_surface,0.23247832074147903
source_heterogeneity_les_rice_paddy_l250_cv2p0_s5_wind3_n1_point,250.0,2.0,5,1,point,exponential,40.0,25,25,1000000.0,0.0,0.0,0.027778,0.027778,0.0,0.012409113062261994,0.009821643975094635,-0.5532755035545398,0.5532755035545398,True,1,nonnegative,1,1,0,0.9999035353096267,9.646469037327687e-05,0.9999035353096267,1.4855653249580158e-08,,57198.05592719486,False,True,uniform,625,kg s-1,ng m-3,ng m-3 / (kg s-1),source_heterogeneity_les_rice_paddy_l250_cv2p0_s5_wind3_surface,0.5532755035545398
source_heterogeneity_les_rice_paddy_l250_cv2p0_s6_wind3_n1_point,250.0,2.0,6,1,point,exponential,40.0,25,25,1000000.0,0.0,0.0,0.027778,0.027778,0.0,0.020452343740821503,0.009821643975094635,-0.2637215155583015,0.2637215155583015,True,1,nonnegative,1,1,0,0.9999035353096267,9.646469037327687e-05,0.9999035353096267,4.035491503916977e-08,,57198.05592719486,False,True,uniform,625,kg s-1,ng m-3,ng m-3 / (kg s-1),source_heterogeneity_les_rice_paddy_l250_cv2p0_s6_wind3_surface,0.2637215155583015
source_heterogeneity_les_rice_paddy_l250_cv2p0_s7_wind3_n1_point,250.0,2.0,7,1,point,exponential,40.0,25,25,1000000.0,0.0,0.0,0.027778,0.027778000000000004,0.0,0.023319140694958114,0.009821643975094635,-0.1605176508403012,0.1605176508403012,True,1,nonnegative,1,1,0,0.9999035353096267,9.646469037327687e-05,0.9999035353096267,5.2460854015206924e-08,,57198.05592719486,False,True,uniform,625,kg s-1,ng m-3,ng m-3 / (kg s-1),source_heterogeneity_les_rice_paddy_l250_cv2p0_s7_wind3_surface,0.16051765084030128
source_heterogeneity_les_rice_paddy_l500_cv2p0_s0_wind3_n1_point,500.0,2.0,0,1,point,exponential,40.0,25,25,1000000.0,0.0,0.0,0.027778,0.027777999999999994,0.0,0.020641624139458668,0.009821643975094635,-0.2569074757196822,0.2569074757196822,True,1,nonnegative,1,1,0,0.9999035353096267,9.646469037327687e-05,0.9999035353096267,4.110531705117728e-08,,57198.05592719486,False,True,uniform,625,kg s-1,ng m-3,ng m-3 / (kg s-1),source_heterogeneity_les_rice_paddy_l500_cv2p0_s0_wind3_surface,0.25690747571968203
source_heterogeneity_les_rice_paddy_l500_cv2p0_s1_wind3_n1_point,500.0,2.0,1,1,point,exponential,40.0,25,25,1000000.0,0.0,0.0,0.027778,0.027777999999999997,0.0,0.0440398948616532,0.009821643975094635,0.5854235316312623,0.5854235316312623,True,1,nonnegative,1,1,0,0.9999035353096267,9.646469037327687e-05,0.9999035353096267,1.8711250704949685e-07,,57198.05592719486,False,True,uniform,625,kg s-1,ng m-3,ng m-3 / (kg s-1),source_heterogeneity_les_rice_paddy_l500_cv2p0_s1_wind3_surface,0.5854235316312625
source_heterogeneity_les_rice_paddy_l500_cv2p0_s2_wind3_n1_point,500.0,2.0,2,1,point,exponential,40.0,25,25,1000000.0,0.0,0.0,0.027778,0.027778000000000004,0.0,0.04000257341061372,0.009821643975094635,0.44008112213311695,0.44008112213311695,True,1,nonnegative,1,1,0,0.9999035353096267,9.646469037327687e-05,0.9999035353096267,1.5437825674825947e-07,,57198.05592719486,False,True,uniform,625,kg s-1,ng m-3,ng m-3 / (kg s-1),source_heterogeneity_les_rice_paddy_l500_cv2p0_s2_wind3_surface,0.44008112213311673
source_heterogeneity_les_rice_paddy_l500_cv2p0_s3_wind3_n1_point,500.0,2.0,3,1,point,exponential,40.0,25,25,1000000.0,0.0,0.0,0.027778,0.027778000000000004,0.0,0.030344949558615556,0.009821643975094635,0.09240944483460133,0.09240944483460133,True,1,nonnegative,1,1,0,0.9999035353096267,9.646469037327687e-05,0.9999035353096267,8.883479625244449e-08,,57198.05592719486,False,True,uniform,625,kg s-1,ng m-3,ng m-3 / (kg s-1),source_heterogeneity_les_rice_paddy_l500_cv2p0_s3_wind3_surface,0.09240944483460119
source_heterogeneity_les_rice_paddy_l500_cv2p0_s4_wind3_n1_point,500.0,2.0,4,1,point,exponential,40.0,25,25,1000000.0,0.0,0.0,0.027778,0.027777999999999997,0.0,0.01661941397239442,0.009821643975094635,-0.40170588334673407,0.40170588334673407,True,1,nonnegative,1,1,0,0.9999035353096267,9.646469037327687e-05,0.9999035353096267,2.6646592618661806e-08,,57198.05592719486,False,True,uniform,625,kg s-1,ng m-3,ng m-3 / (kg s-1),source_heterogeneity_les_rice_paddy_l500_cv2p0_s4_wind3_surface,0.401705883346734
source_heterogeneity_les_rice_paddy_l500_cv2p0_s5_wind3_n1_point,500.0,2.0,5,1,point,exponential,40.0,25,25,1000000.0,0.0,0.0,0.027778,0.027778000000000004,0.0,0.02126265788086019,0.009821643975094635,-0.23455043988551405,0.23455043988551405,True,1,nonnegative,1,1,0,0.9999035353096267,9.646469037327687e-05,0.9999035353096267,4.361595374099661e-08,,57198.05592719486,False,True,uniform,625,kg s-1,ng m-3,ng m-3 / (kg s-1),source_heterogeneity_les_rice_paddy_l500_cv2p0_s5_wind3_surface,0.23455043988551416
source_heterogeneity_les_rice_paddy_l500_cv2p0_s6_wind3_n1_point,500.0,2.0,6,1,point,exponential,40.0,25,25,1000000.0,0.0,0.0,0.027778,0.027777999999999994,0.0,0.025691108144634874,0.009821643975094635,-0.07512750577309836,0.07512750577309836,True,1,nonnegative,1,1,0,0.9999035353096267,9.646469037327687e-05,0.9999035353096267,6.367602510627015e-08,,57198.05592719486,False,True,uniform,625,kg s-1,ng m-3,ng m-3 / (kg s-1),source_heterogeneity_les_rice_paddy_l500_cv2p0_s6_wind3_surface,0.07512750577309814
source_heterogeneity_les_rice_paddy_l500_cv2p0_s7_wind3_n1_point,500.0,2.0,7,1,point,exponential,40.0,25,25,1000000.0,0.0,0.0,0.027778,0.027778,0.0,0.05487271513969746,0.009821643975094635,0.9754019418135739,0.9754019418135739,True,1,nonnegative,1,1,0,0.9999035353096267,9.646469037327687e-05,0.9999035353096267,2.9048463834864314e-07,,57198.05592719486,False,True,uniform,625,kg s-1,ng m-3,ng m-3 / (kg s-1),source_heterogeneity_les_rice_paddy_l500_cv2p0_s7_wind3_surface,0.9754019418135739
source_heterogeneity_les_rice_paddy_l100_cv0p5_s0_wind3_n2_point,100.0,0.5,0,2,point,exponential,40.0,25,25,1000000.0,0.0,0.0,0.027778,0.027777999999999997,0.0,0.03015751310572461,0.007962775240819868,0.08566178651179385,0.08566178651179385,True,1,nonnegative,2,1,1,0.9999365942104642,6.340578953578646e-05,0.9999365942104642,0.9402969684505755,0.9402969684505755,33673.85844833762,False,True,uniform,625,kg s-1,ng m-3,ng m-3 / (kg s-1),source_heterogeneity_les_rice_paddy_l100_cv0p5_s0_wind3_surface,0.08566178651179397
source_heterogeneity_les_rice_paddy_l100_cv0p5_s1_wind3_n2_point,100.0,0.5,1,2,point,exponential,40.0,25,25,1000000.0,0.0,0.0,0.027778,0.027778000000000004,0.0,0.03150071335264434,0.007962775240819868,0.1340166085623276,0.1340166085623276,True,1,nonnegative,2,1,1,0.9999365942104642,6.340578953578646e-05,0.9999365942104642,0.39613367991325826,0.39613367991325826,33673.85844833762,False,True,uniform,625,kg s-1,ng m-3,ng m-3 / (kg s-1),source_heterogeneity_les_rice_paddy_l100_cv0p5_s1_wind3_surface,0.13401660856232747
source_heterogeneity_les_rice_paddy_l100_cv0p5_s2_wind3_n2_point,100.0,0.5,2,2,point,exponential,40.0,25,25,1000000.0,0.0,0.0,0.027778,0.027777999999999997,0.0,0.028092200572480526,0.007962775240819868,0.011311130120257952,0.011311130120257952,True,1,nonnegative,2,1,1,0.9999365942104642,6.340578953578646e-05,0.9999365942104642,0.28525994974859736,0.28525994974859736,33673.85844833762,False,True,uniform,625,kg s-1,ng m-3,ng m-3 / (kg s-1),source_heterogeneity_les_rice_paddy_l100_cv0p5_s2_wind3_surface,0.011311130120258077
source_heterogeneity_les_rice_paddy_l100_cv0p5_s3_wind3_n2_point,100.0,0.5,3,2,point,exponential,40.0,25,25,1000000.0,0.0,0.0,0.027778,0.027777999999999997,0.0,0.0267756205796463,0.007962775240819868,-0.03608537044976964,0.03608537044976964,True,1,nonnegative,2,1,1,0.9999365942104642,6.340578953578646e-05,0.9999365942104642,0.39855962576611376,0.39855962576611376,33673.85844833762,False,True,uniform,625,kg s-1,ng m-3,ng m-3 / (kg s-1),source_heterogeneity_les_rice_paddy_l100_cv0p5_s3_wind3_surface,0.03608537044976951
source_heterogeneity_les_rice_paddy_l100_cv0p5_s4_wind3_n2_point,100.0,0.5,4,2,point,exponential,40.0,25,25,1000000.0,0.0,0.0,0.027778,0.027777999999999997,0.0,0.029616217133642327,0.007962775240819868,0.06617528740882446,0.06617528740882446,True,1,nonnegative,2,1,1,0.9999365942104642,6.340578953578646e-05,0.9999365942104642,0.08238313966080449,0.08238313966080449,33673.85844833762,False,True,uniform,625,kg s-1,ng m-3,ng m-3 / (kg s-1),source_heterogeneity_les_rice_paddy_l100_cv0p5_s4_wind3_surface,0.0661752874088246
source_heterogeneity_les_rice_paddy_l100_cv0p5_s5_wind3_n2_point,100.0,0.5,5,2,point,exponential,40.0,25,25,1000000.0,0.0,0.0,0.027778,0.027777999999999997,0.0,0.02776748248104331,0.007962775240819868,-0.0003786276534196729,0.0003786276534196729,True,1,nonnegative,2,1,1,0.9999365942104642,6.340578953578646e-05,0.9999365942104642,1.023623129037179,1.023623129037179,33673.85844833762,False,True,uniform,625,kg s-1,ng m-3,ng m-3 / (kg s-1),source_heterogeneity_les_rice_paddy_l100_cv0p5_s5_wind3_surface,0.00037862765341954805
source_heterogeneity_les_rice_paddy_l100_cv0p5_s6_wind3_n2_point,100.0,0.5,6,2,point,exponential,40.0,25,25,1000000.0,0.0,0.0,0.027778,0.027777999999999997,0.0,0.02975012598414799,0.007962775240819868,0.07099596746158796,0.07099596746158796,True,1,nonnegative,2,1,1,0.9999365942104642,6.340578953578646e-05,0.9999365942104642,0.1589268226096854,0.1589268226096854,33673.85844833762,False,True,uniform,625,kg s-1,ng m-3,ng m-3 / (kg s-1),source_heterogeneity_les_rice_paddy_l100_cv0p5_s6_wind3_surface,0.0709959674615881
source_heterogeneity_les_rice_paddy_l100_cv0p5_s7_wind3_n2_point,100.0,0.5,7,2,point,exponential,40.0,25,25,1000000.0,0.0,0.0,0.027778,0.027778000000000004,0.0,0.03118075431141129,0.007962775240819868,0.12249817522540464,0.12249817522540464,True,1,nonnegative,2,1,1,0.9999365942104642,6.340578953578646e-05,0.9999365942104642,0.7837658240260122,0.7837658240260122,33673.85844833762,False,True,uniform,625,kg s-1,ng m-3,ng m-3 / (kg s-1),source_heterogeneity_les_rice_paddy_l100_cv0p5_s7_wind3_surface,0.12249817522540449
source_heterogeneity_les_rice_paddy_l250_cv0p5_s0_wind3_n2_point,250.0,0.5,0,2,point,exponential,40.0,25,25,1000000.0,0.0,0.0,0.027778,0.027778,0.0,0.029786767548140077,0.007962775240819868,0.07231505321261705,0.07231505321261705,True,1,nonnegative,2,1,1,0.9999365942104642,6.340578953578646e-05,0.9999365942104642,0.971633892341387,0.971633892341387,33673.85844833762,False,True,uniform,625,kg s-1,ng m-3,ng m-3 / (kg s-1),source_heterogeneity_les_rice_paddy_l250_cv0p5_s0_wind3_surface,0.07231505321261705
source_heterogeneity_les_rice_paddy_l250_cv0p5_s1_wind3_n2_point,250.0,0.5,1,2,point,exponential,40.0,25,25,1000000.0,0.0,0.0,0.027778,0.027778,0.0,0.0318381826171498,0.007962775240819868,0.14616540489415372,0.14616540489415372,True,1,nonnegative,2,1,1,0.9999365942104642,6.340578953578646e-05,0.9999365942104642,0.2131147311072236,0.2131147311072236,33673.85844833762,False,True,uniform,625,kg s-1,ng m-3,ng m-3 / (kg s-1),source_heterogeneity_les_rice_paddy_l250_cv0p5_s1_wind3_surface,0.14616540489415372
source_heterogeneity_les_rice_paddy_l250_cv0p5_s2_wind3_n2_point,250.0,0.5,2,2,point,exponential,40.0,25,25,1000000.0,0.0,0.0,0.027778,0.027778000000000008,0.0,0.027917577030666163,0.007962775240819868,0.005024732906118598,0.005024732906118598,True,1,nonnegative,2,1,1,0.9999365942104642,6.340578953578646e-05,0.9999365942104642,0.2858397240168799,0.2858397240168799,33673.85844833762,False,True,uniform,625,kg s-1,ng m-3,ng m-3 / (kg s-1),source_heterogeneity_les_rice_paddy_l250_cv0p5_s2_wind3_surface,0.005024732906118347
source_heterogeneity_les_rice_paddy_l250_cv0p5_s3_wind3_n2_point,250.0,0.5,3,2,point,exponential,40.0,25,25,1000000.0,0.0,0.0,0.027778,0.027778000000000004,0.0,0.025753128650013075,0.007962775240819868,-0.0728947854412458,0.0728947854412458,True,1,nonnegative,2,1,1,0.9999365942104642,6.340578953578646e-05,0.9999365942104642,0.5119607590652562,0.5119607590652562,33673.85844833762,False,True,uniform,625,kg s-1,ng m-3,ng m-3 / (kg s-1),source_heterogeneity_les_rice_paddy_l250_cv0p5_s3_wind3_surface,0.07289478544124592
source_heterogeneity_les_rice_paddy_l250_cv0p5_s4_wind3_n2_point,250.0,0.5,4,2,point,exponential,40.0,25,25,1000000.0,0.0,0.0,0.027778,0.027777999999999997,0.0,0.029015782264676444,0.007962775240819868,0.044559805049911576,0.044559805049911576,True,1,nonnegative,2,1,1,0.9999365942104642,6.340578953578646e-05,0.9999365942104642,0.07316435590488957,0.07316435590488957,33673.85844833762,False,True,uniform,625,kg s-1,ng m-3,ng m-3 / (kg s-1),source_heterogeneity_les_rice_paddy_l250_cv0p5_s4_wind3_surface,0.04455980504991171
source_heterogeneity_les_rice_paddy_l250_cv0p5_s5_wind3_n2_point,250.0,0.5,5,2,point,exponential,40.0,25,25,1000000.0,0.0,0.0,0.027778,0.027778000000000004,0.0,0.02763855329677468,0.007962775240819868,-0.0050200411557822615,0.0050200411557822615,True,1,nonnegative,2,1,1,0.9999365942104642,6.340578953578646e-05,0.9999365942104642,1.6375045943657676,1.6375045943657676,33673.85844833762,False,True,uniform,625,kg s-1,ng m-3,ng m-3 / (kg s-1),source_heterogeneity_les_rice_paddy_l250_cv0p5_s5_wind3_surface,0.0050200411557823855
source_heterogeneity_les_rice_paddy_l250_cv0p5_s6_wind3_n2_point,250.0,0.5,6,2,point,exponential,40.0,25,25,1000000.0,0.0,0.0,0.027778,0.027777999999999997,0.0,0.02992481468278904,0.007962775240819868,0.07728471030272305,0.07728471030272305,True,1,nonnegative,2,1,1,0.9999365942104642,6.340578953578646e-05,0.9999365942104642,0.08289428569042567,0.08289428569042567,33673.85844833762,False,True,uniform,625,kg s-1,ng m-3,ng m-3 / (kg s-1),source_heterogeneity_les_rice_paddy_l250_cv0p5_s6_wind3_surface,0.07728471030272319
source_heterogeneity_les_rice_paddy_l250_cv0p5_s7_wind3_n2_point,250.0,0.5,7,2,point,exponential,40.0,25,25,1000000.0,0.0,0.0,0.027778,0.027778000000000004,0.0,0.03189888608027317,0.007962775240819868,0.14835071208413747,0.14835071208413747,True,1,nonnegative,2,1,1,0.9999365942104642,6.340578953578646e-05,0.9999365942104642,0.6543900362751512,0.6543900362751512,33673.85844833762,False,True,uniform,625,kg s-1,ng m-3,ng m-3 / (kg s-1),source_heterogeneity_les_rice_paddy_l250_cv0p5_s7_wind3_surface,0.14835071208413733
source_heterogeneity_les_rice_paddy_l500_cv0p5_s0_wind3_n2_point,500.0,0.5,0,2,point,exponential,40.0,25,25,1000000.0,0.0,0.0,0.027778,0.027778000000000004,0.0,0.02838424075277834,0.007962775240819868,0.02182449250408023,0.02182449250408023,True,1,nonnegative,2,1,1,0.9999365942104642,6.340578953578646e-05,0.9999365942104642,1.4690193692109137,1.4690193692109137,33673.85844833762,False,True,uniform,625,kg s-1,ng m-3,ng m-3 / (kg s-1),source_heterogeneity_les_rice_paddy_l500_cv0p5_s0_wind3_surface,0.0218244925040801
source_heterogeneity_les_rice_paddy_l500_cv0p5_s1_wind3_n2_point,500.0,0.5,1,2,point,exponential,40.0,25,25,1000000.0,0.0,0.0,0.027778,0.027778,0.0,0.03264620792585226,0.007962775240819868,0.17525408329801492,0.17525408329801492,True,1,nonnegative,2,1,1,0.9999365942104642,6.340578953578646e-05,0.9999365942104642,0.9355958282670231,0.9355958282670231,33673.85844833762,False,True,uniform,625,kg s-1,ng m-3,ng m-3 / (kg s-1),source_heterogeneity_les_rice_paddy_l500_cv0p5_s1_wind3_surface,0.17525408329801492
source_heterogeneity_les_rice_paddy_l500_cv0p5_s2_wind3_n2_point,500.0,0.5,2,2,point,exponential,40.0,25,25,1000000.0,0.0,0.0,0.027778,0.027777999999999997,0.0,0.03330385868370611,0.007962775240819868,0.19892932117885054,0.19892932117885054,True,1,nonnegative,2,1,1,0.9999365942104642,6.340578953578646e-05,0.9999365942104642,0.9314262122678695,0.9314262122678695,33673.85844833762,False,True,uniform,625,kg s-1,ng m-3,ng m-3 / (kg s-1),source_heterogeneity_les_rice_paddy_l500_cv0p5_s2_wind3_surface,0.1989293211788507
source_heterogeneity_les_rice_paddy_l500_cv0p5_s3_wind3_n2_point,500.0,0.5,3,2,point,exponential,40.0,25,25,1000000.0,0.0,0.0,0.027778,0.027778000000000004,0.0,0.029370242242641408,0.007962775240819868,0.05732026217299329,0.05732026217299329,True,1,nonnegative,2,1,1,0.9999365942104642,6.340578953578646e-05,0.9999365942104642,0.004948959328014762,0.004948959328014762,33673.85844833762,False,True,uniform,625,kg s-1,ng m-3,ng m-3 / (kg s-1),source_heterogeneity_les_rice_paddy_l500_cv0p5_s3_wind3_surface,0.05732026217299316
source_heterogeneity_les_rice_paddy_l500_cv0p5_s4_wind3_n2_point,500.0,0.5,4,2,point,exponential,40.0,25,25,1000000.0,0.0,0.0,0.027778,0.027778,0.0,0.027452011514128644,0.007962775240819868,-0.011735491607435967,0.011735491607435967,True,1,nonnegative,2,1,1,0.9999365942104642,6.340578953578646e-05,0.9999365942104642,0.8365799923627147,0.8365799923627147,33673.85844833762,False,True,uniform,625,kg s-1,ng m-3,ng m-3 / (kg s-1),source_heterogeneity_les_rice_paddy_l500_cv0p5_s4_wind3_surface,0.011735491607435967
source_heterogeneity_les_rice_paddy_l500_cv0p5_s5_wind3_n2_point,500.0,0.5,5,2,point,exponential,40.0,25,25,1000000.0,0.0,0.0,0.027778,0.027777999999999997,0.0,0.028912567271703823,0.007962775240819868,0.04084409502857737,0.04084409502857737,True,1,nonnegative,2,1,1,0.9999365942104642,6.340578953578646e-05,0.9999365942104642,1.6549179099517053,1.6549179099517053,33673.85844833762,False,True,uniform,625,kg s-1,ng m-3,ng m-3 / (kg s-1),source_heterogeneity_les_rice_paddy_l500_cv0p5_s5_wind3_surface,0.0408440950285775
source_heterogeneity_les_rice_paddy_l500_cv0p5_s6_wind3_n2_point,500.0,0.5,6,2,point,exponential,40.0,25,25,1000000.0,0.0,0.0,0.027778,0.027778000000000004,0.0,0.030919091927967598,0.007962775240819868,0.11307840477959526,0.11307840477959526,True,1,nonnegative,2,1,1,0.9999365942104642,6.340578953578646e-05,0.9999365942104642,3.033094270811088,3.033094270811088,33673.85844833762,False,True,uniform,625,kg s-1,ng m-3,ng m-3 / (kg s-1),source_heterogeneity_les_rice_paddy_l500_cv0p5_s6_wind3_surface,0.11307840477959512
source_heterogeneity_les_rice_paddy_l500_cv0p5_s7_wind3_n2_point,500.0,0.5,7,2,point,exponential,40.0,25,25,1000000.0,0.0,0.0,0.027778,0.027778,0.0,0.03571131853188455,0.007962775240819868,0.2855971823703848,0.2855971823703848,True,1,nonnegative,2,1,1,0.9999365942104642,6.340578953578646e-05,0.9999365942104642,0.7373893562436804,0.7373893562436804,33673.85844833762,False,True,uniform,625,kg s-1,ng m-3,ng m-3 / (kg s-1),source_heterogeneity_les_rice_paddy_l500_cv0p5_s7_wind3_surface,0.2855971823703848
source_heterogeneity_les_rice_paddy_l100_cv1p0_s0_wind3_n2_point,100.0,1.0,0,2,point,exponential,40.0,25,25,1000000.0,0.0,0.0,0.027778,0.027778000000000004,0.0,0.029706834589175113,0.007962775240819868,0.06943748971038635,0.06943748971038635,True,1,nonnegative,2,1,1,0.9999365942104642,6.340578953578646e-05,0.9999365942104642,1.2526668400626577,1.2526668400626577,33673.85844833762,False,True,uniform,625,kg s-1,ng m-3,ng m-3 / (kg s-1),source_heterogeneity_les_rice_paddy_l100_cv1p0_s0_wind3_surface,0.06943748971038623
source_heterogeneity_les_rice_paddy_l100_cv1p0_s1_wind3_n2_point,100.0,1.0,1,2,point,exponential,40.0,25,25,1000000.0,0.0,0.0,0.027778,0.027777999999999997,0.0,0.032297601071512236,0.007962775240819868,0.16270433693974495,0.16270433693974495,True,1,nonnegative,2,1,1,0.9999365942104642,6.340578953578646e-05,0.9999365942104642,0.2606019009822043,0.2606019009822043,33673.85844833762,False,True,uniform,625,kg s-1,ng m-3,ng m-3 / (kg s-1),source_heterogeneity_les_rice_paddy_l100_cv1p0_s1_wind3_surface,0.1627043369397451
source_heterogeneity_les_rice_paddy_l100_cv1p0_s2_wind3_n2_point,100.0,1.0,2,2,point,exponential,40.0,25,25,1000000.0,0.0,0.0,0.027778,0.027778000000000004,0.0,0.026571019000086078,0.007962775240819868,-0.04345096838915409,0.04345096838915409,True,1,nonnegative,2,1,1,0.9999365942104642,6.340578953578646e-05,0.9999365942104642,0.08783677161531844,0.08783677161531844,33673.85844833762,False,True,uniform,625,kg s-1,ng m-3,ng m-3 / (kg s-1),source_heterogeneity_les_rice_paddy_l100_cv1p0_s2_wind3_surface,0.04345096838915421
source_heterogeneity_les_rice_paddy_l100_cv1p0_s3_wind3_n2_point,100.0,1.0,3,2,point,exponential,40.0,25,25,1000000.0,0.0,0.0,0.027778,0.027778000000000004,0.0,0.024608092343464602,0.007962775240819868,-0.11411576270917267,0.11411576270917267,True,1,nonnegative,2,1,1,0.9999365942104642,6.340578953578646e-05,0.9999365942104642,0.432927789614723,0.432927789614723,33673.85844833762,False,True,uniform,625,kg s-1,ng m-3,ng m-3 / (kg s-1),source_heterogeneity_les_rice_paddy_l100_cv1p0_s3_wind3_surface,0.11411576270917279
source_heterogeneity_les_rice_paddy_l100_cv1p0_s4_wind3_n2_point,100.0,1.0,4,2,point,exponential,40.0,25,25,1000000.0,0.0,0.0,0.027778,0.027778,0.0,0.029693826929703435,0.007962775240819868,0.06896921771558193,0.06896921771558193,True,1,nonnegative,2,1,1,0.9999365942104642,6.340578953578646e-05,0.9999365942104642,0.004506456400315257,0.004506456400315257,33673.85844833762,False,True,uniform,625,kg s-1,ng m-3,ng m-3 / (kg s-1),source_heterogeneity_les_rice_paddy_l100_cv1p0_s4_wind3_surface,0.06896921771558193
source_heterogeneity_les_rice_paddy_l100_cv1p0_s5_wind3_n2_point,100.0,1.0,5,2,point,exponential,40.0,25,25,1000000.0,0.0,0.0,0.027778,0.027777999999999997,0.0,0.024675376475133428,0.007962775240819868,-0.11169355334676984,0.11169355334676984,True,1,nonnegative,2,1,1,0.9999365942104642,6.340578953578646e-05,0.9999365942104642,1.2689206411866472,1.2689206411866472,33673.85844833762,False,True,uniform,625,kg s-1,ng m-3,ng m-3 / (kg s-1),source_heterogeneity_les_rice_paddy_l100_cv1p0_s5_wind3_surface,0.11169355334676973
source_heterogeneity_les_rice_paddy_l100_cv1p0_s6_wind3_n2_point,100.0,1.0,6,2,point,exponential,40.0,25,25,1000000.0,0.0,0.0,0.027778,0.027778000000000004,0.0,0.02943913156496747,0.007962775240819868,0.05980025793676536,0.05980025793676536,True,1,nonnegative,2,1,1,0.9999365942104642,6.340578953578646e-05,0.9999365942104642,0.05940076337377398,0.05940076337377398,33673.85844833762,False,True,uniform,625,kg s-1,ng m-3,ng m-3 / (kg s-1),source_heterogeneity_les_rice_paddy_l100_cv1p0_s6_wind3_surface,0.05980025793676523
source_heterogeneity_les_rice_paddy_l100_cv1p0_s7_wind3_n2_point,100.0,1.0,7,2,point,exponential,40.0,25,25,1000000.0,0.0,0.0,0.027778,0.027778,0.0,0.03196596561275884,0.007962775240819868,0.15076555593487084,0.15076555593487084,True,1,nonnegative,2,1,1,0.9999365942104642,6.340578953578646e-05,0.9999365942104642,1.246000809144585,1.246000809144585,33673.85844833762,False,True,uniform,625,kg s-1,ng m-3,ng m-3 / (kg s-1),source_heterogeneity_les_rice_paddy_l100_cv1p0_s7_wind3_surface,0.15076555593487084
source_heterogeneity_les_rice_paddy_l250_cv1p0_s0_wind3_n2_point,250.0,1.0,0,2,point,exponential,40.0,25,25,1000000.0,0.0,0.0,0.027778,0.027778000000000004,0.0,0.02885671469624116,0.007962775240819868,0.038833418397334576,0.038833418397334576,True,1,nonnegative,2,1,1,0.9999365942104642,6.340578953578646e-05,0.9999365942104642,1.207045512285674,1.207045512285674,33673.85844833762,False,True,uniform,625,kg s-1,ng m-3,ng m-3 / (kg s-1),source_heterogeneity_les_rice_paddy_l250_cv1p0_s0_wind3_surface,0.038833418397334445
source_heterogeneity_les_rice_paddy_l250_cv1p0_s1_wind3_n2_point,250.0,1.0,1,2,point,exponential,40.0,25,25,1000000.0,0.0,0.0,0.027778,0.027778000000000004,0.0,0.03295528687905223,0.007962775240819868,0.18638083659918736,0.18638083659918736,True,1,nonnegative,2,1,1,0.9999365942104642,6.340578953578646e-05,0.9999365942104642,0.039850410908879134,0.039850410908879134,33673.85844833762,False,True,uniform,625,kg s-1,ng m-3,ng m-3 / (kg s-1),source_heterogeneity_les_rice_paddy_l250_cv1p0_s1_wind3_surface,0.18638083659918722
source_heterogeneity_les_rice_paddy_l250_cv1p0_s2_wind3_n2_point,250.0,1.0,2,2,point,exponential,40.0,25,25,1000000.0,0.0,0.0,0.027778,0.027778000000000004,0.0,0.02652432924789076,0.007962775240819868,-0.04513178602164451,0.04513178602164451,True,1,nonnegative,2,1,1,0.9999365942104642,6.340578953578646e-05,0.9999365942104642,0.10398211060019186,0.10398211060019186,33673.85844833762,False,True,uniform,625,kg s-1,ng m-3,ng m-3 / (kg s-1),source_heterogeneity_les_rice_paddy_l250_cv1p0_s2_wind3_surface,0.04513178602164463
source_heterogeneity_les_rice_paddy_l250_cv1p0_s3_wind3_n2_point,250.0,1.0,3,2,point,exponential,40.0,25,25,1000000.0,0.0,0.0,0.027778,0.027777999999999997,0.0,0.022807813885840918,0.007962775240819868,-0.17892526870757733,0.17892526870757733,True,1,nonnegative,2,1,1,0.9999365942104642,6.340578953578646e-05,0.9999365942104642,0.6364655339067198,0.6364655339067198,33673.85844833762,False,True,uniform,625,kg s-1,ng m-3,ng m-3 / (kg s-1),source_heterogeneity_les_rice_paddy_l250_cv1p0_s3_wind3_surface,0.17892526870757722
source_heterogeneity_les_rice_paddy_l250_cv1p0_s4_wind3_n2_point,250.0,1.0,4,2,point,exponential,40.0,25,25,1000000.0,0.0,0.0,0.027778,0.027778000000000004,0.0,0.02837842195082687,0.007962775240819868,0.021615017309628802,0.021615017309628802,True,1,nonnegative,2,1,1,0.9999365942104642,6.340578953578646e-05,0.9999365942104642,0.00016841023220716967,0.00016841023220716967,33673.85844833762,False,True,uniform,625,kg s-1,ng m-3,ng m-3 / (kg s-1),source_heterogeneity_les_rice_paddy_l250_cv1p0_s4_wind3_surface,0.021615017309628677
source_heterogeneity_les_rice_paddy_l250_cv1p0_s5_wind3_n2_point,250.0,1.0,5,2,point,exponential,40.0,25,25,1000000.0,0.0,0.0,0.027778,0.027777999999999997,0.0,0.0240084443826102,0.007962775240819868,-0.13570291660269998,0.13570291660269998,True,1,nonnegative,2,1,1,0.9999365942104642,6.340578953578646e-05,0.9999365942104642,2.322124216379028,2.322124216379028,33673.85844833762,False,True,uniform,625,kg s-1,ng m-3,ng m-3 / (kg s-1),source_heterogeneity_les_rice_paddy_l250_cv1p0_s5_wind3_surface,0.13570291660269987
source_heterogeneity_les_rice_paddy_l250_cv1p0_s6_wind3_n2_point,250.0,1.0,6,2,point,exponential,40.0,25,25,1000000.0,0.0,0.0,0.027778,0.027777999999999997,0.0,0.029632838932963795,0.007962775240819868,0.0667736673973574,0.0667736673973574,True,1,nonnegative,2,1,1,0.9999365942104642,6.340578953578646e-05,0.9999365942104642,0.002445551765243033,0.002445551765243033,33673.85844833762,False,True,uniform,625,kg s-1,ng m-3,ng m-3 / (kg s-1),source_heterogeneity_les_rice_paddy_l250_cv1p0_s6_wind3_surface,0.06677366739735754
source_heterogeneity_les_rice_paddy_l250_cv1p0_s7_wind3_n2_point,250.0,1.0,7,2,point,exponential,40.0,25,25,1000000.0,0.0,0.0,0.027778,0.027777999999999997,0.0,0.03287599466442424,0.007962775240819868,0.18352633970855506,0.18352633970855506,True,1,nonnegative,2,1,1,0.9999365942104642,6.340578953578646e-05,0.9999365942104642,0.9328708833853565,0.9328708833853565,33673.85844833762,False,True,uniform,625,kg s-1,ng m-3,ng m-3 / (kg s-1),source_heterogeneity_les_rice_paddy_l250_cv1p0_s7_wind3_surface,0.18352633970855523
source_heterogeneity_les_rice_paddy_l500_cv1p0_s0_wind3_n2_point,500.0,1.0,0,2,point,exponential,40.0,25,25,1000000.0,0.0,0.0,0.027778,0.027777999999999997,0.0,0.02627872293164414,0.007962775240819868,-0.05397354267246956,0.05397354267246956,True,1,nonnegative,2,1,1,0.9999365942104642,6.340578953578646e-05,0.9999365942104642,2.3414517166826343,2.3414517166826343,33673.85844833762,False,True,uniform,625,kg s-1,ng m-3,ng m-3 / (kg s-1),source_heterogeneity_les_rice_paddy_l500_cv1p0_s0_wind3_surface,0.05397354267246944
source_heterogeneity_les_rice_paddy_l500_cv1p0_s1_wind3_n2_point,500.0,1.0,1,2,point,exponential,40.0,25,25,1000000.0,0.0,0.0,0.027778,0.027778000000000004,0.0,0.034603186243348585,0.007962775240819868,0.24570473912263607,0.24570473912263607,True,1,nonnegative,2,1,1,0.9999365942104642,6.340578953578646e-05,0.9999365942104642,1.5378167520224038,1.5378167520224038,33673.85844833762,False,True,uniform,625,kg s-1,ng m-3,ng m-3 / (kg s-1),source_heterogeneity_les_rice_paddy_l500_cv1p0_s1_wind3_surface,0.2457047391226359
source_heterogeneity_les_rice_paddy_l500_cv1p0_s2_wind3_n2_point,500.0,1.0,2,2,point,exponential,40.0,25,25,1000000.0,0.0,0.0,0.027778,0.027777999999999997,0.0,0.035649037868451916,0.007962775240819868,0.28335509642349754,0.28335509642349754,True,1,nonnegative,2,1,1,0.9999365942104642,6.340578953578646e-05,0.9999365942104642,1.4511564018827219,1.4511564018827219,33673.85844833762,False,True,uniform,625,kg s-1,ng m-3,ng m-3 / (kg s-1),source_heterogeneity_les_rice_paddy_l500_cv1p0_s2_wind3_surface,0.2833550964234977
source_heterogeneity_les_rice_paddy_l500_cv1p0_s3_wind3_n2_point,500.0,1.0,3,2,point,exponential,40.0,25,25,1000000.0,0.0,0.0,0.027778,0.027777999999999997,0.0,0.02869818792016413,0.007962775240819868,0.033126500113907706,0.033126500113907706,True,1,nonnegative,2,1,1,0.9999365942104642,6.340578953578646e-05,0.9999365942104642,0.3295217092488022,0.3295217092488022,33673.85844833762,False,True,uniform,625,kg s-1,ng m-3,ng m-3 / (kg s-1),source_heterogeneity_les_rice_paddy_l500_cv1p0_s3_wind3_surface,0.03312650011390784
source_heterogeneity_les_rice_paddy_l500_cv1p0_s4_wind3_n2_point,500.0,1.0,4,2,point,exponential,40.0,25,25,1000000.0,0.0,0.0,0.027778,0.027778000000000004,0.0,0.024910048738426286,0.007962775240819868,-0.1032454194532981,0.1032454194532981,True,1,nonnegative,2,1,1,0.9999365942104642,6.340578953578646e-05,0.9999365942104642,1.0713626324488539,1.0713626324488539,33673.85844833762,False,True,uniform,625,kg s-1,ng m-3,ng m-3 / (kg s-1),source_heterogeneity_les_rice_paddy_l500_cv1p0_s4_wind3_surface,0.10324541945329821
source_heterogeneity_les_rice_paddy_l500_cv1p0_s5_wind3_n2_point,500.0,1.0,5,2,point,exponential,40.0,25,25,1000000.0,0.0,0.0,0.027778,0.027778,0.0,0.02786233877874665,0.007962775240819868,0.003036171745505446,0.003036171745505446,True,1,nonnegative,2,1,1,0.9999365942104642,6.340578953578646e-05,0.9999365942104642,2.4160504874940503,2.4160504874940503,33673.85844833762,False,True,uniform,625,kg s-1,ng m-3,ng m-3 / (kg s-1),source_heterogeneity_les_rice_paddy_l500_cv1p0_s5_wind3_surface,0.003036171745505446
source_heterogeneity_les_rice_paddy_l500_cv1p0_s6_wind3_n2_point,500.0,1.0,6,2,point,exponential,40.0,25,25,1000000.0,0.0,0.0,0.027778,0.027778000000000004,0.0,0.031299635760547666,0.007962775240819868,0.1267778731567307,0.1267778731567307,True,1,nonnegative,2,1,1,0.9999365942104642,6.340578953578646e-05,0.9999365942104642,5.501453684330027,5.501453684330027,33673.85844833762,False,True,uniform,625,kg s-1,ng m-3,ng m-3 / (kg s-1),source_heterogeneity_les_rice_paddy_l500_cv1p0_s6_wind3_surface,0.12677787315673056
source_heterogeneity_les_rice_paddy_l500_cv1p0_s7_wind3_n2_point,500.0,1.0,7,2,point,exponential,40.0,25,25,1000000.0,0.0,0.0,0.027778,0.027777999999999997,0.0,0.039981720927872666,0.007962775240819868,0.43933043875990585,0.43933043875990585,True,1,nonnegative,2,1,1,0.9999365942104642,6.340578953578646e-05,0.9999365942104642,0.9251062058123374,0.9251062058123374,33673.85844833762,False,True,uniform,625,kg s-1,ng m-3,ng m-3 / (kg s-1),source_heterogeneity_les_rice_paddy_l500_cv1p0_s7_wind3_surface,0.439330438759906
source_heterogeneity_les_rice_paddy_l100_cv2p0_s0_wind3_n2_point,100.0,2.0,0,2,point,exponential,40.0,25,25,1000000.0,0.0,0.0,0.027778,0.027778,0.0,0.02858730787121155,0.007962775240819868,0.029134850284813503,0.029134850284813503,True,1,nonnegative,2,1,1,0.9999365942104642,6.340578953578646e-05,0.9999365942104642,1.5182298745176919,1.5182298745176919,33673.85844833762,False,True,uniform,625,kg s-1,ng m-3,ng m-3 / (kg s-1),source_heterogeneity_les_rice_paddy_l100_cv2p0_s0_wind3_surface,0.029134850284813503
source_heterogeneity_les_rice_paddy_l100_cv2p0_s1_wind3_n2_point,100.0,2.0,1,2,point,exponential,40.0,25,25,1000000.0,0.0,0.0,0.027778,0.027778000000000004,0.0,0.03313617013280641,0.007962775240819868,0.19289258164037765,0.19289258164037765,True,1,nonnegative,2,1,1,0.9999365942104642,6.340578953578646e-05,0.9999365942104642,0.1074458172901003,0.1074458172901003,33673.85844833762,False,True,uniform,625,kg s-1,ng m-3,ng m-3 / (kg s-1),source_heterogeneity_les_rice_paddy_l100_cv2p0_s1_wind3_surface,0.1928925816403775
source_heterogeneity_les_rice_paddy_l100_cv2p0_s2_wind3_n2_point,100.0,2.0,2,2,point,exponential,40.0,25,25,1000000.0,0.0,0.0,0.027778,0.027777999999999997,0.0,0.025064815807518005,0.007962775240819868,-0.09767384953855554,0.09767384953855554,True,1,nonnegative,2,1,1,0.9999365942104642,6.340578953578646e-05,0.9999365942104642,0.0004517682332603924,0.0004517682332603924,33673.85844833762,False,True,uniform,625,kg s-1,ng m-3,ng m-3 / (kg s-1),source_heterogeneity_les_rice_paddy_l100_cv2p0_s2_wind3_surface,0.09767384953855543
source_heterogeneity_les_rice_paddy_l100_cv2p0_s3_wind3_n2_point,100.0,2.0,3,2,point,exponential,40.0,25,25,1000000.0,0.0,0.0,0.027778,0.027777999999999997,0.0,0.022459019955749247,0.007962775240819868,-0.1914817497390292,0.1914817497390292,True,1,nonnegative,2,1,1,0.9999365942104642,6.340578953578646e-05,0.9999365942104642,0.5626257826942973,0.5626257826942973,33673.85844833762,False,True,uniform,625,kg s-1,ng m-3,ng m-3 / (kg s-1),source_heterogeneity_les_rice_paddy_l100_cv2p0_s3_wind3_surface,0.1914817497390291
source_heterogeneity_les_rice_paddy_l100_cv2p0_s4_wind3_n2_point,100.0,2.0,4,2,point,exponential,40.0,25,25,1000000.0,0.0,0.0,0.027778,0.027778000000000004,0.0,0.030459698042813673,0.007962775240819868,0.09654035721843446,0.09654035721843446,True,1,nonnegative,2,1,1,0.9999365942104642,6.340578953578646e-05,0.9999365942104642,0.22545811985155947,0.22545811985155947,33673.85844833762,False,True,uniform,625,kg s-1,ng m-3,ng m-3 / (kg s-1),source_heterogeneity_les_rice_paddy_l100_cv2p0_s4_wind3_surface,0.09654035721843432
source_heterogeneity_les_rice_paddy_l100_cv2p0_s5_wind3_n2_point,100.0,2.0,5,2,point,exponential,40.0,25,25,1000000.0,0.0,0.0,0.027778,0.027778000000000004,0.0,0.018229130790918615,0.007962775240819868,-0.34375654147459805,0.34375654147459805,True,1,nonnegative,2,1,1,0.9999365942104642,6.340578953578646e-05,0.9999365942104642,1.1424184286509236,1.1424184286509236,33673.85844833762,False,True,uniform,625,kg s-1,ng m-3,ng m-3 / (kg s-1),source_heterogeneity_les_rice_paddy_l100_cv2p0_s5_wind3_surface,0.34375654147459817
source_heterogeneity_les_rice_paddy_l100_cv2p0_s6_wind3_n2_point,100.0,2.0,6,2,point,exponential,40.0,25,25,1000000.0,0.0,0.0,0.027778,0.027777999999999997,0.0,0.029368214459422386,0.007962775240819868,0.05724726256110537,0.05724726256110537,True,1,nonnegative,2,1,1,0.9999365942104642,6.340578953578646e-05,0.9999365942104642,0.013509723872404747,0.013509723872404747,33673.85844833762,False,True,uniform,625,kg s-1,ng m-3,ng m-3 / (kg s-1),source_heterogeneity_les_rice_paddy_l100_cv2p0_s6_wind3_surface,0.0572472625611055
source_heterogeneity_les_rice_paddy_l100_cv2p0_s7_wind3_n2_point,100.0,2.0,7,2,point,exponential,40.0,25,25,1000000.0,0.0,0.0,0.027778,0.027778000000000004,0.0,0.03310955043900742,0.007962775240819868,0.19193428033002452,0.19193428033002452,True,1,nonnegative,2,1,1,0.9999365942104642,6.340578953578646e-05,0.9999365942104642,2.5576387605865905,2.5576387605865905,33673.85844833762,False,True,uniform,625,kg s-1,ng m-3,ng m-3 / (kg s-1),source_heterogeneity_les_rice_paddy_l100_cv2p0_s7_wind3_surface,0.19193428033002438
source_heterogeneity_les_rice_paddy_l250_cv2p0_s0_wind3_n2_point,250.0,2.0,0,2,point,exponential,40.0,25,25,1000000.0,0.0,0.0,0.027778,0.027778000000000004,0.0,0.02717344514995423,0.007962775240819868,-0.021763800491243792,0.021763800491243792,True,1,nonnegative,2,1,1,0.9999365942104642,6.340578953578646e-05,0.9999365942104642,1.2141190197892722,1.2141190197892722,33673.85844833762,False,True,uniform,625,kg s-1,ng m-3,ng m-3 / (kg s-1),source_heterogeneity_les_rice_paddy_l250_cv2p0_s0_wind3_surface,0.021763800491243913
source_heterogeneity_les_rice_paddy_l250_cv2p0_s1_wind3_n2_point,250.0,2.0,1,2,point,exponential,40.0,25,25,1000000.0,0.0,0.0,0.027778,0.027778,0.0,0.034371081737365125,0.007962775240819868,0.23734904375279445,0.23734904375279445,True,1,nonnegative,2,1,1,0.9999365942104642,6.340578953578646e-05,0.9999365942104642,0.03201294461114397,0.03201294461114397,33673.85844833762,False,True,uniform,625,kg s-1,ng m-3,ng m-3 / (kg s-1),source_heterogeneity_les_rice_paddy_l250_cv2p0_s1_wind3_surface,0.23734904375279445
source_heterogeneity_les_rice_paddy_l250_cv2p0_s2_wind3_n2_point,250.0,2.0,2,2,point,exponential,40.0,25,25,1000000.0,0.0,0.0,0.027778,0.027778000000000004,0.0,0.02533385530767247,0.007962775240819868,-0.08798850501575098,0.08798850501575098,True,1,nonnegative,2,1,1,0.9999365942104642,6.340578953578646e-05,0.9999365942104642,0.003547098966122028,0.003547098966122028,33673.85844833762,False,True,uniform,625,kg s-1,ng m-3,ng m-3 / (kg s-1),source_heterogeneity_les_rice_paddy_l250_cv2p0_s2_wind3_surface,0.0879885050157511
source_heterogeneity_les_rice_paddy_l250_cv2p0_s3_wind3_n2_point,250.0,2.0,3,2,point,exponential,40.0,25,25,1000000.0,0.0,0.0,0.027778,0.027778000000000004,0.0,0.01989557359976024,0.007962775240819868,-0.283765080287989,0.283765080287989,True,1,nonnegative,2,1,1,0.9999365942104642,6.340578953578646e-05,0.9999365942104642,0.8831362119207514,0.8831362119207514,33673.85844833762,False,True,uniform,625,kg s-1,ng m-3,ng m-3 / (kg s-1),source_heterogeneity_les_rice_paddy_l250_cv2p0_s3_wind3_surface,0.28376508028798914
source_heterogeneity_les_rice_paddy_l250_cv2p0_s4_wind3_n2_point,250.0,2.0,4,2,point,exponential,40.0,25,25,1000000.0,0.0,0.0,0.027778,0.027778000000000004,0.0,0.028063249066468086,0.007962775240819868,0.010268884241777155,0.010268884241777155,True,1,nonnegative,2,1,1,0.9999365942104642,6.340578953578646e-05,0.9999365942104642,0.07861103761203969,0.07861103761203969,33673.85844833762,False,True,uniform,625,kg s-1,ng m-3,ng m-3 / (kg s-1),source_heterogeneity_les_rice_paddy_l250_cv2p0_s4_wind3_surface,0.010268884241777028
source_heterogeneity_les_rice_paddy_l250_cv2p0_s5_wind3_n2_point,250.0,2.0,5,2,point,exponential,40.0,25,25,1000000.0,0.0,0.0,0.027778,0.027778,0.0,0.017722299518807452,0.007962775240819868,-0.3620023213043613,0.3620023213043613,True,1,nonnegative,2,1,1,0.9999365942104642,6.340578953578646e-05,0.9999365942104642,2.2217888867627815,2.2217888867627815,33673.85844833762,False,True,uniform,625,kg s-1,ng m-3,ng m-3 / (kg s-1),source_heterogeneity_les_rice_paddy_l250_cv2p0_s5_wind3_surface,0.3620023213043613
source_heterogeneity_les_rice_paddy_l250_cv2p0_s6_wind3_n2_point,250.0,2.0,6,2,point,exponential,40.0,25,25,1000000.0,0.0,0.0,0.027778,0.027778,0.0,0.029465284686794917,0.007962775240819868,0.06074176279051468,0.06074176279051468,True,1,nonnegative,2,1,1,0.9999365942104642,6.340578953578646e-05,0.9999365942104642,0.02436559932213643,0.02436559932213643,33673.85844833762,False,True,uniform,625,kg s-1,ng m-3,ng m-3 / (kg s-1),source_heterogeneity_les_rice_paddy_l250_cv2p0_s6_wind3_surface,0.06074176279051468
source_heterogeneity_les_rice_paddy_l250_cv2p0_s7_wind3_n2_point,250.0,2.0,7,2,point,exponential,40.0,25,25,1000000.0,0.0,0.0,0.027778,0.027778000000000004,0.0,0.03381358294611519,0.007962775240819868,0.21727924782616412,0.21727924782616412,True,1,nonnegative,2,1,1,0.9999365942104642,6.340578953578646e-05,0.9999365942104642,1.7269903309141927,1.7269903309141927,33673.85844833762,False,True,uniform,625,kg s-1,ng m-3,ng m-3 / (kg s-1),source_heterogeneity_les_rice_paddy_l250_cv2p0_s7_wind3_surface,0.21727924782616398
source_heterogeneity_les_rice_paddy_l500_cv2p0_s0_wind3_n2_point,500.0,2.0,0,2,point,exponential,40.0,25,25,1000000.0,0.0,0.0,0.027778,0.027777999999999994,0.0,0.023456681949260424,0.007962775240819868,-0.1555662052969824,0.1555662052969824,True,1,nonnegative,2,1,1,0.9999365942104642,6.340578953578646e-05,0.9999365942104642,3.2572478420383457,3.2572478420383457,33673.85844833762,False,True,uniform,625,kg s-1,ng m-3,ng m-3 / (kg s-1),source_heterogeneity_les_rice_paddy_l500_cv2p0_s0_wind3_surface,0.15556620529698217
source_heterogeneity_les_rice_paddy_l500_cv2p0_s1_wind3_n2_point,500.0,2.0,1,2,point,exponential,40.0,25,25,1000000.0,0.0,0.0,0.027778,0.027777999999999997,0.0,0.037097096567074626,0.007962775240819868,0.3354847925363462,0.3354847925363462,True,1,nonnegative,2,1,1,0.9999365942104642,6.340578953578646e-05,0.9999365942104642,2.759893817873208,2.759893817873208,33673.85844833762,False,True,uniform,625,kg s-1,ng m-3,ng m-3 / (kg s-1),source_heterogeneity_les_rice_paddy_l500_cv2p0_s1_wind3_surface,0.3354847925363464
source_heterogeneity_les_rice_paddy_l500_cv2p0_s2_wind3_n2_point,500.0,2.0,2,2,point,exponential,40.0,25,25,1000000.0,0.0,0.0,0.027778,0.027778000000000004,0.0,0.03844600570342698,0.007962775240819868,0.38404513296230763,0.38404513296230763,True,1,nonnegative,2,1,1,0.9999365942104642,6.340578953578646e-05,0.9999365942104642,2.3530049367770873,2.3530049367770873,33673.85844833762,False,True,uniform,625,kg s-1,ng m-3,ng m-3 / (kg s-1),source_heterogeneity_les_rice_paddy_l500_cv2p0_s2_wind3_surface,0.38404513296230747
source_heterogeneity_les_rice_paddy_l500_cv2p0_s3_wind3_n2_point,500.0,2.0,3,2,point,exponential,40.0,25,25,1000000.0,0.0,0.0,0.027778,0.027778000000000004,0.0,0.02794753076614009,0.007962775240819868,0.006103058756573185,0.006103058756573185,True,1,nonnegative,2,1,1,0.9999365942104642,6.340578953578646e-05,0.9999365942104642,1.1025022349866231,1.1025022349866231,33673.85844833762,False,True,uniform,625,kg s-1,ng m-3,ng m-3 / (kg s-1),source_heterogeneity_les_rice_paddy_l500_cv2p0_s3_wind3_surface,0.006103058756573059
source_heterogeneity_les_rice_paddy_l500_cv2p0_s4_wind3_n2_point,500.0,2.0,4,2,point,exponential,40.0,25,25,1000000.0,0.0,0.0,0.027778,0.027777999999999997,0.0,0.021776171192696467,0.007962775240819868,-0.2160641085500588,0.2160641085500588,True,1,nonnegative,2,1,1,0.9999365942104642,6.340578953578646e-05,0.9999365942104642,1.3799929825851303,1.3799929825851303,33673.85844833762,False,True,uniform,625,kg s-1,ng m-3,ng m-3 / (kg s-1),source_heterogeneity_les_rice_paddy_l500_cv2p0_s4_wind3_surface,0.21606410855005873
source_heterogeneity_les_rice_paddy_l500_cv2p0_s5_wind3_n2_point,500.0,2.0,5,2,point,exponential,40.0,25,25,1000000.0,0.0,0.0,0.027778,0.027778000000000004,0.0,0.02655617186251394,0.007962775240819868,-0.0439854610658097,0.0439854610658097,True,1,nonnegative,2,1,1,0.9999365942104642,6.340578953578646e-05,0.9999365942104642,2.9732714283034802,2.9732714283034802,33673.85844833762,False,True,uniform,625,kg s-1,ng m-3,ng m-3 / (kg s-1),source_heterogeneity_les_rice_paddy_l500_cv2p0_s5_wind3_surface,0.04398546106580982
source_heterogeneity_les_rice_paddy_l500_cv2p0_s6_wind3_n2_point,500.0,2.0,6,2,point,exponential,40.0,25,25,1000000.0,0.0,0.0,0.027778,0.027777999999999994,0.0,0.03159416942165267,0.007962775240819868,0.137381000131495,0.137381000131495,True,1,nonnegative,2,1,1,0.9999365942104642,6.340578953578646e-05,0.9999365942104642,8.344917836531,8.344917836531,33673.85844833762,False,True,uniform,625,kg s-1,ng m-3,ng m-3 / (kg s-1),source_heterogeneity_les_rice_paddy_l500_cv2p0_s6_wind3_surface,0.13738100013149532
source_heterogeneity_les_rice_paddy_l500_cv2p0_s7_wind3_n2_point,500.0,2.0,7,2,point,exponential,40.0,25,25,1000000.0,0.0,0.0,0.027778,0.027778,0.0,0.04503557258701333,0.007962775240819868,0.6212676429913359,0.6212676429913359,True,1,nonnegative,2,1,1,0.9999365942104642,6.340578953578646e-05,0.9999365942104642,1.1266350046368303,1.1266350046368303,33673.85844833762,False,True,uniform,625,kg s-1,ng m-3,ng m-3 / (kg s-1),source_heterogeneity_les_rice_paddy_l500_cv2p0_s7_wind3_surface,0.6212676429913359
source_heterogeneity_les_rice_paddy_l100_cv0p5_s0_wind3_n3_point,100.0,0.5,0,3,point,exponential,40.0,25,25,1000000.0,0.0,0.0,0.027778,0.027777999999999997,0.0,0.030245349911869304,0.006713805683776611,0.08882388623620502,0.08882388623620502,True,1,nonnegative,3,1,2,0.9999549248132404,4.5075186759557795e-05,0.9999549248132404,1.1674408427368856,0.5837204213684428,35037.83426542795,False,True,uniform,625,kg s-1,ng m-3,ng m-3 / (kg s-1),source_heterogeneity_les_rice_paddy_l100_cv0p5_s0_wind3_surface,0.08882388623620514
source_heterogeneity_les_rice_paddy_l100_cv0p5_s1_wind3_n3_point,100.0,0.5,1,3,point,exponential,40.0,25,25,1000000.0,0.0,0.0,0.027778,0.027778000000000004,0.0,0.03165863982858397,0.006713805683776611,0.1397019162136931,0.1397019162136931,True,1,nonnegative,3,1,2,0.9999549248132404,4.5075186759557795e-05,0.9999549248132404,0.5721609127672569,0.28608045638362845,35037.83426542795,False,True,uniform,625,kg s-1,ng m-3,ng m-3 / (kg s-1),source_heterogeneity_les_rice_paddy_l100_cv0p5_s1_wind3_surface,0.13970191621369296
source_heterogeneity_les_rice_paddy_l100_cv0p5_s2_wind3_n3_point,100.0,0.5,2,3,point,exponential,40.0,25,25,1000000.0,0.0,0.0,0.027778,0.027777999999999997,0.0,0.028905808252632833,0.006713805683776611,0.040600772288603655,0.040600772288603655,True,1,nonnegative,3,1,2,0.9999549248132404,4.5075186759557795e-05,0.9999549248132404,0.404526124388164,0.202263062194082,35037.83426542795,False,True,uniform,625,kg s-1,ng m-3,ng m-3 / (kg s-1),source_heterogeneity_les_rice_paddy_l100_cv0p5_s2_wind3_surface,0.04060077228860378
source_heterogeneity_les_rice_paddy_l100_cv0p5_s3_wind3_n3_point,100.0,0.5,3,3,point,exponential,40.0,25,25,1000000.0,0.0,0.0,0.027778,0.027777999999999997,0.0,0.028443059663251096,0.006713805683776611,0.023941956341388706,0.023941956341388706,True,1,nonnegative,3,1,2,0.9999549248132404,4.5075186759557795e-05,0.9999549248132404,0.9742583746237519,0.48712918731187593,35037.83426542795,False,True,uniform,625,kg s-1,ng m-3,ng m-3 / (kg s-1),source_heterogeneity_les_rice_paddy_l100_cv0p5_s3_wind3_surface,0.023941956341388834
source_heterogeneity_les_rice_paddy_l100_cv0p5_s4_wind3_n3_point,100.0,0.5,4,3,point,exponential,40.0,25,25,1000000.0,0.0,0.0,0.027778,0.027777999999999997,0.0,0.03021796159835079,0.006713805683776611,0.08783791483730974,0.08783791483730974,True,1,nonnegative,3,1,2,0.9999549248132404,4.5075186759557795e-05,0.9999549248132404,0.2979399597981729,0.14896997989908645,35037.83426542795,False,True,uniform,625,kg s-1,ng m-3,ng m-3 / (kg s-1),source_heterogeneity_les_rice_paddy_l100_cv0p5_s4_wind3_surface,0.08783791483730988
source_heterogeneity_les_rice_paddy_l100_cv0p5_s5_wind3_n3_point,100.0,0.5,5,3,point,exponential,40.0,25,25,1000000.0,0.0,0.0,0.027778,0.027777999999999997,0.0,0.02839744517595198,0.006713805683776611,0.022299847935487737,0.022299847935487737,True,1,nonnegative,3,1,2,0.9999549248132404,4.5075186759557795e-05,0.9999549248132404,1.7214848627716122,0.8607424313858061,35037.83426542795,False,True,uniform,625,kg s-1,ng m-3,ng m-3 / (kg s-1),source_heterogeneity_les_rice_paddy_l100_cv0p5_s5_wind3_surface,0.022299847935487865
source_heterogeneity_les_rice_paddy_l100_cv0p5_s6_wind3_n3_point,100.0,0.5,6,3,point,exponential,40.0,25,25,1000000.0,0.0,0.0,0.027778,0.027777999999999997,0.0,0.028817061284021152,0.006713805683776611,0.03740590697750562,0.03740590697750562,True,1,nonnegative,3,1,2,0.9999549248132404,4.5075186759557795e-05,0.9999549248132404,0.5408490805598113,0.27042454027990565,35037.83426542795,False,True,uniform,625,kg s-1,ng m-3,ng m-3 / (kg s-1),source_heterogeneity_les_rice_paddy_l100_cv0p5_s6_wind3_surface,0.03740590697750575
source_heterogeneity_les_rice_paddy_l100_cv0p5_s7_wind3_n3_point,100.0,0.5,7,3,point,exponential,40.0,25,25,1000000.0,0.0,0.0,0.027778,0.027778000000000004,0.0,0.03075373341043679,0.006713805683776611,0.10712554577135827,0.10712554577135827,True,1,nonnegative,3,1,2,0.9999549248132404,4.5075186759557795e-05,0.9999549248132404,1.2262617991633644,0.6131308995816822,35037.83426542795,False,True,uniform,625,kg s-1,ng m-3,ng m-3 / (kg s-1),source_heterogeneity_les_rice_paddy_l100_cv0p5_s7_wind3_surface,0.10712554577135813
source_heterogeneity_les_rice_paddy_l250_cv0p5_s0_wind3_n3_point,250.0,0.5,0,3,point,exponential,40.0,25,25,1000000.0,0.0,0.0,0.027778,0.027778,0.0,0.03032949088538984,0.006713805683776611,0.09185293705053775,0.09185293705053775,True,1,nonnegative,3,1,2,0.9999549248132404,4.5075186759557795e-05,0.9999549248132404,1.3124568529498655,0.6562284264749327,35037.83426542795,False,True,uniform,625,kg s-1,ng m-3,ng m-3 / (kg s-1),source_heterogeneity_les_rice_paddy_l250_cv0p5_s0_wind3_surface,0.09185293705053775
source_heterogeneity_les_rice_paddy_l250_cv0p5_s1_wind3_n3_point,250.0,0.5,1,3,point,exponential,40.0,25,25,1000000.0,0.0,0.0,0.027778,0.027778,0.0,0.03194497104191424,0.006713805683776611,0.15000975743085312,0.15000975743085312,True,1,nonnegative,3,1,2,0.9999549248132404,4.5075186759557795e-05,0.9999549248132404,0.3516171491607683,0.17580857458038415,35037.83426542795,False,True,uniform,625,kg s-1,ng m-3,ng m-3 / (kg s-1),source_heterogeneity_les_rice_paddy_l250_cv0p5_s1_wind3_surface,0.15000975743085312
source_heterogeneity_les_rice_paddy_l250_cv0p5_s2_wind3_n3_point,250.0,0.5,2,3,point,exponential,40.0,25,25,1000000.0,0.0,0.0,0.027778,0.027778000000000008,0.0,0.02811810856316161,0.006713805683776611,0.012243810323335364,0.012243810323335364,True,1,nonnegative,3,1,2,0.9999549248132404,4.5075186759557795e-05,0.9999549248132404,0.3182393084820698,0.1591196542410349,35037.83426542795,False,True,uniform,625,kg s-1,ng m-3,ng m-3 / (kg s-1),source_heterogeneity_les_rice_paddy_l250_cv0p5_s2_wind3_surface,0.012243810323335113
source_heterogeneity_les_rice_paddy_l250_cv0p5_s3_wind3_n3_point,250.0,0.5,3,3,point,exponential,40.0,25,25,1000000.0,0.0,0.0,0.027778,0.027778000000000004,0.0,0.027209538735319443,0.006713805683776611,-0.020464441812965584,0.020464441812965584,True,1,nonnegative,3,1,2,0.9999549248132404,4.5075186759557795e-05,0.9999549248132404,1.2664754573865653,0.6332377286932827,35037.83426542795,False,True,uniform,625,kg s-1,ng m-3,ng m-3 / (kg s-1),source_heterogeneity_les_rice_paddy_l250_cv0p5_s3_wind3_surface,0.020464441812965705
source_heterogeneity_les_rice_paddy_l250_cv0p5_s4_wind3_n3_point,250.0,0.5,4,3,point,exponential,40.0,25,25,1000000.0,0.0,0.0,0.027778,0.027777999999999997,0.0,0.029709242627606436,0.006713805683776611,0.06952417840040447,0.06952417840040447,True,1,nonnegative,3,1,2,0.9999549248132404,4.5075186759557795e-05,0.9999549248132404,0.25641425645596194,0.12820712822798097,35037.83426542795,False,True,uniform,625,kg s-1,ng m-3,ng m-3 / (kg s-1),source_heterogeneity_les_rice_paddy_l250_cv0p5_s4_wind3_surface,0.0695241784004046
source_heterogeneity_les_rice_paddy_l250_cv0p5_s5_wind3_n3_point,250.0,0.5,5,3,point,exponential,40.0,25,25,1000000.0,0.0,0.0,0.027778,0.027778000000000004,0.0,0.028330427270404458,0.006713805683776611,0.019887222636779354,0.019887222636779354,True,1,nonnegative,3,1,2,0.9999549248132404,4.5075186759557795e-05,0.9999549248132404,2.745623423023671,1.3728117115118355,35037.83426542795,False,True,uniform,625,kg s-1,ng m-3,ng m-3 / (kg s-1),source_heterogeneity_les_rice_paddy_l250_cv0p5_s5_wind3_surface,0.019887222636779226
source_heterogeneity_les_rice_paddy_l250_cv0p5_s6_wind3_n3_point,250.0,0.5,6,3,point,exponential,40.0,25,25,1000000.0,0.0,0.0,0.027778,0.027777999999999997,0.0,0.02907778256596576,0.006713805683776611,0.046791798040383026,0.046791798040383026,True,1,nonnegative,3,1,2,0.9999549248132404,4.5075186759557795e-05,0.9999549248132404,0.3927572687861985,0.19637863439309924,35037.83426542795,False,True,uniform,625,kg s-1,ng m-3,ng m-3 / (kg s-1),source_heterogeneity_les_rice_paddy_l250_cv0p5_s6_wind3_surface,0.04679179804038316
source_heterogeneity_les_rice_paddy_l250_cv0p5_s7_wind3_n3_point,250.0,0.5,7,3,point,exponential,40.0,25,25,1000000.0,0.0,0.0,0.027778,0.027778000000000004,0.0,0.031245835685654484,0.006713805683776611,0.12484108595487377,0.12484108595487377,True,1,nonnegative,3,1,2,0.9999549248132404,4.5075186759557795e-05,0.9999549248132404,0.9925719916974034,0.4962859958487017,35037.83426542795,False,True,uniform,625,kg s-1,ng m-3,ng m-3 / (kg s-1),source_heterogeneity_les_rice_paddy_l250_cv0p5_s7_wind3_surface,0.12484108595487363
source_heterogeneity_les_rice_paddy_l500_cv0p5_s0_wind3_n3_point,500.0,0.5,0,3,point,exponential,40.0,25,25,1000000.0,0.0,0.0,0.027778,0.027778000000000004,0.0,0.02907291614233988,0.006713805683776611,0.04661660819137013,0.04661660819137013,True,1,nonnegative,3,1,2,0.9999549248132404,4.5075186759557795e-05,0.9999549248132404,2.0509960220710632,1.0254980110355316,35037.83426542795,False,True,uniform,625,kg s-1,ng m-3,ng m-3 / (kg s-1),source_heterogeneity_les_rice_paddy_l500_cv0p5_s0_wind3_surface,0.04661660819137
source_heterogeneity_les_rice_paddy_l500_cv0p5_s1_wind3_n3_point,500.0,0.5,1,3,point,exponential,40.0,25,25,1000000.0,0.0,0.0,0.027778,0.027778,0.0,0.03373857746358551,0.006713805683776611,0.21457907205650184,0.21457907205650184,True,1,nonnegative,3,1,2,0.9999549248132404,4.5075186759557795e-05,0.9999549248132404,1.2027877975205319,0.6013938987602659,35037.83426542795,False,True,uniform,625,kg s-1,ng m-3,ng m-3 / (kg s-1),source_heterogeneity_les_rice_paddy_l500_cv0p5_s1_wind3_surface,0.21457907205650184
source_heterogeneity_les_rice_paddy_l500_cv0p5_s2_wind3_n3_point,500.0,0.5,2,3,point,exponential,40.0,25,25,1000000.0,0.0,0.0,0.027778,0.027777999999999997,0.0,0.0331111248126101,0.006713805683776611,0.19199095732630506,0.19199095732630506,True,1,nonnegative,3,1,2,0.9999549248132404,4.5075186759557795e-05,0.9999549248132404,1.0642973549159154,0.5321486774579577,35037.83426542795,False,True,uniform,625,kg s-1,ng m-3,ng m-3 / (kg s-1),source_heterogeneity_les_rice_paddy_l500_cv0p5_s2_wind3_surface,0.19199095732630522
source_heterogeneity_les_rice_paddy_l500_cv0p5_s3_wind3_n3_point,500.0,0.5,3,3,point,exponential,40.0,25,25,1000000.0,0.0,0.0,0.027778,0.027778000000000004,0.0,0.029894528143557857,0.006713805683776611,0.07619440361285391,0.07619440361285391,True,1,nonnegative,3,1,2,0.9999549248132404,4.5075186759557795e-05,0.9999549248132404,0.03557619674523608,0.01778809837261804,35037.83426542795,False,True,uniform,625,kg s-1,ng m-3,ng m-3 / (kg s-1),source_heterogeneity_les_rice_paddy_l500_cv0p5_s3_wind3_surface,0.07619440361285378
source_heterogeneity_les_rice_paddy_l500_cv0p5_s4_wind3_n3_point,500.0,0.5,4,3,point,exponential,40.0,25,25,1000000.0,0.0,0.0,0.027778,0.027778,0.0,0.02768026541847938,0.006713805683776611,-0.003518416787408091,0.003518416787408091,True,1,nonnegative,3,1,2,0.9999549248132404,4.5075186759557795e-05,0.9999549248132404,1.371211653821995,0.6856058269109975,35037.83426542795,False,True,uniform,625,kg s-1,ng m-3,ng m-3 / (kg s-1),source_heterogeneity_les_rice_paddy_l500_cv0p5_s4_wind3_surface,0.003518416787408091
source_heterogeneity_les_rice_paddy_l500_cv0p5_s5_wind3_n3_point,500.0,0.5,5,3,point,exponential,40.0,25,25,1000000.0,0.0,0.0,0.027778,0.027777999999999997,0.0,0.028402576472151768,0.006713805683776611,0.022484573120878655,0.022484573120878655,True,1,nonnegative,3,1,2,0.9999549248132404,4.5075186759557795e-05,0.9999549248132404,1.891867679283294,0.945933839641647,35037.83426542795,False,True,uniform,625,kg s-1,ng m-3,ng m-3 / (kg s-1),source_heterogeneity_les_rice_paddy_l500_cv0p5_s5_wind3_surface,0.022484573120878783
source_heterogeneity_les_rice_paddy_l500_cv0p5_s6_wind3_n3_point,500.0,0.5,6,3,point,exponential,40.0,25,25,1000000.0,0.0,0.0,0.027778,0.027778000000000004,0.0,0.03110122129545654,0.006713805683776611,0.11963500955635895,0.11963500955635895,True,1,nonnegative,3,1,2,0.9999549248132404,4.5075186759557795e-05,0.9999549248132404,3.8603573714610704,1.9301786857305352,35037.83426542795,False,True,uniform,625,kg s-1,ng m-3,ng m-3 / (kg s-1),source_heterogeneity_les_rice_paddy_l500_cv0p5_s6_wind3_surface,0.1196350095563588
source_heterogeneity_les_rice_paddy_l500_cv0p5_s7_wind3_n3_point,500.0,0.5,7,3,point,exponential,40.0,25,25,1000000.0,0.0,0.0,0.027778,0.027778,0.0,0.03654902988891151,0.006713805683776611,0.31575454996441465,0.31575454996441465,True,1,nonnegative,3,1,2,0.9999549248132404,4.5075186759557795e-05,0.9999549248132404,1.2240372566174138,0.6120186283087069,35037.83426542795,False,True,uniform,625,kg s-1,ng m-3,ng m-3 / (kg s-1),source_heterogeneity_les_rice_paddy_l500_cv0p5_s7_wind3_surface,0.31575454996441465
source_heterogeneity_les_rice_paddy_l100_cv1p0_s0_wind3_n3_point,100.0,1.0,0,3,point,exponential,40.0,25,25,1000000.0,0.0,0.0,0.027778,0.027778000000000004,0.0,0.02921452532526605,0.006713805683776611,0.05171449799359377,0.05171449799359377,True,1,nonnegative,3,1,2,0.9999549248132404,4.5075186759557795e-05,0.9999549248132404,1.3118785818488778,0.6559392909244389,35037.83426542795,False,True,uniform,625,kg s-1,ng m-3,ng m-3 / (kg s-1),source_heterogeneity_les_rice_paddy_l100_cv1p0_s0_wind3_surface,0.051714497993593636
source_heterogeneity_les_rice_paddy_l100_cv1p0_s1_wind3_n3_point,100.0,1.0,1,3,point,exponential,40.0,25,25,1000000.0,0.0,0.0,0.027778,0.027777999999999997,0.0,0.03222961876093154,0.006713805683776611,0.16025699333758878,0.16025699333758878,True,1,nonnegative,3,1,2,0.9999549248132404,4.5075186759557795e-05,0.9999549248132404,0.3981136942289297,0.19905684711446486,35037.83426542795,False,True,uniform,625,kg s-1,ng m-3,ng m-3 / (kg s-1),source_heterogeneity_les_rice_paddy_l100_cv1p0_s1_wind3_surface,0.16025699333758892
source_heterogeneity_les_rice_paddy_l100_cv1p0_s2_wind3_n3_point,100.0,1.0,2,3,point,exponential,40.0,25,25,1000000.0,0.0,0.0,0.027778,0.027778000000000004,0.0,0.02739440211556082,0.006713805683776611,-0.0138094133645036,0.0138094133645036,True,1,nonnegative,3,1,2,0.9999549248132404,4.5075186759557795e-05,0.9999549248132404,0.14618208544630745,0.07309104272315373,35037.83426542795,False,True,uniform,625,kg s-1,ng m-3,ng m-3 / (kg s-1),source_heterogeneity_les_rice_paddy_l100_cv1p0_s2_wind3_surface,0.013809413364503724
source_heterogeneity_les_rice_paddy_l100_cv1p0_s3_wind3_n3_point,100.0,1.0,3,3,point,exponential,40.0,25,25,1000000.0,0.0,0.0,0.027778,0.027778000000000004,0.0,0.02714545999483139,0.006713805683776611,-0.022771258016005814,0.022771258016005814,True,1,nonnegative,3,1,2,0.9999549248132404,4.5075186759557795e-05,0.9999549248132404,1.2697159860867688,0.6348579930433844,35037.83426542795,False,True,uniform,625,kg s-1,ng m-3,ng m-3 / (kg s-1),source_heterogeneity_les_rice_paddy_l100_cv1p0_s3_wind3_surface,0.022771258016005935
source_heterogeneity_les_rice_paddy_l100_cv1p0_s4_wind3_n3_point,100.0,1.0,4,3,point,exponential,40.0,25,25,1000000.0,0.0,0.0,0.027778,0.027778,0.0,0.03037933314259866,0.006713805683776611,0.09364724395560009,0.09364724395560009,True,1,nonnegative,3,1,2,0.9999549248132404,4.5075186759557795e-05,0.9999549248132404,0.43924496639835586,0.21962248319917793,35037.83426542795,False,True,uniform,625,kg s-1,ng m-3,ng m-3 / (kg s-1),source_heterogeneity_les_rice_paddy_l100_cv1p0_s4_wind3_surface,0.09364724395560009
source_heterogeneity_les_rice_paddy_l100_cv1p0_s5_wind3_n3_point,100.0,1.0,5,3,point,exponential,40.0,25,25,1000000.0,0.0,0.0,0.027778,0.027777999999999997,0.0,0.025602820100053346,0.006713805683776611,-0.07830584995127995,0.07830584995127995,True,1,nonnegative,3,1,2,0.9999549248132404,4.5075186759557795e-05,0.9999549248132404,2.3919501272887653,1.1959750636443827,35037.83426542795,False,True,uniform,625,kg s-1,ng m-3,ng m-3 / (kg s-1),source_heterogeneity_les_rice_paddy_l100_cv1p0_s5_wind3_surface,0.07830584995127984
source_heterogeneity_les_rice_paddy_l100_cv1p0_s6_wind3_n3_point,100.0,1.0,6,3,point,exponential,40.0,25,25,1000000.0,0.0,0.0,0.027778,0.027778000000000004,0.0,0.027808893909494297,0.006713805683776611,0.0011121718444199163,0.0011121718444199163,True,1,nonnegative,3,1,2,0.9999549248132404,4.5075186759557795e-05,0.9999549248132404,0.6714760815951079,0.3357380407975539,35037.83426542795,False,True,uniform,625,kg s-1,ng m-3,ng m-3 / (kg s-1),source_heterogeneity_les_rice_paddy_l100_cv1p0_s6_wind3_surface,0.0011121718444197912
source_heterogeneity_les_rice_paddy_l100_cv1p0_s7_wind3_n3_point,100.0,1.0,7,3,point,exponential,40.0,25,25,1000000.0,0.0,0.0,0.027778,0.027778,0.0,0.031062702588069663,0.006713805683776611,0.1182483471837304,0.1182483471837304,True,1,nonnegative,3,1,2,0.9999549248132404,4.5075186759557795e-05,0.9999549248132404,2.2849759231869404,1.1424879615934702,35037.83426542795,False,True,uniform,625,kg s-1,ng m-3,ng m-3 / (kg s-1),source_heterogeneity_les_rice_paddy_l100_cv1p0_s7_wind3_surface,0.1182483471837304
source_heterogeneity_les_rice_paddy_l250_cv1p0_s0_wind3_n3_point,250.0,1.0,0,3,point,exponential,40.0,25,25,1000000.0,0.0,0.0,0.027778,0.027778000000000004,0.0,0.02917454804464828,0.006713805683776611,0.05027532740471881,0.05027532740471881,True,1,nonnegative,3,1,2,0.9999549248132404,4.5075186759557795e-05,0.9999549248132404,1.4259104543196304,0.7129552271598152,35037.83426542795,False,True,uniform,625,kg s-1,ng m-3,ng m-3 / (kg s-1),source_heterogeneity_les_rice_paddy_l250_cv1p0_s0_wind3_surface,0.05027532740471868
source_heterogeneity_les_rice_paddy_l250_cv1p0_s1_wind3_n3_point,250.0,1.0,1,3,point,exponential,40.0,25,25,1000000.0,0.0,0.0,0.027778,0.027778000000000004,0.0,0.0328165638362835,0.006713805683776611,0.1813868470114299,0.1813868470114299,True,1,nonnegative,3,1,2,0.9999549248132404,4.5075186759557795e-05,0.9999549248132404,0.13560502263807225,0.06780251131903613,35037.83426542795,False,True,uniform,625,kg s-1,ng m-3,ng m-3 / (kg s-1),source_heterogeneity_les_rice_paddy_l250_cv1p0_s1_wind3_surface,0.18138684701142976
source_heterogeneity_les_rice_paddy_l250_cv1p0_s2_wind3_n3_point,250.0,1.0,2,3,point,exponential,40.0,25,25,1000000.0,0.0,0.0,0.027778,0.027778000000000004,0.0,0.02637983167220211,0.006713805683776611,-0.05033365713146703,0.05033365713146703,True,1,nonnegative,3,1,2,0.9999549248132404,4.5075186759557795e-05,0.9999549248132404,0.06790526068486866,0.03395263034243433,35037.83426542795,False,True,uniform,625,kg s-1,ng m-3,ng m-3 / (kg s-1),source_heterogeneity_les_rice_paddy_l250_cv1p0_s2_wind3_surface,0.050333657131467154
source_heterogeneity_les_rice_paddy_l250_cv1p0_s3_wind3_n3_point,250.0,1.0,3,3,point,exponential,40.0,25,25,1000000.0,0.0,0.0,0.027778,0.027777999999999997,0.0,0.024925600768316892,0.006713805683776611,-0.10268555085618507,0.10268555085618507,True,1,nonnegative,3,1,2,0.9999549248132404,4.5075186759557795e-05,0.9999549248132404,1.9059630659316271,0.9529815329658136,35037.83426542795,False,True,uniform,625,kg s-1,ng m-3,ng m-3 / (kg s-1),source_heterogeneity_les_rice_paddy_l250_cv1p0_s3_wind3_surface,0.10268555085618496
source_heterogeneity_les_rice_paddy_l250_cv1p0_s4_wind3_n3_point,250.0,1.0,4,3,point,exponential,40.0,25,25,1000000.0,0.0,0.0,0.027778,0.027778000000000004,0.0,0.029237198699132858,0.006713805683776611,0.05253073292291949,0.05253073292291949,True,1,nonnegative,3,1,2,0.9999549248132404,4.5075186759557795e-05,0.9999549248132404,0.30734381527502797,0.15367190763751398,35037.83426542795,False,True,uniform,625,kg s-1,ng m-3,ng m-3 / (kg s-1),source_heterogeneity_les_rice_paddy_l250_cv1p0_s4_wind3_surface,0.052530732922919356
source_heterogeneity_les_rice_paddy_l250_cv1p0_s5_wind3_n3_point,250.0,1.0,5,3,point,exponential,40.0,25,25,1000000.0,0.0,0.0,0.027778,0.027777999999999997,0.0,0.025027599509997063,0.006713805683776611,-0.0990136255311015,0.0990136255311015,True,1,nonnegative,3,1,2,0.9999549248132404,4.5075186759557795e-05,0.9999549248132404,4.502866462775756,2.251433231387878,35037.83426542795,False,True,uniform,625,kg s-1,ng m-3,ng m-3 / (kg s-1),source_heterogeneity_les_rice_paddy_l250_cv1p0_s5_wind3_surface,0.09901362553110139
source_heterogeneity_les_rice_paddy_l250_cv1p0_s6_wind3_n3_point,250.0,1.0,6,3,point,exponential,40.0,25,25,1000000.0,0.0,0.0,0.027778,0.027777999999999997,0.0,0.028114558446666077,0.006713805683776611,0.012116007151921532,0.012116007151921532,True,1,nonnegative,3,1,2,0.9999549248132404,4.5075186759557795e-05,0.9999549248132404,0.5001623910155177,0.25008119550775887,35037.83426542795,False,True,uniform,625,kg s-1,ng m-3,ng m-3 / (kg s-1),source_heterogeneity_les_rice_paddy_l250_cv1p0_s6_wind3_surface,0.012116007151921659
source_heterogeneity_les_rice_paddy_l250_cv1p0_s7_wind3_n3_point,250.0,1.0,7,3,point,exponential,40.0,25,25,1000000.0,0.0,0.0,0.027778,0.027777999999999997,0.0,0.031617980721624944,0.006713805683776611,0.1382382000728974,0.1382382000728974,True,1,nonnegative,3,1,2,0.9999549248132404,4.5075186759557795e-05,0.9999549248132404,1.6970100549399123,0.8485050274699562,35037.83426542795,False,True,uniform,625,kg s-1,ng m-3,ng m-3 / (kg s-1),source_heterogeneity_les_rice_paddy_l250_cv1p0_s7_wind3_surface,0.13823820007289753
source_heterogeneity_les_rice_paddy_l500_cv1p0_s0_wind3_n3_point,500.0,1.0,0,3,point,exponential,40.0,25,25,1000000.0,0.0,0.0,0.027778,0.027777999999999997,0.0,0.027110033325160314,0.006713805683776611,-0.024046607921365346,0.024046607921365346,True,1,nonnegative,3,1,2,0.9999549248132404,4.5075186759557795e-05,0.9999549248132404,3.271609346743853,1.6358046733719265,35037.83426542795,False,True,uniform,625,kg s-1,ng m-3,ng m-3 / (kg s-1),source_heterogeneity_les_rice_paddy_l500_cv1p0_s0_wind3_surface,0.024046607921365225
source_heterogeneity_les_rice_paddy_l500_cv1p0_s1_wind3_n3_point,500.0,1.0,1,3,point,exponential,40.0,25,25,1000000.0,0.0,0.0,0.027778,0.027778000000000004,0.0,0.03629511145610001,0.006713805683776611,0.30661355951112423,0.30661355951112423,True,1,nonnegative,3,1,2,0.9999549248132404,4.5075186759557795e-05,0.9999549248132404,1.8384949617993556,0.9192474808996778,35037.83426542795,False,True,uniform,625,kg s-1,ng m-3,ng m-3 / (kg s-1),source_heterogeneity_les_rice_paddy_l500_cv1p0_s1_wind3_surface,0.30661355951112407
source_heterogeneity_les_rice_paddy_l500_cv1p0_s2_wind3_n3_point,500.0,1.0,2,3,point,exponential,40.0,25,25,1000000.0,0.0,0.0,0.027778,0.027777999999999997,0.0,0.03496464704827065,0.006713805683776611,0.25871722399995145,0.25871722399995145,True,1,nonnegative,3,1,2,0.9999549248132404,4.5075186759557795e-05,0.9999549248132404,1.4159186787010136,0.7079593393505068,35037.83426542795,False,True,uniform,625,kg s-1,ng m-3,ng m-3 / (kg s-1),source_heterogeneity_les_rice_paddy_l500_cv1p0_s2_wind3_surface,0.2587172239999516
source_heterogeneity_les_rice_paddy_l500_cv1p0_s3_wind3_n3_point,500.0,1.0,3,3,point,exponential,40.0,25,25,1000000.0,0.0,0.0,0.027778,0.027777999999999997,0.0,0.02926073706456015,0.006713805683776611,0.05337810729930701,0.05337810729930701,True,1,nonnegative,3,1,2,0.9999549248132404,4.5075186759557795e-05,0.9999549248132404,0.22733730369535887,0.11366865184767944,35037.83426542795,False,True,uniform,625,kg s-1,ng m-3,ng m-3 / (kg s-1),source_heterogeneity_les_rice_paddy_l500_cv1p0_s3_wind3_surface,0.05337810729930714
source_heterogeneity_les_rice_paddy_l500_cv1p0_s4_wind3_n3_point,500.0,1.0,4,3,point,exponential,40.0,25,25,1000000.0,0.0,0.0,0.027778,0.027778000000000004,0.0,0.025130777056949122,0.006713805683776611,-0.09529926355572317,0.09529926355572317,True,1,nonnegative,3,1,2,0.9999549248132404,4.5075186759557795e-05,0.9999549248132404,1.956600833171198,0.978300416585599,35037.83426542795,False,True,uniform,625,kg s-1,ng m-3,ng m-3 / (kg s-1),source_heterogeneity_les_rice_paddy_l500_cv1p0_s4_wind3_surface,0.09529926355572328
source_heterogeneity_les_rice_paddy_l500_cv1p0_s5_wind3_n3_point,500.0,1.0,5,3,point,exponential,40.0,25,25,1000000.0,0.0,0.0,0.027778,0.027778,0.0,0.026794816095092697,0.006713805683776611,-0.035394337421963566,0.035394337421963566,True,1,nonnegative,3,1,2,0.9999549248132404,4.5075186759557795e-05,0.9999549248132404,2.615081435118846,1.307540717559423,35037.83426542795,False,True,uniform,625,kg s-1,ng m-3,ng m-3 / (kg s-1),source_heterogeneity_les_rice_paddy_l500_cv1p0_s5_wind3_surface,0.035394337421963566
source_heterogeneity_les_rice_paddy_l500_cv1p0_s6_wind3_n3_point,500.0,1.0,6,3,point,exponential,40.0,25,25,1000000.0,0.0,0.0,0.027778,0.027778000000000004,0.0,0.031071447661294424,0.006713805683776611,0.11856316730126083,0.11856316730126083,True,1,nonnegative,3,1,2,0.9999549248132404,4.5075186759557795e-05,0.9999549248132404,6.688053951102729,3.3440269755513645,35037.83426542795,False,True,uniform,625,kg s-1,ng m-3,ng m-3 / (kg s-1),source_heterogeneity_les_rice_paddy_l500_cv1p0_s6_wind3_surface,0.1185631673012607
source_heterogeneity_les_rice_paddy_l500_cv1p0_s7_wind3_n3_point,500.0,1.0,7,3,point,exponential,40.0,25,25,1000000.0,0.0,0.0,0.027778,0.027777999999999997,0.0,0.0414181579816937,0.006713805683776611,0.4910417590069012,0.4910417590069012,True,1,nonnegative,3,1,2,0.9999549248132404,4.5075186759557795e-05,0.9999549248132404,1.9612928392700417,0.9806464196350209,35037.83426542795,False,True,uniform,625,kg s-1,ng m-3,ng m-3 / (kg s-1),source_heterogeneity_les_rice_paddy_l500_cv1p0_s7_wind3_surface,0.4910417590069014
source_heterogeneity_les_rice_paddy_l100_cv2p0_s0_wind3_n3_point,100.0,2.0,0,3,point,exponential,40.0,25,25,1000000.0,0.0,0.0,0.027778,0.027778,0.0,0.027088177755769303,0.006713805683776611,-0.02483340212508812,0.02483340212508812,True,1,nonnegative,3,1,2,0.9999549248132404,4.5075186759557795e-05,0.9999549248132404,1.3273881150712215,0.6636940575356107,35037.83426542795,False,True,uniform,625,kg s-1,ng m-3,ng m-3 / (kg s-1),source_heterogeneity_les_rice_paddy_l100_cv2p0_s0_wind3_surface,0.02483340212508812
source_heterogeneity_les_rice_paddy_l100_cv2p0_s1_wind3_n3_point,100.0,2.0,1,3,point,exponential,40.0,25,25,1000000.0,0.0,0.0,0.027778,0.027778000000000004,0.0,0.03266746014050118,0.006713805683776611,0.1760191569047873,0.1760191569047873,True,1,nonnegative,3,1,2,0.9999549248132404,4.5075186759557795e-05,0.9999549248132404,0.20654247424342342,0.10327123712171171,35037.83426542795,False,True,uniform,625,kg s-1,ng m-3,ng m-3 / (kg s-1),source_heterogeneity_les_rice_paddy_l100_cv2p0_s1_wind3_surface,0.17601915690478714
source_heterogeneity_les_rice_paddy_l100_cv2p0_s2_wind3_n3_point,100.0,2.0,2,3,point,exponential,40.0,25,25,1000000.0,0.0,0.0,0.027778,0.027777999999999997,0.0,0.025450425623409146,0.006713805683776611,-0.083792007221213,0.083792007221213,True,1,nonnegative,3,1,2,0.9999549248132404,4.5075186759557795e-05,0.9999549248132404,0.14565392102294034,0.07282696051147017,35037.83426542795,False,True,uniform,625,kg s-1,ng m-3,ng m-3 / (kg s-1),source_heterogeneity_les_rice_paddy_l100_cv2p0_s2_wind3_surface,0.08379200722121288
source_heterogeneity_les_rice_paddy_l100_cv2p0_s3_wind3_n3_point,100.0,2.0,3,3,point,exponential,40.0,25,25,1000000.0,0.0,0.0,0.027778,0.027777999999999997,0.0,0.025718488896765365,0.006713805683776611,-0.07414180658199424,0.07414180658199424,True,1,nonnegative,3,1,2,0.9999549248132404,4.5075186759557795e-05,0.9999549248132404,1.7124764748404147,0.8562382374202073,35037.83426542795,False,True,uniform,625,kg s-1,ng m-3,ng m-3 / (kg s-1),source_heterogeneity_les_rice_paddy_l100_cv2p0_s3_wind3_surface,0.07414180658199412
source_heterogeneity_les_rice_paddy_l100_cv2p0_s4_wind3_n3_point,100.0,2.0,4,3,point,exponential,40.0,25,25,1000000.0,0.0,0.0,0.027778,0.027778000000000004,0.0,0.031246436647112776,0.006713805683776611,0.12486272039429674,0.12486272039429674,True,1,nonnegative,3,1,2,0.9999549248132404,4.5075186759557795e-05,0.9999549248132404,1.4880567414182921,0.7440283707091461,35037.83426542795,False,True,uniform,625,kg s-1,ng m-3,ng m-3 / (kg s-1),source_heterogeneity_les_rice_paddy_l100_cv2p0_s4_wind3_surface,0.1248627203942966
source_heterogeneity_les_rice_paddy_l100_cv2p0_s5_wind3_n3_point,100.0,2.0,5,3,point,exponential,40.0,25,25,1000000.0,0.0,0.0,0.027778,0.027778000000000004,0.0,0.019604543818426166,0.006713805683776611,-0.29424206860010926,0.29424206860010926,True,1,nonnegative,3,1,2,0.9999549248132404,4.5075186759557795e-05,0.9999549248132404,2.7051213876626345,1.3525606938313173,35037.83426542795,False,True,uniform,625,kg s-1,ng m-3,ng m-3 / (kg s-1),source_heterogeneity_les_rice_paddy_l100_cv2p0_s5_wind3_surface,0.2942420686001093
source_heterogeneity_les_rice_paddy_l100_cv2p0_s6_wind3_n3_point,100.0,2.0,6,3,point,exponential,40.0,25,25,1000000.0,0.0,0.0,0.027778,0.027777999999999997,0.0,0.027104193376745675,0.006713805683776611,-0.024256844382400663,0.024256844382400663,True,1,nonnegative,3,1,2,0.9999549248132404,4.5075186759557795e-05,0.9999549248132404,0.9832203988650758,0.4916101994325379,35037.83426542795,False,True,uniform,625,kg s-1,ng m-3,ng m-3 / (kg s-1),source_heterogeneity_les_rice_paddy_l100_cv2p0_s6_wind3_surface,0.02425684438240054
source_heterogeneity_les_rice_paddy_l100_cv2p0_s7_wind3_n3_point,100.0,2.0,7,3,point,exponential,40.0,25,25,1000000.0,0.0,0.0,0.027778,0.027778000000000004,0.0,0.031779401372704165,0.006713805683776611,0.14404929702297373,0.14404929702297373,True,1,nonnegative,3,1,2,0.9999549248132404,4.5075186759557795e-05,0.9999549248132404,5.19944749409103,2.599723747045515,35037.83426542795,False,True,uniform,625,kg s-1,ng m-3,ng m-3 / (kg s-1),source_heterogeneity_les_rice_paddy_l100_cv2p0_s7_wind3_surface,0.1440492970229736
source_heterogeneity_les_rice_paddy_l250_cv2p0_s0_wind3_n3_point,250.0,2.0,0,3,point,exponential,40.0,25,25,1000000.0,0.0,0.0,0.027778,0.027778000000000004,0.0,0.02678855310708459,0.006713805683776611,-0.035619803186529256,0.035619803186529256,True,1,nonnegative,3,1,2,0.9999549248132404,4.5075186759557795e-05,0.9999549248132404,1.236678282716977,0.6183391413584886,35037.83426542795,False,True,uniform,625,kg s-1,ng m-3,ng m-3 / (kg s-1),source_heterogeneity_les_rice_paddy_l250_cv2p0_s0_wind3_surface,0.03561980318652938
source_heterogeneity_les_rice_paddy_l250_cv2p0_s1_wind3_n3_point,250.0,2.0,1,3,point,exponential,40.0,25,25,1000000.0,0.0,0.0,0.027778,0.027778,0.0,0.03377052317236498,0.006713805683776611,0.21572910837227227,0.21572910837227227,True,1,nonnegative,3,1,2,0.9999549248132404,4.5075186759557795e-05,0.9999549248132404,0.04690255512306358,0.02345127756153179,35037.83426542795,False,True,uniform,625,kg s-1,ng m-3,ng m-3 / (kg s-1),source_heterogeneity_les_rice_paddy_l250_cv2p0_s1_wind3_surface,0.21572910837227227
source_heterogeneity_les_rice_paddy_l250_cv2p0_s2_wind3_n3_point,250.0,2.0,2,3,point,exponential,40.0,25,25,1000000.0,0.0,0.0,0.027778,0.027778000000000004,0.0,0.02466641152869366,0.006713805683776611,-0.11201628883671753,0.11201628883671753,True,1,nonnegative,3,1,2,0.9999549248132404,4.5075186759557795e-05,0.9999549248132404,0.09314236807426006,0.04657118403713003,35037.83426542795,False,True,uniform,625,kg s-1,ng m-3,ng m-3 / (kg s-1),source_heterogeneity_les_rice_paddy_l250_cv2p0_s2_wind3_surface,0.11201628883671765
source_heterogeneity_les_rice_paddy_l250_cv2p0_s3_wind3_n3_point,250.0,2.0,3,3,point,exponential,40.0,25,25,1000000.0,0.0,0.0,0.027778,0.027778000000000004,0.0,0.022517487068766162,0.006713805683776611,-0.18937695050881412,0.18937695050881412,True,1,nonnegative,3,1,2,0.9999549248132404,4.5075186759557795e-05,0.9999549248132404,2.8842849578181533,1.4421424789090767,35037.83426542795,False,True,uniform,625,kg s-1,ng m-3,ng m-3 / (kg s-1),source_heterogeneity_les_rice_paddy_l250_cv2p0_s3_wind3_surface,0.1893769505088142
source_heterogeneity_les_rice_paddy_l250_cv2p0_s4_wind3_n3_point,250.0,2.0,4,3,point,exponential,40.0,25,25,1000000.0,0.0,0.0,0.027778,0.027778000000000004,0.0,0.029017363704547033,0.006713805683776611,0.04461673642980172,0.04461673642980172,True,1,nonnegative,3,1,2,0.9999549248132404,4.5075186759557795e-05,0.9999549248132404,0.7109172981814867,0.3554586490907434,35037.83426542795,False,True,uniform,625,kg s-1,ng m-3,ng m-3 / (kg s-1),source_heterogeneity_les_rice_paddy_l250_cv2p0_s4_wind3_surface,0.04461673642980159
source_heterogeneity_les_rice_paddy_l250_cv2p0_s5_wind3_n3_point,250.0,2.0,5,3,point,exponential,40.0,25,25,1000000.0,0.0,0.0,0.027778,0.027778,0.0,0.019179909465883046,0.006713805683776611,-0.3095287829979464,0.3095287829979464,True,1,nonnegative,3,1,2,0.9999549248132404,4.5075186759557795e-05,0.9999549248132404,5.414362008568288,2.707181004284144,35037.83426542795,False,True,uniform,625,kg s-1,ng m-3,ng m-3 / (kg s-1),source_heterogeneity_les_rice_paddy_l250_cv2p0_s5_wind3_surface,0.3095287829979464
source_heterogeneity_les_rice_paddy_l250_cv2p0_s6_wind3_n3_point,250.0,2.0,6,3,point,exponential,40.0,25,25,1000000.0,0.0,0.0,0.027778,0.027778,0.0,0.027340964424339934,0.006713805683776611,-0.015733154858523543,0.015733154858523543,True,1,nonnegative,3,1,2,0.9999549248132404,4.5075186759557795e-05,0.9999549248132404,0.870113841806739,0.4350569209033695,35037.83426542795,False,True,uniform,625,kg s-1,ng m-3,ng m-3 / (kg s-1),source_heterogeneity_les_rice_paddy_l250_cv2p0_s6_wind3_surface,0.015733154858523543
source_heterogeneity_les_rice_paddy_l250_cv2p0_s7_wind3_n3_point,250.0,2.0,7,3,point,exponential,40.0,25,25,1000000.0,0.0,0.0,0.027778,0.027778000000000004,0.0,0.0320445614634316,0.006713805683776611,0.1535949839236661,0.1535949839236661,True,1,nonnegative,3,1,2,0.9999549248132404,4.5075186759557795e-05,0.9999549248132404,3.5532882262094603,1.7766441131047301,35037.83426542795,False,True,uniform,625,kg s-1,ng m-3,ng m-3 / (kg s-1),source_heterogeneity_les_rice_paddy_l250_cv2p0_s7_wind3_surface,0.15359498392366597
source_heterogeneity_les_rice_paddy_l500_cv2p0_s0_wind3_n3_point,500.0,2.0,0,3,point,exponential,40.0,25,25,1000000.0,0.0,0.0,0.027778,0.027777999999999994,0.0,0.024268624968824246,0.006713805683776611,-0.12633649043040374,0.12633649043040374,True,1,nonnegative,3,1,2,0.9999549248132404,4.5075186759557795e-05,0.9999549248132404,4.726772190112297,2.3633860950561485,35037.83426542795,False,True,uniform,625,kg s-1,ng m-3,ng m-3 / (kg s-1),source_heterogeneity_les_rice_paddy_l500_cv2p0_s0_wind3_surface,0.12633649043040351
source_heterogeneity_les_rice_paddy_l500_cv2p0_s1_wind3_n3_point,500.0,2.0,1,3,point,exponential,40.0,25,25,1000000.0,0.0,0.0,0.027778,0.027777999999999997,0.0,0.03939739015092074,0.006713805683776611,0.41829469907555394,0.41829469907555394,True,1,nonnegative,3,1,2,0.9999549248132404,4.5075186759557795e-05,0.9999549248132404,2.9735408261122434,1.4867704130561217,35037.83426542795,False,True,uniform,625,kg s-1,ng m-3,ng m-3 / (kg s-1),source_heterogeneity_les_rice_paddy_l500_cv2p0_s1_wind3_surface,0.4182946990755541
source_heterogeneity_les_rice_paddy_l500_cv2p0_s2_wind3_n3_point,500.0,2.0,2,3,point,exponential,40.0,25,25,1000000.0,0.0,0.0,0.027778,0.027778000000000004,0.0,0.037063369708134994,0.006713805683776611,0.3342706353277771,0.3342706353277771,True,1,nonnegative,3,1,2,0.9999549248132404,4.5075186759557795e-05,0.9999549248132404,1.9991003214723433,0.9995501607361716,35037.83426542795,False,True,uniform,625,kg s-1,ng m-3,ng m-3 / (kg s-1),source_heterogeneity_les_rice_paddy_l500_cv2p0_s2_wind3_surface,0.33427063532777695
source_heterogeneity_les_rice_paddy_l500_cv2p0_s3_wind3_n3_point,500.0,2.0,3,3,point,exponential,40.0,25,25,1000000.0,0.0,0.0,0.027778,0.027778000000000004,0.0,0.0284276597235623,0.006713805683776611,0.023387562947739242,0.023387562947739242,True,1,nonnegative,3,1,2,0.9999549248132404,4.5075186759557795e-05,0.9999549248132404,0.8311743053518751,0.41558715267593754,35037.83426542795,False,True,uniform,625,kg s-1,ng m-3,ng m-3 / (kg s-1),source_heterogeneity_les_rice_paddy_l500_cv2p0_s3_wind3_surface,0.023387562947739114
source_heterogeneity_les_rice_paddy_l500_cv2p0_s4_wind3_n3_point,500.0,2.0,4,3,point,exponential,40.0,25,25,1000000.0,0.0,0.0,0.027778,0.027777999999999997,0.0,0.022014143891628965,0.006713805683776611,-0.20749715992407788,0.20749715992407788,True,1,nonnegative,3,1,2,0.9999549248132404,4.5075186759557795e-05,0.9999549248132404,2.7925888473797964,1.3962944236898982,35037.83426542795,False,True,uniform,625,kg s-1,ng m-3,ng m-3 / (kg s-1),source_heterogeneity_les_rice_paddy_l500_cv2p0_s4_wind3_surface,0.20749715992407777
source_heterogeneity_les_rice_paddy_l500_cv2p0_s5_wind3_n3_point,500.0,2.0,5,3,point,exponential,40.0,25,25,1000000.0,0.0,0.0,0.027778,0.027778000000000004,0.0,0.024984921460865336,0.006713805683776611,-0.10055002300866386,0.10055002300866386,True,1,nonnegative,3,1,2,0.9999549248132404,4.5075186759557795e-05,0.9999549248132404,3.16914926556988,1.58457463278494,35037.83426542795,False,True,uniform,625,kg s-1,ng m-3,ng m-3 / (kg s-1),source_heterogeneity_les_rice_paddy_l500_cv2p0_s5_wind3_surface,0.10055002300866397
source_heterogeneity_les_rice_paddy_l500_cv2p0_s6_wind3_n3_point,500.0,2.0,6,3,point,exponential,40.0,25,25,1000000.0,0.0,0.0,0.027778,0.027777999999999994,0.0,0.030708229262514784,0.006713805683776611,0.1054874095512558,0.1054874095512558,True,1,nonnegative,3,1,2,0.9999549248132404,4.5075186759557795e-05,0.9999549248132404,9.844851141791953,4.922425570895976,35037.83426542795,False,True,uniform,625,kg s-1,ng m-3,ng m-3 / (kg s-1),source_heterogeneity_les_rice_paddy_l500_cv2p0_s6_wind3_surface,0.10548740955125607
source_heterogeneity_les_rice_paddy_l500_cv2p0_s7_wind3_n3_point,500.0,2.0,7,3,point,exponential,40.0,25,25,1000000.0,0.0,0.0,0.027778,0.027778,0.0,0.04743052254437583,0.006713805683776611,0.7074851517163162,0.7074851517163162,True,1,nonnegative,3,1,2,0.9999549248132404,4.5075186759557795e-05,0.9999549248132404,3.4410846644866977,1.7205423322433488,35037.83426542795,False,True,uniform,625,kg s-1,ng m-3,ng m-3 / (kg s-1),source_heterogeneity_les_rice_paddy_l500_cv2p0_s7_wind3_surface,0.7074851517163162
source_heterogeneity_les_rice_paddy_l100_cv0p5_s0_wind3_n4_point,100.0,0.5,0,4,point,exponential,40.0,25,25,1000000.0,0.0,0.0,0.027778,0.027777999999999997,0.0,0.0272136728993839,0.005746856675797012,-0.0203156130972749,0.0203156130972749,True,1,nonnegative,4,1,3,0.9999669736383479,3.302636165214423e-05,0.9999669736383479,3.2300734659340615,1.0766911553113538,42238.4716426118,False,True,uniform,625,kg s-1,ng m-3,ng m-3 / (kg s-1),source_heterogeneity_les_rice_paddy_l100_cv0p5_s0_wind3_surface,0.020315613097274775
source_heterogeneity_les_rice_paddy_l100_cv0p5_s1_wind3_n4_point,100.0,0.5,1,4,point,exponential,40.0,25,25,1000000.0,0.0,0.0,0.027778,0.027778000000000004,0.0,0.028059632183525855,0.005746856675797012,0.010138677497510786,0.010138677497510786,True,1,nonnegative,4,1,3,0.9999669736383479,3.302636165214423e-05,0.9999669736383479,2.1399964402534595,0.7133321467511532,42238.4716426118,False,True,uniform,625,kg s-1,ng m-3,ng m-3 / (kg s-1),source_heterogeneity_les_rice_paddy_l100_cv0p5_s1_wind3_surface,0.010138677497510662
source_heterogeneity_les_rice_paddy_l100_cv0p5_s2_wind3_n4_point,100.0,0.5,2,4,point,exponential,40.0,25,25,1000000.0,0.0,0.0,0.027778,0.027777999999999997,0.0,0.025465511025680954,0.005746856675797012,-0.08324893708398902,0.08324893708398902,True,1,nonnegative,4,1,3,0.9999669736383479,3.302636165214423e-05,0.9999669736383479,1.548430637747287,0.5161435459157623,42238.4716426118,False,True,uniform,625,kg s-1,ng m-3,ng m-3 / (kg s-1),source_heterogeneity_les_rice_paddy_l100_cv0p5_s2_wind3_surface,0.08324893708398891
source_heterogeneity_les_rice_paddy_l100_cv0p5_s3_wind3_n4_point,100.0,0.5,3,4,point,exponential,40.0,25,25,1000000.0,0.0,0.0,0.027778,0.027777999999999997,0.0,0.02547730013960353,0.005746856675797012,-0.08282453237801386,0.08282453237801386,True,1,nonnegative,4,1,3,0.9999669736383479,3.302636165214423e-05,0.9999669736383479,2.4388879549303764,0.8129626516434588,42238.4716426118,False,True,uniform,625,kg s-1,ng m-3,ng m-3 / (kg s-1),source_heterogeneity_les_rice_paddy_l100_cv0p5_s3_wind3_surface,0.08282453237801375
source_heterogeneity_les_rice_paddy_l100_cv0p5_s4_wind3_n4_point,100.0,0.5,4,4,point,exponential,40.0,25,25,1000000.0,0.0,0.0,0.027778,0.027777999999999997,0.0,0.026980119809066776,0.005746856675797012,-0.02872345708593941,0.02872345708593941,True,1,nonnegative,4,1,3,0.9999669736383479,3.302636165214423e-05,0.9999669736383479,0.9213202958040683,0.3071067652680228,42238.4716426118,False,True,uniform,625,kg s-1,ng m-3,ng m-3 / (kg s-1),source_heterogeneity_les_rice_paddy_l100_cv0p5_s4_wind3_surface,0.028723457085939288
source_heterogeneity_les_rice_paddy_l100_cv0p5_s5_wind3_n4_point,100.0,0.5,5,4,point,exponential,40.0,25,25,1000000.0,0.0,0.0,0.027778,0.027777999999999997,0.0,0.026064835039628094,0.005746856675797012,-0.06167344518582715,0.06167344518582715,True,1,nonnegative,4,1,3,0.9999669736383479,3.302636165214423e-05,0.9999669736383479,4.05900869527269,1.35300289842423,42238.4716426118,False,True,uniform,625,kg s-1,ng m-3,ng m-3 / (kg s-1),source_heterogeneity_les_rice_paddy_l100_cv0p5_s5_wind3_surface,0.061673445185827035
source_heterogeneity_les_rice_paddy_l100_cv0p5_s6_wind3_n4_point,100.0,0.5,6,4,point,exponential,40.0,25,25,1000000.0,0.0,0.0,0.027778,0.027777999999999997,0.0,0.0257696814379609,0.005746856675797012,-0.07229888984228891,0.07229888984228891,True,1,nonnegative,4,1,3,0.9999669736383479,3.302636165214423e-05,0.9999669736383479,1.8401803314277125,0.6133934438092375,42238.4716426118,False,True,uniform,625,kg s-1,ng m-3,ng m-3 / (kg s-1),source_heterogeneity_les_rice_paddy_l100_cv0p5_s6_wind3_surface,0.07229888984228879
source_heterogeneity_les_rice_paddy_l100_cv0p5_s7_wind3_n4_point,100.0,0.5,7,4,point,exponential,40.0,25,25,1000000.0,0.0,0.0,0.027778,0.027778000000000004,0.0,0.027561726452271354,0.005746856675797012,-0.007785785431947823,0.007785785431947823,True,1,nonnegative,4,1,3,0.9999669736383479,3.302636165214423e-05,0.9999669736383479,3.4429974605640186,1.1476658201880061,42238.4716426118,False,True,uniform,625,kg s-1,ng m-3,ng m-3 / (kg s-1),source_heterogeneity_les_rice_paddy_l100_cv0p5_s7_wind3_surface,0.007785785431947947
source_heterogeneity_les_rice_paddy_l250_cv0p5_s0_wind3_n4_point,250.0,0.5,0,4,point,exponential,40.0,25,25,1000000.0,0.0,0.0,0.027778,0.027778,0.0,0.02729394171529469,0.005746856675797012,-0.01742595884172044,0.01742595884172044,True,1,nonnegative,4,1,3,0.9999669736383479,3.302636165214423e-05,0.9999669736383479,3.4026068038451656,1.1342022679483885,42238.4716426118,False,True,uniform,625,kg s-1,ng m-3,ng m-3 / (kg s-1),source_heterogeneity_les_rice_paddy_l250_cv0p5_s0_wind3_surface,0.01742595884172044
source_heterogeneity_les_rice_paddy_l250_cv0p5_s1_wind3_n4_point,250.0,0.5,1,4,point,exponential,40.0,25,25,1000000.0,0.0,0.0,0.027778,0.027778,0.0,0.028225596455422306,0.005746856675797012,0.01611334348845509,0.01611334348845509,True,1,nonnegative,4,1,3,0.9999669736383479,3.302636165214423e-05,0.9999669736383479,1.628751290358815,0.5429170967862716,42238.4716426118,False,True,uniform,625,kg s-1,ng m-3,ng m-3 / (kg s-1),source_heterogeneity_les_rice_paddy_l250_cv0p5_s1_wind3_surface,0.01611334348845509
source_heterogeneity_les_rice_paddy_l250_cv0p5_s2_wind3_n4_point,250.0,0.5,2,4,point,exponential,40.0,25,25,1000000.0,0.0,0.0,0.027778,0.027778000000000008,0.0,0.024937245817205213,0.005746856675797012,-0.10226633244995273,0.10226633244995273,True,1,nonnegative,4,1,3,0.9999669736383479,3.302636165214423e-05,0.9999669736383479,1.5077977309179522,0.5025992436393174,42238.4716426118,False,True,uniform,625,kg s-1,ng m-3,ng m-3 / (kg s-1),source_heterogeneity_les_rice_paddy_l250_cv0p5_s2_wind3_surface,0.10226633244995297
source_heterogeneity_les_rice_paddy_l250_cv0p5_s3_wind3_n4_point,250.0,0.5,3,4,point,exponential,40.0,25,25,1000000.0,0.0,0.0,0.027778,0.027778000000000004,0.0,0.024491462153277965,0.005746856675797012,-0.11831441596666553,0.11831441596666553,True,1,nonnegative,4,1,3,0.9999669736383479,3.302636165214423e-05,0.9999669736383479,2.9932140150308557,0.9977380050102852,42238.4716426118,False,True,uniform,625,kg s-1,ng m-3,ng m-3 / (kg s-1),source_heterogeneity_les_rice_paddy_l250_cv0p5_s3_wind3_surface,0.11831441596666564
source_heterogeneity_les_rice_paddy_l250_cv0p5_s4_wind3_n4_point,250.0,0.5,4,4,point,exponential,40.0,25,25,1000000.0,0.0,0.0,0.027778,0.027777999999999997,0.0,0.026425276878344343,0.005746856675797012,-0.048697642798461296,0.048697642798461296,True,1,nonnegative,4,1,3,0.9999669736383479,3.302636165214423e-05,0.9999669736383479,0.8645316818171128,0.28817722727237094,42238.4716426118,False,True,uniform,625,kg s-1,ng m-3,ng m-3 / (kg s-1),source_heterogeneity_les_rice_paddy_l250_cv0p5_s4_wind3_surface,0.04869764279846118
source_heterogeneity_les_rice_paddy_l250_cv0p5_s5_wind3_n4_point,250.0,0.5,5,4,point,exponential,40.0,25,25,1000000.0,0.0,0.0,0.027778,0.027778000000000004,0.0,0.02614103611764763,0.005746856675797012,-0.058930228322858734,0.058930228322858734,True,1,nonnegative,4,1,3,0.9999669736383479,3.302636165214423e-05,0.9999669736383479,5.61552773331094,1.8718425777703134,42238.4716426118,False,True,uniform,625,kg s-1,ng m-3,ng m-3 / (kg s-1),source_heterogeneity_les_rice_paddy_l250_cv0p5_s5_wind3_surface,0.05893022832285885
source_heterogeneity_les_rice_paddy_l250_cv0p5_s6_wind3_n4_point,250.0,0.5,6,4,point,exponential,40.0,25,25,1000000.0,0.0,0.0,0.027778,0.027777999999999997,0.0,0.0258954735961848,0.005746856675797012,-0.06777040837408017,0.06777040837408017,True,1,nonnegative,4,1,3,0.9999669736383479,3.302636165214423e-05,0.9999669736383479,1.5787702391856824,0.5262567463952275,42238.4716426118,False,True,uniform,625,kg s-1,ng m-3,ng m-3 / (kg s-1),source_heterogeneity_les_rice_paddy_l250_cv0p5_s6_wind3_surface,0.06777040837408005
source_heterogeneity_les_rice_paddy_l250_cv0p5_s7_wind3_n4_point,250.0,0.5,7,4,point,exponential,40.0,25,25,1000000.0,0.0,0.0,0.027778,0.027778000000000004,0.0,0.027937651722755637,0.005746856675797012,0.005747416039874607,0.005747416039874607,True,1,nonnegative,4,1,3,0.9999669736383479,3.302636165214423e-05,0.9999669736383479,3.118171566369863,1.0393905221232875,42238.4716426118,False,True,uniform,625,kg s-1,ng m-3,ng m-3 / (kg s-1),source_heterogeneity_les_rice_paddy_l250_cv0p5_s7_wind3_surface,0.005747416039874481
source_heterogeneity_les_rice_paddy_l500_cv0p5_s0_wind3_n4_point,500.0,0.5,0,4,point,exponential,40.0,25,25,1000000.0,0.0,0.0,0.027778,0.027778000000000004,0.0,0.02652432406468487,0.005746856675797012,-0.04513197261556376,0.04513197261556376,True,1,nonnegative,4,1,3,0.9999669736383479,3.302636165214423e-05,0.9999669736383479,4.2477127799190715,1.4159042599730238,42238.4716426118,False,True,uniform,625,kg s-1,ng m-3,ng m-3 / (kg s-1),source_heterogeneity_les_rice_paddy_l500_cv0p5_s0_wind3_surface,0.04513197261556388
source_heterogeneity_les_rice_paddy_l500_cv0p5_s1_wind3_n4_point,500.0,0.5,1,4,point,exponential,40.0,25,25,1000000.0,0.0,0.0,0.027778,0.027778,0.0,0.030205580430299975,0.005746856675797012,0.08739219635322827,0.08739219635322827,True,1,nonnegative,4,1,3,0.9999669736383479,3.302636165214423e-05,0.9999669736383479,2.93542670685503,0.9784755689516768,42238.4716426118,False,True,uniform,625,kg s-1,ng m-3,ng m-3 / (kg s-1),source_heterogeneity_les_rice_paddy_l500_cv0p5_s1_wind3_surface,0.08739219635322827
source_heterogeneity_les_rice_paddy_l500_cv0p5_s2_wind3_n4_point,500.0,0.5,2,4,point,exponential,40.0,25,25,1000000.0,0.0,0.0,0.027778,0.027777999999999997,0.0,0.030116474263731905,0.005746856675797012,0.08418440001914841,0.08418440001914841,True,1,nonnegative,4,1,3,0.9999669736383479,3.302636165214423e-05,0.9999669736383479,2.8231418361211564,0.9410472787070522,42238.4716426118,False,True,uniform,625,kg s-1,ng m-3,ng m-3 / (kg s-1),source_heterogeneity_les_rice_paddy_l500_cv0p5_s2_wind3_surface,0.08418440001914854
source_heterogeneity_les_rice_paddy_l500_cv0p5_s3_wind3_n4_point,500.0,0.5,3,4,point,exponential,40.0,25,25,1000000.0,0.0,0.0,0.027778,0.027778000000000004,0.0,0.026269111334455652,0.005746856675797012,-0.05431955740313733,0.05431955740313733,True,1,nonnegative,4,1,3,0.9999669736383479,3.302636165214423e-05,0.9999669736383479,0.3274229807073749,0.10914099356912497,42238.4716426118,False,True,uniform,625,kg s-1,ng m-3,ng m-3 / (kg s-1),source_heterogeneity_les_rice_paddy_l500_cv0p5_s3_wind3_surface,0.054319557403137445
source_heterogeneity_les_rice_paddy_l500_cv0p5_s4_wind3_n4_point,500.0,0.5,4,4,point,exponential,40.0,25,25,1000000.0,0.0,0.0,0.027778,0.027778,0.0,0.024842977723346336,0.005746856675797012,-0.10565995667987847,0.10565995667987847,True,1,nonnegative,4,1,3,0.9999669736383479,3.302636165214423e-05,0.9999669736383479,3.3559344804675706,1.1186448268225235,42238.4716426118,False,True,uniform,625,kg s-1,ng m-3,ng m-3 / (kg s-1),source_heterogeneity_les_rice_paddy_l500_cv0p5_s4_wind3_surface,0.10565995667987847
source_heterogeneity_les_rice_paddy_l500_cv0p5_s5_wind3_n4_point,500.0,0.5,5,4,point,exponential,40.0,25,25,1000000.0,0.0,0.0,0.027778,0.027777999999999997,0.0,0.02611797019352847,0.005746856675797012,-0.059760594948215576,0.059760594948215576,True,1,nonnegative,4,1,3,0.9999669736383479,3.302636165214423e-05,0.9999669736383479,4.0000894438333425,1.3333631479444474,42238.4716426118,False,True,uniform,625,kg s-1,ng m-3,ng m-3 / (kg s-1),source_heterogeneity_les_rice_paddy_l500_cv0p5_s5_wind3_surface,0.05976059494821546
source_heterogeneity_les_rice_paddy_l500_cv0p5_s6_wind3_n4_point,500.0,0.5,6,4,point,exponential,40.0,25,25,1000000.0,0.0,0.0,0.027778,0.027778000000000004,0.0,0.028700229464560585,0.005746856675797012,0.03319999512422005,0.03319999512422005,True,1,nonnegative,4,1,3,0.9999669736383479,3.302636165214423e-05,0.9999669736383479,6.842655866057657,2.280885288685886,42238.4716426118,False,True,uniform,625,kg s-1,ng m-3,ng m-3 / (kg s-1),source_heterogeneity_les_rice_paddy_l500_cv0p5_s6_wind3_surface,0.03319999512421992
source_heterogeneity_les_rice_paddy_l500_cv0p5_s7_wind3_n4_point,500.0,0.5,7,4,point,exponential,40.0,25,25,1000000.0,0.0,0.0,0.027778,0.027778,0.0,0.03262355160080415,0.005746856675797012,0.1744384621212524,0.1744384621212524,True,1,nonnegative,4,1,3,0.9999669736383479,3.302636165214423e-05,0.9999669736383479,2.54156047733442,0.84718682577814,42238.4716426118,False,True,uniform,625,kg s-1,ng m-3,ng m-3 / (kg s-1),source_heterogeneity_les_rice_paddy_l500_cv0p5_s7_wind3_surface,0.1744384621212524
source_heterogeneity_les_rice_paddy_l100_cv1p0_s0_wind3_n4_point,100.0,1.0,0,4,point,exponential,40.0,25,25,1000000.0,0.0,0.0,0.027778,0.027778000000000004,0.0,0.026529454364753263,0.005746856675797012,-0.044947283290616216,0.044947283290616216,True,1,nonnegative,4,1,3,0.9999669736383479,3.302636165214423e-05,0.9999669736383479,3.6845204911845,1.2281734970615001,42238.4716426118,False,True,uniform,625,kg s-1,ng m-3,ng m-3 / (kg s-1),source_heterogeneity_les_rice_paddy_l100_cv1p0_s0_wind3_surface,0.04494728329061634
source_heterogeneity_les_rice_paddy_l100_cv1p0_s1_wind3_n4_point,100.0,1.0,1,4,point,exponential,40.0,25,25,1000000.0,0.0,0.0,0.027778,0.027777999999999997,0.0,0.028387523983331657,0.005746856675797012,0.02194268785843676,0.02194268785843676,True,1,nonnegative,4,1,3,0.9999669736383479,3.302636165214423e-05,0.9999669736383479,1.9188934504805837,0.6396311501601946,42238.4716426118,False,True,uniform,625,kg s-1,ng m-3,ng m-3 / (kg s-1),source_heterogeneity_les_rice_paddy_l100_cv1p0_s1_wind3_surface,0.02194268785843689
source_heterogeneity_les_rice_paddy_l100_cv1p0_s2_wind3_n4_point,100.0,1.0,2,4,point,exponential,40.0,25,25,1000000.0,0.0,0.0,0.027778,0.027778000000000004,0.0,0.02395232291312732,0.005746856675797012,-0.13772327334122983,0.13772327334122983,True,1,nonnegative,4,1,3,0.9999669736383479,3.302636165214423e-05,0.9999669736383479,0.9176194924597568,0.3058731641532523,42238.4716426118,False,True,uniform,625,kg s-1,ng m-3,ng m-3 / (kg s-1),source_heterogeneity_les_rice_paddy_l100_cv1p0_s2_wind3_surface,0.13772327334122994
source_heterogeneity_les_rice_paddy_l100_cv1p0_s3_wind3_n4_point,100.0,1.0,3,4,point,exponential,40.0,25,25,1000000.0,0.0,0.0,0.027778,0.027778000000000004,0.0,0.024358831683713614,0.005746856675797012,-0.12308907467371251,0.12308907467371251,True,1,nonnegative,4,1,3,0.9999669736383479,3.302636165214423e-05,0.9999669736383479,2.866647861441197,0.9555492871470657,42238.4716426118,False,True,uniform,625,kg s-1,ng m-3,ng m-3 / (kg s-1),source_heterogeneity_les_rice_paddy_l100_cv1p0_s3_wind3_surface,0.12308907467371262
source_heterogeneity_les_rice_paddy_l100_cv1p0_s4_wind3_n4_point,100.0,1.0,4,4,point,exponential,40.0,25,25,1000000.0,0.0,0.0,0.027778,0.027778,0.0,0.0272510501733611,0.005746856675797012,-0.01897004199866448,0.01897004199866448,True,1,nonnegative,4,1,3,0.9999669736383479,3.302636165214423e-05,0.9999669736383479,0.4783997754612133,0.15946659182040443,42238.4716426118,False,True,uniform,625,kg s-1,ng m-3,ng m-3 / (kg s-1),source_heterogeneity_les_rice_paddy_l100_cv1p0_s4_wind3_surface,0.01897004199866448
source_heterogeneity_les_rice_paddy_l100_cv1p0_s5_wind3_n4_point,100.0,1.0,5,4,point,exponential,40.0,25,25,1000000.0,0.0,0.0,0.027778,0.027777999999999997,0.0,0.023956740246742977,0.005746856675797012,-0.137564250603248,0.137564250603248,True,1,nonnegative,4,1,3,0.9999669736383479,3.302636165214423e-05,0.9999669736383479,5.242132698577855,1.7473775661926183,42238.4716426118,False,True,uniform,625,kg s-1,ng m-3,ng m-3 / (kg s-1),source_heterogeneity_les_rice_paddy_l100_cv1p0_s5_wind3_surface,0.1375642506032479
source_heterogeneity_les_rice_paddy_l100_cv1p0_s6_wind3_n4_point,100.0,1.0,6,4,point,exponential,40.0,25,25,1000000.0,0.0,0.0,0.027778,0.027778000000000004,0.0,0.024818662217868083,0.005746856675797012,-0.10653530787428604,0.10653530787428604,True,1,nonnegative,4,1,3,0.9999669736383479,3.302636165214423e-05,0.9999669736383479,1.8848047518759923,0.6282682506253308,42238.4716426118,False,True,uniform,625,kg s-1,ng m-3,ng m-3 / (kg s-1),source_heterogeneity_les_rice_paddy_l100_cv1p0_s6_wind3_surface,0.10653530787428615
source_heterogeneity_les_rice_paddy_l100_cv1p0_s7_wind3_n4_point,100.0,1.0,7,4,point,exponential,40.0,25,25,1000000.0,0.0,0.0,0.027778,0.027778,0.0,0.02803631448349063,0.005746856675797012,0.009299247011686534,0.009299247011686534,True,1,nonnegative,4,1,3,0.9999669736383479,3.302636165214423e-05,0.9999669736383479,5.246156183010844,1.7487187276702814,42238.4716426118,False,True,uniform,625,kg s-1,ng m-3,ng m-3 / (kg s-1),source_heterogeneity_les_rice_paddy_l100_cv1p0_s7_wind3_surface,0.009299247011686534
source_heterogeneity_les_rice_paddy_l250_cv1p0_s0_wind3_n4_point,250.0,1.0,0,4,point,exponential,40.0,25,25,1000000.0,0.0,0.0,0.027778,0.027778000000000004,0.0,0.026427776717934857,0.005746856675797012,-0.048607649293150805,0.048607649293150805,True,1,nonnegative,4,1,3,0.9999669736383479,3.302636165214423e-05,0.9999669736383479,3.7780813410971255,1.2593604470323752,42238.4716426118,False,True,uniform,625,kg s-1,ng m-3,ng m-3 / (kg s-1),source_heterogeneity_les_rice_paddy_l250_cv1p0_s0_wind3_surface,0.04860764929315093
source_heterogeneity_les_rice_paddy_l250_cv1p0_s1_wind3_n4_point,250.0,1.0,1,4,point,exponential,40.0,25,25,1000000.0,0.0,0.0,0.027778,0.027778000000000004,0.0,0.028726351935449566,0.005746856675797012,0.03414039655301192,0.03414039655301192,True,1,nonnegative,4,1,3,0.9999669736383479,3.302636165214423e-05,0.9999669736383479,1.1461616804159431,0.38205389347198104,42238.4716426118,False,True,uniform,625,kg s-1,ng m-3,ng m-3 / (kg s-1),source_heterogeneity_les_rice_paddy_l250_cv1p0_s1_wind3_surface,0.03414039655301179
source_heterogeneity_les_rice_paddy_l250_cv1p0_s2_wind3_n4_point,250.0,1.0,2,4,point,exponential,40.0,25,25,1000000.0,0.0,0.0,0.027778,0.027778000000000004,0.0,0.023343684753571826,0.005746856675797012,-0.15963407179883987,0.15963407179883987,True,1,nonnegative,4,1,3,0.9999669736383479,3.302636165214423e-05,0.9999669736383479,0.9487545286066353,0.3162515095355451,42238.4716426118,False,True,uniform,625,kg s-1,ng m-3,ng m-3 / (kg s-1),source_heterogeneity_les_rice_paddy_l250_cv1p0_s2_wind3_surface,0.15963407179883998
source_heterogeneity_les_rice_paddy_l250_cv1p0_s3_wind3_n4_point,250.0,1.0,3,4,point,exponential,40.0,25,25,1000000.0,0.0,0.0,0.027778,0.027777999999999997,0.0,0.02262383779185051,0.005746856675797012,-0.18554835510654083,0.18554835510654083,True,1,nonnegative,4,1,3,0.9999669736383479,3.302636165214423e-05,0.9999669736383479,4.034811596073166,1.3449371986910554,42238.4716426118,False,True,uniform,625,kg s-1,ng m-3,ng m-3 / (kg s-1),source_heterogeneity_les_rice_paddy_l250_cv1p0_s3_wind3_surface,0.18554835510654072
source_heterogeneity_les_rice_paddy_l250_cv1p0_s4_wind3_n4_point,250.0,1.0,4,4,point,exponential,40.0,25,25,1000000.0,0.0,0.0,0.027778,0.027778000000000004,0.0,0.026027935007899884,0.005746856675797012,-0.06300183570091858,0.06300183570091858,True,1,nonnegative,4,1,3,0.9999669736383479,3.302636165214423e-05,0.9999669736383479,0.4273123105885856,0.14243743686286187,42238.4716426118,False,True,uniform,625,kg s-1,ng m-3,ng m-3 / (kg s-1),source_heterogeneity_les_rice_paddy_l250_cv1p0_s4_wind3_surface,0.0630018357009187
source_heterogeneity_les_rice_paddy_l250_cv1p0_s5_wind3_n4_point,250.0,1.0,5,4,point,exponential,40.0,25,25,1000000.0,0.0,0.0,0.027778,0.027777999999999997,0.0,0.023648880692222457,0.005746856675797012,-0.14864710590314434,0.14864710590314434,True,1,nonnegative,4,1,3,0.9999669736383479,3.302636165214423e-05,0.9999669736383479,8.348558698694736,2.782852899564912,42238.4716426118,False,True,uniform,625,kg s-1,ng m-3,ng m-3 / (kg s-1),source_heterogeneity_les_rice_paddy_l250_cv1p0_s5_wind3_surface,0.14864710590314423
source_heterogeneity_les_rice_paddy_l250_cv1p0_s6_wind3_n4_point,250.0,1.0,6,4,point,exponential,40.0,25,25,1000000.0,0.0,0.0,0.027778,0.027777999999999997,0.0,0.024933918091817026,0.005746856675797012,-0.10238612960555026,0.10238612960555026,True,1,nonnegative,4,1,3,0.9999669736383479,3.302636165214423e-05,0.9999669736383479,1.5249308312855017,0.5083102770951672,42238.4716426118,False,True,uniform,625,kg s-1,ng m-3,ng m-3 / (kg s-1),source_heterogeneity_les_rice_paddy_l250_cv1p0_s6_wind3_surface,0.10238612960555014
source_heterogeneity_les_rice_paddy_l250_cv1p0_s7_wind3_n4_point,250.0,1.0,7,4,point,exponential,40.0,25,25,1000000.0,0.0,0.0,0.027778,0.027777999999999997,0.0,0.02839702882295024,0.005746856675797012,0.022284859347333853,0.022284859347333853,True,1,nonnegative,4,1,3,0.9999669736383479,3.302636165214423e-05,0.9999669736383479,4.362470920422574,1.4541569734741913,42238.4716426118,False,True,uniform,625,kg s-1,ng m-3,ng m-3 / (kg s-1),source_heterogeneity_les_rice_paddy_l250_cv1p0_s7_wind3_surface,0.02228485934733398
source_heterogeneity_les_rice_paddy_l500_cv1p0_s0_wind3_n4_point,500.0,1.0,0,4,point,exponential,40.0,25,25,1000000.0,0.0,0.0,0.027778,0.027777999999999997,0.0,0.025155967663231048,0.005746856675797012,-0.09439240898441043,0.09439240898441043,True,1,nonnegative,4,1,3,0.9999669736383479,3.302636165214423e-05,0.9999669736383479,6.010083718393344,2.0033612394644478,42238.4716426118,False,True,uniform,625,kg s-1,ng m-3,ng m-3 / (kg s-1),source_heterogeneity_les_rice_paddy_l500_cv1p0_s0_wind3_surface,0.09439240898441031
source_heterogeneity_les_rice_paddy_l500_cv1p0_s1_wind3_n4_point,500.0,1.0,1,4,point,exponential,40.0,25,25,1000000.0,0.0,0.0,0.027778,0.027778000000000004,0.0,0.03255042151497456,0.005746856675797012,0.17180580009268337,0.17180580009268337,True,1,nonnegative,4,1,3,0.9999669736383479,3.302636165214423e-05,0.9999669736383479,3.913530714318628,1.3045102381062093,42238.4716426118,False,True,uniform,625,kg s-1,ng m-3,ng m-3 / (kg s-1),source_heterogeneity_les_rice_paddy_l500_cv1p0_s1_wind3_surface,0.1718058000926832
source_heterogeneity_les_rice_paddy_l500_cv1p0_s2_wind3_n4_point,500.0,1.0,2,4,point,exponential,40.0,25,25,1000000.0,0.0,0.0,0.027778,0.027777999999999997,0.0,0.032245832002425354,0.005746856675797012,0.16084066536198982,0.16084066536198982,True,1,nonnegative,4,1,3,0.9999669736383479,3.302636165214423e-05,0.9999669736383479,3.5137576851077292,1.1712525617025764,42238.4716426118,False,True,uniform,625,kg s-1,ng m-3,ng m-3 / (kg s-1),source_heterogeneity_les_rice_paddy_l500_cv1p0_s2_wind3_surface,0.16084066536198996
source_heterogeneity_les_rice_paddy_l500_cv1p0_s3_wind3_n4_point,500.0,1.0,3,4,point,exponential,40.0,25,25,1000000.0,0.0,0.0,0.027778,0.027777999999999997,0.0,0.025553623693751575,0.005746856675797012,-0.08007690640969206,0.08007690640969206,True,1,nonnegative,4,1,3,0.9999669736383479,3.302636165214423e-05,0.9999669736383479,0.08089035563413312,0.026963451878044373,42238.4716426118,False,True,uniform,625,kg s-1,ng m-3,ng m-3 / (kg s-1),source_heterogeneity_les_rice_paddy_l500_cv1p0_s3_wind3_surface,0.08007690640969195
source_heterogeneity_les_rice_paddy_l500_cv1p0_s4_wind3_n4_point,500.0,1.0,4,4,point,exponential,40.0,25,25,1000000.0,0.0,0.0,0.027778,0.027778000000000004,0.0,0.022687583047679698,0.005746856675797012,-0.18325354425517687,0.18325354425517687,True,1,nonnegative,4,1,3,0.9999669736383479,3.302636165214423e-05,0.9999669736383479,4.223258648268448,1.4077528827561494,42238.4716426118,False,True,uniform,625,kg s-1,ng m-3,ng m-3 / (kg s-1),source_heterogeneity_les_rice_paddy_l500_cv1p0_s4_wind3_surface,0.18325354425517695
source_heterogeneity_les_rice_paddy_l500_cv1p0_s5_wind3_n4_point,500.0,1.0,5,4,point,exponential,40.0,25,25,1000000.0,0.0,0.0,0.027778,0.027778,0.0,0.025013364105124787,0.005746856675797012,-0.09952609600673963,0.09952609600673963,True,1,nonnegative,4,1,3,0.9999669736383479,3.302636165214423e-05,0.9999669736383479,4.9497400618327445,1.649913353944248,42238.4716426118,False,True,uniform,625,kg s-1,ng m-3,ng m-3 / (kg s-1),source_heterogeneity_les_rice_paddy_l500_cv1p0_s5_wind3_surface,0.09952609600673963
source_heterogeneity_les_rice_paddy_l500_cv1p0_s6_wind3_n4_point,500.0,1.0,6,4,point,exponential,40.0,25,25,1000000.0,0.0,0.0,0.027778,0.027778000000000004,0.0,0.029184714437502136,0.005746856675797012,0.0506413146195599,0.0506413146195599,True,1,nonnegative,4,1,3,0.9999669736383479,3.302636165214423e-05,0.9999669736383479,10.727627602728877,3.575875867576292,42238.4716426118,False,True,uniform,625,kg s-1,ng m-3,ng m-3 / (kg s-1),source_heterogeneity_les_rice_paddy_l500_cv1p0_s6_wind3_surface,0.05064131461955977
source_heterogeneity_les_rice_paddy_l500_cv1p0_s7_wind3_n4_point,500.0,1.0,7,4,point,exponential,40.0,25,25,1000000.0,0.0,0.0,0.027778,0.027777999999999997,0.0,0.03694007233220715,0.005746856675797012,0.3298319653037349,0.3298319653037349,True,1,nonnegative,4,1,3,0.9999669736383479,3.302636165214423e-05,0.9999669736383479,2.797464345348776,0.9324881151162586,42238.4716426118,False,True,uniform,625,kg s-1,ng m-3,ng m-3 / (kg s-1),source_heterogeneity_les_rice_paddy_l500_cv1p0_s7_wind3_surface,0.32983196530373504
source_heterogeneity_les_rice_paddy_l100_cv2p0_s0_wind3_n4_point,100.0,2.0,0,4,point,exponential,40.0,25,25,1000000.0,0.0,0.0,0.027778,0.027778,0.0,0.02501241810759668,0.005746856675797012,-0.09956015164530639,0.09956015164530639,True,1,nonnegative,4,1,3,0.9999669736383479,3.302636165214423e-05,0.9999669736383479,3.892111016155374,1.2973703387184579,42238.4716426118,False,True,uniform,625,kg s-1,ng m-3,ng m-3 / (kg s-1),source_heterogeneity_les_rice_paddy_l100_cv2p0_s0_wind3_surface,0.09956015164530639
source_heterogeneity_les_rice_paddy_l100_cv2p0_s1_wind3_n4_point,100.0,2.0,1,4,point,exponential,40.0,25,25,1000000.0,0.0,0.0,0.027778,0.027778000000000004,0.0,0.028593069729611523,0.005746856675797012,0.029342275527810574,0.029342275527810574,True,1,nonnegative,4,1,3,0.9999669736383479,3.302636165214423e-05,0.9999669736383479,1.5918881840548735,0.5306293946849578,42238.4716426118,False,True,uniform,625,kg s-1,ng m-3,ng m-3 / (kg s-1),source_heterogeneity_les_rice_paddy_l100_cv2p0_s1_wind3_surface,0.029342275527810446
source_heterogeneity_les_rice_paddy_l100_cv2p0_s2_wind3_n4_point,100.0,2.0,2,4,point,exponential,40.0,25,25,1000000.0,0.0,0.0,0.027778,0.027777999999999997,0.0,0.02221931658602076,0.005746856675797012,-0.20011100201523657,0.20011100201523657,True,1,nonnegative,4,1,3,0.9999669736383479,3.302636165214423e-05,0.9999669736383479,0.5606172860313567,0.18687242867711892,42238.4716426118,False,True,uniform,625,kg s-1,ng m-3,ng m-3 / (kg s-1),source_heterogeneity_les_rice_paddy_l100_cv2p0_s2_wind3_surface,0.20011100201523646
source_heterogeneity_les_rice_paddy_l100_cv2p0_s3_wind3_n4_point,100.0,2.0,3,4,point,exponential,40.0,25,25,1000000.0,0.0,0.0,0.027778,0.027777999999999997,0.0,0.0231275442962541,0.005746856675797012,-0.16741506601432427,0.16741506601432427,True,1,nonnegative,4,1,3,0.9999669736383479,3.302636165214423e-05,0.9999669736383479,3.547140252195604,1.1823800840652015,42238.4716426118,False,True,uniform,625,kg s-1,ng m-3,ng m-3 / (kg s-1),source_heterogeneity_les_rice_paddy_l100_cv2p0_s3_wind3_surface,0.16741506601432415
source_heterogeneity_les_rice_paddy_l100_cv2p0_s4_wind3_n4_point,100.0,2.0,4,4,point,exponential,40.0,25,25,1000000.0,0.0,0.0,0.027778,0.027778000000000004,0.0,0.028347637347668958,0.005746856675797012,0.02050678046183877,0.02050678046183877,True,1,nonnegative,4,1,3,0.9999669736383479,3.302636165214423e-05,0.9999669736383479,0.9941729459778017,0.3313909819926006,42238.4716426118,False,True,uniform,625,kg s-1,ng m-3,ng m-3 / (kg s-1),source_heterogeneity_les_rice_paddy_l100_cv2p0_s4_wind3_surface,0.020506780461838646
source_heterogeneity_les_rice_paddy_l100_cv2p0_s5_wind3_n4_point,100.0,2.0,5,4,point,exponential,40.0,25,25,1000000.0,0.0,0.0,0.027778,0.027778000000000004,0.0,0.01888258469662121,0.005746856675797012,-0.320232389062524,0.320232389062524,True,1,nonnegative,4,1,3,0.9999669736383479,3.302636165214423e-05,0.9999669736383479,5.727591218869798,1.9091970729565995,42238.4716426118,False,True,uniform,625,kg s-1,ng m-3,ng m-3 / (kg s-1),source_heterogeneity_les_rice_paddy_l100_cv2p0_s5_wind3_surface,0.32023238906252405
source_heterogeneity_les_rice_paddy_l100_cv2p0_s6_wind3_n4_point,100.0,2.0,6,4,point,exponential,40.0,25,25,1000000.0,0.0,0.0,0.027778,0.027777999999999997,0.0,0.024086106675908193,0.005746856675797012,-0.13290709641053378,0.13290709641053378,True,1,nonnegative,4,1,3,0.9999669736383479,3.302636165214423e-05,0.9999669736383479,2.1254877478988163,0.7084959159662721,42238.4716426118,False,True,uniform,625,kg s-1,ng m-3,ng m-3 / (kg s-1),source_heterogeneity_les_rice_paddy_l100_cv2p0_s6_wind3_surface,0.13290709641053366
source_heterogeneity_les_rice_paddy_l100_cv2p0_s7_wind3_n4_point,100.0,2.0,7,4,point,exponential,40.0,25,25,1000000.0,0.0,0.0,0.027778,0.027778000000000004,0.0,0.02911960703063013,0.005746856675797012,0.04829746672295084,0.04829746672295084,True,1,nonnegative,4,1,3,0.9999669736383479,3.302636165214423e-05,0.9999669736383479,9.613499537866272,3.2044998459554237,42238.4716426118,False,True,uniform,625,kg s-1,ng m-3,ng m-3 / (kg s-1),source_heterogeneity_les_rice_paddy_l100_cv2p0_s7_wind3_surface,0.04829746672295071
source_heterogeneity_les_rice_paddy_l250_cv2p0_s0_wind3_n4_point,250.0,2.0,0,4,point,exponential,40.0,25,25,1000000.0,0.0,0.0,0.027778,0.027778000000000004,0.0,0.024513831420441824,0.005746856675797012,-0.11750912879106404,0.11750912879106404,True,1,nonnegative,4,1,3,0.9999669736383479,3.302636165214423e-05,0.9999669736383479,3.6217781663449227,1.207259388781641,42238.4716426118,False,True,uniform,625,kg s-1,ng m-3,ng m-3 / (kg s-1),source_heterogeneity_les_rice_paddy_l250_cv2p0_s0_wind3_surface,0.11750912879106415
source_heterogeneity_les_rice_paddy_l250_cv2p0_s1_wind3_n4_point,250.0,2.0,1,4,point,exponential,40.0,25,25,1000000.0,0.0,0.0,0.027778,0.027778,0.0,0.02924158587452546,0.005746856675797012,0.05268866997355673,0.05268866997355673,True,1,nonnegative,4,1,3,0.9999669736383479,3.302636165214423e-05,0.9999669736383479,0.6671380335588951,0.2223793445196317,42238.4716426118,False,True,uniform,625,kg s-1,ng m-3,ng m-3 / (kg s-1),source_heterogeneity_les_rice_paddy_l250_cv2p0_s1_wind3_surface,0.05268866997355673
source_heterogeneity_les_rice_paddy_l250_cv2p0_s2_wind3_n4_point,250.0,2.0,2,4,point,exponential,40.0,25,25,1000000.0,0.0,0.0,0.027778,0.027778000000000004,0.0,0.021858098565288364,0.005746856675797012,-0.21311474673164504,0.21311474673164504,True,1,nonnegative,4,1,3,0.9999669736383479,3.302636165214423e-05,0.9999669736383479,0.7039707745660605,0.2346569248553535,42238.4716426118,False,True,uniform,625,kg s-1,ng m-3,ng m-3 / (kg s-1),source_heterogeneity_les_rice_paddy_l250_cv2p0_s2_wind3_surface,0.21311474673164515
source_heterogeneity_les_rice_paddy_l250_cv2p0_s3_wind3_n4_point,250.0,2.0,3,4,point,exponential,40.0,25,25,1000000.0,0.0,0.0,0.027778,0.027778000000000004,0.0,0.020698008352114376,0.005746856675797012,-0.25487766030260006,0.25487766030260006,True,1,nonnegative,4,1,3,0.9999669736383479,3.302636165214423e-05,0.9999669736383479,5.628625921919433,1.8762086406398109,42238.4716426118,False,True,uniform,625,kg s-1,ng m-3,ng m-3 / (kg s-1),source_heterogeneity_les_rice_paddy_l250_cv2p0_s3_wind3_surface,0.2548776603026001
source_heterogeneity_les_rice_paddy_l250_cv2p0_s4_wind3_n4_point,250.0,2.0,4,4,point,exponential,40.0,25,25,1000000.0,0.0,0.0,0.027778,0.027778000000000004,0.0,0.026001559197346053,0.005746856675797012,-0.06395135728468383,0.06395135728468383,True,1,nonnegative,4,1,3,0.9999669736383479,3.302636165214423e-05,0.9999669736383479,0.44179943534659116,0.14726647844886373,42238.4716426118,False,True,uniform,625,kg s-1,ng m-3,ng m-3 / (kg s-1),source_heterogeneity_les_rice_paddy_l250_cv2p0_s4_wind3_surface,0.06395135728468394
source_heterogeneity_les_rice_paddy_l250_cv2p0_s5_wind3_n4_point,250.0,2.0,5,4,point,exponential,40.0,25,25,1000000.0,0.0,0.0,0.027778,0.027778,0.0,0.01868853403043539,0.005746856675797012,-0.3272181571590687,0.3272181571590687,True,1,nonnegative,4,1,3,0.9999669736383479,3.302636165214423e-05,0.9999669736383479,9.778779172367216,3.2595930574557386,42238.4716426118,False,True,uniform,625,kg s-1,ng m-3,ng m-3 / (kg s-1),source_heterogeneity_les_rice_paddy_l250_cv2p0_s5_wind3_surface,0.3272181571590687
source_heterogeneity_les_rice_paddy_l250_cv2p0_s6_wind3_n4_point,250.0,2.0,6,4,point,exponential,40.0,25,25,1000000.0,0.0,0.0,0.027778,0.027778,0.0,0.024106515277310947,0.005746856675797012,-0.13217239263766484,0.13217239263766484,True,1,nonnegative,4,1,3,0.9999669736383479,3.302636165214423e-05,0.9999669736383479,1.7583963894752999,0.5861321298251,42238.4716426118,False,True,uniform,625,kg s-1,ng m-3,ng m-3 / (kg s-1),source_heterogeneity_les_rice_paddy_l250_cv2p0_s6_wind3_surface,0.13217239263766484
source_heterogeneity_les_rice_paddy_l250_cv2p0_s7_wind3_n4_point,250.0,2.0,7,4,point,exponential,40.0,25,25,1000000.0,0.0,0.0,0.027778,0.027778000000000004,0.0,0.029090858091360954,0.005746856675797012,0.04726251318888882,0.04726251318888882,True,1,nonnegative,4,1,3,0.9999669736383479,3.302636165214423e-05,0.9999669736383479,7.1554018325369455,2.385133944178982,42238.4716426118,False,True,uniform,625,kg s-1,ng m-3,ng m-3 / (kg s-1),source_heterogeneity_les_rice_paddy_l250_cv2p0_s7_wind3_surface,0.04726251318888869
source_heterogeneity_les_rice_paddy_l500_cv2p0_s0_wind3_n4_point,500.0,2.0,0,4,point,exponential,40.0,25,25,1000000.0,0.0,0.0,0.027778,0.027777999999999994,0.0,0.023005057686438114,0.005746856675797012,-0.17182454869183839,0.17182454869183839,True,1,nonnegative,4,1,3,0.9999669736383479,3.302636165214423e-05,0.9999669736383479,8.070867610981932,2.690289203660644,42238.4716426118,False,True,uniform,625,kg s-1,ng m-3,ng m-3 / (kg s-1),source_heterogeneity_les_rice_paddy_l500_cv2p0_s0_wind3_surface,0.1718245486918382
source_heterogeneity_les_rice_paddy_l500_cv2p0_s1_wind3_n4_point,500.0,2.0,1,4,point,exponential,40.0,25,25,1000000.0,0.0,0.0,0.027778,0.027777999999999997,0.0,0.03545198891845698,0.005746856675797012,0.2762613909733235,0.2762613909733235,True,1,nonnegative,4,1,3,0.9999669736383479,3.302636165214423e-05,0.9999669736383479,5.824356237605345,1.9414520792017818,42238.4716426118,False,True,uniform,625,kg s-1,ng m-3,ng m-3 / (kg s-1),source_heterogeneity_les_rice_paddy_l500_cv2p0_s1_wind3_surface,0.27626139097332364
source_heterogeneity_les_rice_paddy_l500_cv2p0_s2_wind3_n4_point,500.0,2.0,2,4,point,exponential,40.0,25,25,1000000.0,0.0,0.0,0.027778,0.027778000000000004,0.0,0.034762183652445044,0.005746856675797012,0.2514286000592211,0.2514286000592211,True,1,nonnegative,4,1,3,0.9999669736383479,3.302636165214423e-05,0.9999669736383479,4.8343271783963155,1.6114423927987718,42238.4716426118,False,True,uniform,625,kg s-1,ng m-3,ng m-3 / (kg s-1),source_heterogeneity_les_rice_paddy_l500_cv2p0_s2_wind3_surface,0.25142860005922096
source_heterogeneity_les_rice_paddy_l500_cv2p0_s3_wind3_n4_point,500.0,2.0,3,4,point,exponential,40.0,25,25,1000000.0,0.0,0.0,0.027778,0.027778000000000004,0.0,0.024857284597852105,0.005746856675797012,-0.1051449133180177,0.1051449133180177,True,1,nonnegative,4,1,3,0.9999669736383479,3.302636165214423e-05,0.9999669736383479,0.6187275299199698,0.20624250997332327,42238.4716426118,False,True,uniform,625,kg s-1,ng m-3,ng m-3 / (kg s-1),source_heterogeneity_les_rice_paddy_l500_cv2p0_s3_wind3_surface,0.10514491331801781
source_heterogeneity_les_rice_paddy_l500_cv2p0_s4_wind3_n4_point,500.0,2.0,4,4,point,exponential,40.0,25,25,1000000.0,0.0,0.0,0.027778,0.027777999999999997,0.0,0.020127174870667647,0.005746856675797012,-0.27542750123595483,0.27542750123595483,True,1,nonnegative,4,1,3,0.9999669736383479,3.302636165214423e-05,0.9999669736383479,5.351420107521128,1.7838067025070428,42238.4716426118,False,True,uniform,625,kg s-1,ng m-3,ng m-3 / (kg s-1),source_heterogeneity_les_rice_paddy_l500_cv2p0_s4_wind3_surface,0.2754275012359548
source_heterogeneity_les_rice_paddy_l500_cv2p0_s5_wind3_n4_point,500.0,2.0,5,4,point,exponential,40.0,25,25,1000000.0,0.0,0.0,0.027778,0.027778000000000004,0.0,0.02359366862494301,0.005746856675797012,-0.15063472442425632,0.15063472442425632,True,1,nonnegative,4,1,3,0.9999669736383479,3.302636165214423e-05,0.9999669736383479,5.565562575437846,1.8551875251459486,42238.4716426118,False,True,uniform,625,kg s-1,ng m-3,ng m-3 / (kg s-1),source_heterogeneity_les_rice_paddy_l500_cv2p0_s5_wind3_surface,0.1506347244242564
source_heterogeneity_les_rice_paddy_l500_cv2p0_s6_wind3_n4_point,500.0,2.0,6,4,point,exponential,40.0,25,25,1000000.0,0.0,0.0,0.027778,0.027777999999999994,0.0,0.029303431514496443,0.005746856675797012,0.05491509520111033,0.05491509520111033,True,1,nonnegative,4,1,3,0.9999669736383479,3.302636165214423e-05,0.9999669736383479,14.91617159326528,4.972057197755094,42238.4716426118,False,True,uniform,625,kg s-1,ng m-3,ng m-3 / (kg s-1),source_heterogeneity_les_rice_paddy_l500_cv2p0_s6_wind3_surface,0.05491509520111059
source_heterogeneity_les_rice_paddy_l500_cv2p0_s7_wind3_n4_point,500.0,2.0,7,4,point,exponential,40.0,25,25,1000000.0,0.0,0.0,0.027778,0.027778,0.0,0.04228870983198038,0.005746856675797012,0.5223813749002945,0.5223813749002945,True,1,nonnegative,4,1,3,0.9999669736383479,3.302636165214423e-05,0.9999669736383479,3.238961738805399,1.079653912935133,42238.4716426118,False,True,uniform,625,kg s-1,ng m-3,ng m-3 / (kg s-1),source_heterogeneity_les_rice_paddy_l500_cv2p0_s7_wind3_surface,0.5223813749002945
